
================================================================================
Caza batch started 2026-08-25T12:47:24
================================================================================
input directory: /home/youjia/mariposa/data/verita_bad
queries: 73
retained debugger cache: /home/youjia/mariposa/dbg
early stopping: True
skip filter: False
fast proof: True
ranked ordering: time
all ranks: False
set seed: 0x87654321

================================================================================
[1/73] Caza query started 2026-08-25T12:47:24
query: /home/youjia/mariposa/data/verita_bad/anvil__vdeployment_controller__proof__helper_invariants__proof.1.smt2
command: /usr/bin/python3 -u /home/youjia/mariposa/src/caza_wizard.py --set-seed 0x87654321 --early --fast-proof --sort time /home/youjia/mariposa/data/verita_bad/anvil__vdeployment_controller__proof__helper_invariants__proof.1.smt2
================================================================================
Parsing...
Checking whether the input query is already stable
[92m[INFO] removing gen/sproj_single_5913720db1 [0m
[92m[INFO] using 60s solver timeout (capped by analyzer 60sec) [0m
[94m[DEBUG] created table single_5913720db1_base_z3_z3_4_16_0_exp [0m
[92m[INFO] running 1 original queries [0m
[94m[DEBUG] running ALL of single_5913720db1.base.z3 [0m
[94m[DEBUG] adding 181 tasks [0m
[94m[DEBUG] finished: 1/181, elapsed: 0.0 hours, estimated: 08-25 12:47 [0m
[94m[DEBUG] finished: 4/181, elapsed: 0.02 hours, estimated: 08-25 13:41 [0m
[92m[INFO] criteria: vanilla=unsat@16.434s; groups: shuffle=[unsat@13.175s, unsat@14.696s, unsat@46.138s, timeout@60.000s, timeout@60.000s, timeout@60.000s, timeout@60.000s] (53 mutant result(s) pending); rename=[] (60 mutant result(s) pending); reseed=[] (60 mutant result(s) pending); possible final categories=[unsolvable, unstable] [0m
[92m[INFO] early decision: gen/sproj_single_5913720db1/anvil__vdeployment_controller__proof__helper_invariants__proof.1.smt2 -> not_stable; skipping 167 queued tasks [0m
[94m[DEBUG] finished: 9/14, elapsed: 0.02 hours, estimated: 08-25 12:49 [0m
[94m[DEBUG] finished: 11/14, elapsed: 0.02 hours, estimated: 08-25 12:49 [0m
[94m[DEBUG] finished: 12/14, elapsed: 0.03 hours, estimated: 08-25 12:49 [0m
=== stable (0) ===
Starting Cazamariposas
[92m[INFO] [init] loaded cached artifacts: traces=5, cores=4, proofs=4 [0m
[92m[INFO] [init] cached-proofs-only: skipping trace, core, and proof construction [0m
[92m[INFO] [init] dbg root: dbg/5913720db1/ [0m
[92m[INFO] [init] 5913720db1 auto selected DbgMode.TIMEOUT [0m
[94m[DEBUG] [strainer] dir not found: data/projs/timeout_5913720db1/base.z3 [0m
Found failure trace and proof object
[92m[INFO] [graph] found dbg/5913720db1/graphs/reseed.5937257372788757464.txt [0m
[92m[INFO] [stats] found dbg/5913720db1/stats/reseed.5937257372788757464.txt [0m
[94m[DEBUG] [edit] proof path: dbg/5913720db1/proofs/rename.191134073603777486.proof [0m
[94m[DEBUG] [edit] trace path: dbg/5913720db1/traces/reseed.5937257372788757464 [0m
0eaab51de4237b92fff6500cfad458b4.pickle
[93m[WARN] [differ] qid unknown_469 not found in dbg/5913720db1/orig.smt2 [0m
[93m[WARN] [differ] qid unknown_492 not found in dbg/5913720db1/orig.smt2 [0m
[93m[WARN] [differ] qid unknown_653 not found in dbg/5913720db1/orig.smt2 [0m
[93m[WARN] [differ] qid unknown_668 not found in dbg/5913720db1/orig.smt2 [0m
[93m[WARN] [differ] qid unknown_644 not found in dbg/5913720db1/orig.smt2 [0m
[93m[WARN] [differ] qid unknown_173 not found in dbg/5913720db1/orig.smt2 [0m
[93m[WARN] [differ] qid unknown_481 not found in dbg/5913720db1/orig.smt2 [0m
[93m[WARN] [differ] qid unknown_658 not found in dbg/5913720db1/orig.smt2 [0m
[93m[WARN] [differ] qid unknown_723 not found in dbg/5913720db1/orig.smt2 [0m
[93m[WARN] [differ] qid unknown_404 not found in dbg/5913720db1/orig.smt2 [0m
[93m[WARN] [differ] qid unknown_202 not found in dbg/5913720db1/orig.smt2 [0m
[93m[WARN] [differ] qid unknown_249 not found in dbg/5913720db1/orig.smt2 [0m
[93m[WARN] [differ] qid unknown_457 not found in dbg/5913720db1/orig.smt2 [0m
[93m[WARN] [differ] qid unknown_821 not found in dbg/5913720db1/orig.smt2 [0m
[93m[WARN] [differ] qid unknown_833 not found in dbg/5913720db1/orig.smt2 [0m
[93m[WARN] [differ] qid unknown_422 not found in dbg/5913720db1/orig.smt2 [0m
[93m[WARN] [differ] qid unknown_438 not found in dbg/5913720db1/orig.smt2 [0m
[93m[WARN] [differ] qid unknown_811 not found in dbg/5913720db1/orig.smt2 [0m
[93m[WARN] [differ] qid unknown_433 not found in dbg/5913720db1/orig.smt2 [0m
[93m[WARN] [differ] qid unknown_610 not found in dbg/5913720db1/orig.smt2 [0m
[93m[WARN] [differ] qid unknown_831 not found in dbg/5913720db1/orig.smt2 [0m
[93m[WARN] [differ] qid unknown_738 not found in dbg/5913720db1/orig.smt2 [0m
[93m[WARN] [differ] qid unknown_766 not found in dbg/5913720db1/orig.smt2 [0m
[93m[WARN] [differ] qid unknown_782 not found in dbg/5913720db1/orig.smt2 [0m
[93m[WARN] [differ] qid unknown_777 not found in dbg/5913720db1/orig.smt2 [0m
[93m[WARN] [differ] qid unknown_788 not found in dbg/5913720db1/orig.smt2 [0m
[93m[WARN] [differ] qid unknown_761 not found in dbg/5913720db1/orig.smt2 [0m
[93m[WARN] [differ] qid unknown_657 not found in dbg/5913720db1/orig.smt2 [0m
[93m[WARN] [differ] qid unknown_727 not found in dbg/5913720db1/orig.smt2 [0m
[93m[WARN] [differ] qid constructor_accessor_axiom not found in dbg/5913720db1/orig.smt2 [0m
[93m[WARN] [differ] qid <null> not found in dbg/5913720db1/orig.smt2 [0m
Traceback (most recent call last):
  File "/home/youjia/mariposa/src/caza_wizard.py", line 579, in <module>
    main()
  File "/home/youjia/mariposa/src/caza_wizard.py", line 396, in main
    ranked_ids = timed_call("finding fixes", dbg.create_project, external_timings)
  File "/home/youjia/mariposa/src/caza_wizard.py", line 158, in timed_call
    return callback()
  File "/home/youjia/mariposa/src/debugger/factory.py", line 379, in create_project
    ranked = self.rank_edits()
  File "/home/youjia/mariposa/src/debugger/factory.py", line 372, in rank_edits
    scores[qname] = trace_graph.aggregate_scores(ratio)
  File "/home/youjia/mariposa/src/debugger/inst_graph.py", line 336, in aggregate_scores
    scores.append((ratio, self.blames[qidx].stat_count))
KeyError: 3547

================================================================================
[1/73] Caza query finished 2026-08-25T12:49:30
exit status: 1
================================================================================

================================================================================
[2/73] Caza query started 2026-08-25T12:49:30
query: /home/youjia/mariposa/data/verita_bad/anvil__vdeployment_controller__proof__liveness__resource_match__lemma_from_after_scale_down_old_vrs_with_old_vrs_of_n_to_pending_scale_down_req_in_flight_inductive_step.smt2
command: /usr/bin/python3 -u /home/youjia/mariposa/src/caza_wizard.py --set-seed 0x87654321 --early --fast-proof --sort time /home/youjia/mariposa/data/verita_bad/anvil__vdeployment_controller__proof__liveness__resource_match__lemma_from_after_scale_down_old_vrs_with_old_vrs_of_n_to_pending_scale_down_req_in_flight_inductive_step.smt2
================================================================================
Parsing...
Checking whether the input query is already stable
[92m[INFO] removing gen/sproj_single_38c9891309 [0m
[92m[INFO] using 60s solver timeout (capped by analyzer 60sec) [0m
[94m[DEBUG] created table single_38c9891309_base_z3_z3_4_16_0_exp [0m
[92m[INFO] running 1 original queries [0m
[94m[DEBUG] running ALL of single_38c9891309.base.z3 [0m
[94m[DEBUG] adding 181 tasks [0m
[94m[DEBUG] finished: 1/181, elapsed: 0.01 hours, estimated: 08-25 14:38 [0m
[94m[DEBUG] finished: 3/181, elapsed: 0.02 hours, estimated: 08-25 14:01 [0m
[92m[INFO] criteria: vanilla=timeout@60.000s; groups: shuffle=[unsat@43.784s, unsat@46.581s, unsat@59.077s, timeout@60.000s, timeout@60.000s, timeout@60.000s] (54 mutant result(s) pending); rename=[] (60 mutant result(s) pending); reseed=[] (60 mutant result(s) pending); possible final categories=[unsolvable, unstable] [0m
[92m[INFO] early decision: gen/sproj_single_38c9891309/anvil__vdeployment_controller__proof__liveness__resource_match__lemma_from_after_scale_down_old_vrs_with_old_vrs_of_n_to_pending_scale_down_req_in_flight_inductive_step.smt2 -> not_stable; skipping 168 queued tasks [0m
[94m[DEBUG] finished: 8/13, elapsed: 0.02 hours, estimated: 08-25 12:51 [0m
[94m[DEBUG] finished: 10/13, elapsed: 0.03 hours, estimated: 08-25 12:51 [0m
[94m[DEBUG] finished: 13/13, elapsed: 0.03 hours, estimated: 08-25 12:51 [0m
=== stable (0) ===
Starting Cazamariposas
[92m[INFO] [init] loaded cached artifacts: traces=5, cores=4, proofs=0 [0m
[92m[INFO] [init] cached-proofs-only: skipping trace, core, and proof construction [0m
[92m[INFO] [init] dbg root: dbg/38c9891309/ [0m
[93m[WARN] [proof] no proofs available [0m
[92m[INFO] [init] 38c9891309 auto selected DbgMode.TIMEOUT [0m
ERROR:root::( could not get any mutant to produce a proof object

=== Caza external-call time (wall clock) ===
  120.22s  initial stability check
    0.00s  build debugger trace and proof
  120.22s  total

================================================================================
[2/73] Caza query finished 2026-08-25T12:51:30
exit status: 0
================================================================================

================================================================================
[3/73] Caza query started 2026-08-25T12:51:30
query: /home/youjia/mariposa/data/verita_bad/anvil__vdeployment_controller__proof__liveness__resource_match__lemma_from_after_send_create_new_vrs_req_to_receive_ok_resp.smt2
command: /usr/bin/python3 -u /home/youjia/mariposa/src/caza_wizard.py --set-seed 0x87654321 --early --fast-proof --sort time /home/youjia/mariposa/data/verita_bad/anvil__vdeployment_controller__proof__liveness__resource_match__lemma_from_after_send_create_new_vrs_req_to_receive_ok_resp.smt2
================================================================================
Parsing...
Checking whether the input query is already stable
[92m[INFO] using 60s solver timeout (capped by analyzer 60sec) [0m
[94m[DEBUG] created table single_5d5eae68df_base_z3_z3_4_16_0_exp [0m
[92m[INFO] running 1 original queries [0m
[94m[DEBUG] running ALL of single_5d5eae68df.base.z3 [0m
[94m[DEBUG] adding 181 tasks [0m
[94m[DEBUG] finished: 1/181, elapsed: 0.0 hours, estimated: 08-25 12:51 [0m
[94m[DEBUG] finished: 3/181, elapsed: 0.01 hours, estimated: 08-25 13:27 [0m
[94m[DEBUG] finished: 4/181, elapsed: 0.01 hours, estimated: 08-25 13:18 [0m
[94m[DEBUG] finished: 6/181, elapsed: 0.01 hours, estimated: 08-25 13:09 [0m
[94m[DEBUG] finished: 10/181, elapsed: 0.02 hours, estimated: 08-25 13:13 [0m
[94m[DEBUG] finished: 13/181, elapsed: 0.02 hours, estimated: 08-25 13:08 [0m
[94m[DEBUG] finished: 16/181, elapsed: 0.03 hours, estimated: 08-25 13:11 [0m
[94m[DEBUG] finished: 18/181, elapsed: 0.03 hours, estimated: 08-25 13:09 [0m
[94m[DEBUG] finished: 20/181, elapsed: 0.03 hours, estimated: 08-25 13:07 [0m
[94m[DEBUG] finished: 23/181, elapsed: 0.04 hours, estimated: 08-25 13:09 [0m
[94m[DEBUG] finished: 27/181, elapsed: 0.04 hours, estimated: 08-25 13:07 [0m
[94m[DEBUG] finished: 30/181, elapsed: 0.05 hours, estimated: 08-25 13:09 [0m
[92m[INFO] criteria: vanilla=unsat@42.165s; groups: shuffle=[unsat@14.059s, unsat@23.650s, unsat@26.354s, unsat@46.590s, unsat@52.966s, unsat@27.368s, unsat@44.020s, timeout@60.000s, unsat@15.665s, unsat@18.665s, unsat@15.636s, unsat@59.305s, unsat@27.901s, unsat@16.112s, unsat@51.994s, unsat@24.682s, timeout@60.000s, unsat@18.310s, unsat@24.231s, unsat@39.670s, unsat@16.084s, unsat@41.224s, unsat@16.486s, unsat@58.116s, unsat@12.748s, unsat@26.959s, timeout@60.000s, unsat@17.851s, unsat@18.383s, unsat@22.048s, timeout@60.000s] (29 mutant result(s) pending); rename=[] (60 mutant result(s) pending); reseed=[] (60 mutant result(s) pending); possible final categories=[unstable] [0m
[92m[INFO] early decision: gen/sproj_single_5d5eae68df/anvil__vdeployment_controller__proof__liveness__resource_match__lemma_from_after_send_create_new_vrs_req_to_receive_ok_resp.smt2 -> not_stable; skipping 143 queued tasks [0m
[94m[DEBUG] finished: 32/38, elapsed: 0.05 hours, estimated: 08-25 12:55 [0m
[94m[DEBUG] finished: 35/38, elapsed: 0.05 hours, estimated: 08-25 12:54 [0m
[94m[DEBUG] finished: 37/38, elapsed: 0.06 hours, estimated: 08-25 12:54 [0m
=== stable (0) ===
Starting Cazamariposas
[92m[INFO] [init] loaded cached artifacts: traces=5, cores=4, proofs=4 [0m
[92m[INFO] [init] cached-proofs-only: skipping trace, core, and proof construction [0m
[92m[INFO] [init] dbg root: dbg/5d5eae68df/ [0m
[92m[INFO] [init] 5d5eae68df auto selected DbgMode.TIMEOUT [0m
Found failure trace and proof object
[92m[INFO] [graph] found dbg/5d5eae68df/graphs/reseed.5937257372788757464.txt [0m
[92m[INFO] [stats] found dbg/5d5eae68df/stats/reseed.5937257372788757464.txt [0m
[94m[DEBUG] [edit] proof path: dbg/5d5eae68df/proofs/rename.191134073603777486.proof [0m
[94m[DEBUG] [edit] trace path: dbg/5d5eae68df/traces/reseed.5937257372788757464 [0m
1811e7d55c04ee6369b2159e8fb98d84.pickle
[93m[WARN] [differ] qid unknown_767 not found in dbg/5d5eae68df/orig.smt2 [0m
[93m[WARN] [differ] qid unknown_831 not found in dbg/5d5eae68df/orig.smt2 [0m
[93m[WARN] [differ] qid unknown_853 not found in dbg/5d5eae68df/orig.smt2 [0m
[93m[WARN] [differ] qid unknown_865 not found in dbg/5d5eae68df/orig.smt2 [0m
[93m[WARN] [differ] qid unknown_535 not found in dbg/5d5eae68df/orig.smt2 [0m
[93m[WARN] [differ] qid unknown_434 not found in dbg/5d5eae68df/orig.smt2 [0m
[93m[WARN] [differ] qid unknown_780 not found in dbg/5d5eae68df/orig.smt2 [0m
[93m[WARN] [differ] qid unknown_789 not found in dbg/5d5eae68df/orig.smt2 [0m
[93m[WARN] [differ] qid unknown_791 not found in dbg/5d5eae68df/orig.smt2 [0m
[93m[WARN] [differ] qid unknown_808 not found in dbg/5d5eae68df/orig.smt2 [0m
[93m[WARN] [differ] qid unknown_514 not found in dbg/5d5eae68df/orig.smt2 [0m
[93m[WARN] [differ] qid unknown_539 not found in dbg/5d5eae68df/orig.smt2 [0m
[93m[WARN] [differ] qid unknown_349 not found in dbg/5d5eae68df/orig.smt2 [0m
[93m[WARN] [differ] qid unknown_527 not found in dbg/5d5eae68df/orig.smt2 [0m
[93m[WARN] [differ] qid unknown_534 not found in dbg/5d5eae68df/orig.smt2 [0m
[93m[WARN] [differ] qid unknown_686 not found in dbg/5d5eae68df/orig.smt2 [0m
[93m[WARN] [differ] qid unknown_793 not found in dbg/5d5eae68df/orig.smt2 [0m
[93m[WARN] [differ] qid unknown_799 not found in dbg/5d5eae68df/orig.smt2 [0m
[93m[WARN] [differ] qid unknown_631 not found in dbg/5d5eae68df/orig.smt2 [0m
[93m[WARN] [differ] qid unknown_658 not found in dbg/5d5eae68df/orig.smt2 [0m
[93m[WARN] [differ] qid unknown_643 not found in dbg/5d5eae68df/orig.smt2 [0m
[93m[WARN] [differ] qid constructor_accessor_axiom not found in dbg/5d5eae68df/orig.smt2 [0m
[93m[WARN] [differ] qid <null> not found in dbg/5d5eae68df/orig.smt2 [0m
[92m[INFO] [edit] [inst] prelude_unbox_box_bool 117 instances [0m
[92m[INFO] [edit] written to data/projs/timeout_5d5eae68df/base.z3/4aa1acb7.smt2 [0m
[92m[INFO] [edit] [inst] prelude_mk_fun 119 instances [0m
[92m[INFO] [edit] [erase] prelude_mk_fun [0m
[92m[INFO] [edit] written to data/projs/timeout_5d5eae68df/base.z3/8b310645.smt2 [0m
[92m[INFO] [edit] [erase] mariposa_qid_113 [0m
[92m[INFO] [edit] written to data/projs/timeout_5d5eae68df/base.z3/57b27a65.smt2 [0m
[92m[INFO] [edit] [erase] internal_verifiable_controllers!kubernetes_api_objects.spec.dynamic.DynamicObjectView./DynamicObjectView/status_accessor_definition [0m
[92m[INFO] [edit] written to data/projs/timeout_5d5eae68df/base.z3/c28e889c.smt2 [0m
[92m[INFO] [edit] [inst] mariposa_qid_48 1 instances [0m
[92m[INFO] [edit] [erase] mariposa_qid_48 [0m
[92m[INFO] [edit] written to data/projs/timeout_5d5eae68df/base.z3/1d338b50.smt2 [0m
[92m[INFO] [edit] [inst] internal_verifiable_controllers!kubernetes_cluster.spec.cluster.impl&__2.chosen_controller_next.?_definition 1 instances [0m
[92m[INFO] [edit] [erase] internal_verifiable_controllers!kubernetes_cluster.spec.cluster.impl&__2.chosen_controller_next.?_definition [0m
[92m[INFO] [edit] written to data/projs/timeout_5d5eae68df/base.z3/eba3f71a.smt2 [0m
[92m[INFO] [edit] [erase] internal_verifiable_controllers!kubernetes_api_objects.spec.object_meta.impl&__0.without_resource_version.?_pre_post_definition [0m
[92m[INFO] [edit] written to data/projs/timeout_5d5eae68df/base.z3/2260af0e.smt2 [0m
[92m[INFO] [edit] [inst] internal_verifiable_controllers!kubernetes_cluster.spec.cluster.impl&__2.controller.?_definition 1 instances [0m
[92m[INFO] [edit] [erase] internal_verifiable_controllers!kubernetes_cluster.spec.cluster.impl&__2.controller.?_definition [0m
[92m[INFO] [edit] written to data/projs/timeout_5d5eae68df/base.z3/31783436.smt2 [0m
[92m[INFO] [edit] [inst] internal_verifiable_controllers!kubernetes_cluster.spec.controller.state_machine.controller.?_definition 1 instances [0m
[92m[INFO] [edit] [erase] internal_verifiable_controllers!kubernetes_cluster.spec.controller.state_machine.controller.?_definition [0m
[92m[INFO] [edit] written to data/projs/timeout_5d5eae68df/base.z3/43dd4461.smt2 [0m
[92m[INFO] [edit] [inst] internal_verifiable_controllers!kubernetes_cluster.spec.controller.state_machine.run_scheduled_reconcile.?_definition 1 instances [0m
[92m[INFO] [edit] [erase] internal_verifiable_controllers!kubernetes_cluster.spec.controller.state_machine.run_scheduled_reconcile.?_definition [0m
[92m[INFO] [edit] written to data/projs/timeout_5d5eae68df/base.z3/8610fd9c.smt2 [0m
Produced candidate smt2 files
[94m[DEBUG] created table timeout_5d5eae68df_base_z3_z3_4_16_0_exp [0m
[92m[INFO] running 10 original queries [0m
[94m[DEBUG] running ALL of timeout_5d5eae68df.base.z3 [0m
[94m[DEBUG] adding 10 tasks [0m
[92m[INFO] running 10 tasks [0m
[92m[INFO] there is 4 processors [0m
[94m[DEBUG] worker 1 finished in 91.42 seconds [0m
[94m[DEBUG] worker 0 finished in 95.24 seconds [0m
[94m[DEBUG] worker 2 finished in 104.97 seconds [0m
[94m[DEBUG] worker 3 finished in 110.91 seconds [0m
[92m[INFO] workers finished [0m
[92m[INFO] done post processing exp data [0m
verify candidate 8b310645: 25.155s; rank=2; p=6; t=25.155
verify candidate c28e889c: 26.491s; rank=4; p=4; t=26.491
verify candidate 57b27a65: 30.729s; rank=3; p=5; t=30.729
verify candidate 43dd4461: 31.385s; rank=9; p=3; t=31.385
verify candidate 31783436: 36.393s; rank=8; p=3; t=36.393
verify candidate 2260af0e: 36.944s; rank=7; p=4; t=36.944
verify candidate 1d338b50: 42.060s; rank=5; p=4; t=42.060
verify candidate 8610fd9c: 55.004s; rank=10; p=3; t=55.004
verify candidate eba3f71a: 58.282s; rank=6; p=4; t=58.282
selected 9 verified candidates to data/projs/timeout_5d5eae68df.filtered/base.z3 with 342.443s vanilla verification budget
[92m[INFO] running 9 original queries [0m
[92m[INFO] running 90 tasks [0m
[92m[INFO] there is 7 processors [0m
[94m[DEBUG] created table timeout_5d5eae68df_filtered_base_z3_z3_4_16_0_exp [0m
[94m[DEBUG] running ALL of timeout_5d5eae68df.filtered.base.z3 [0m
[94m[DEBUG] adding 90 tasks [0m
[94m[DEBUG] worker 5 finished in 537.83 seconds [0m
[94m[DEBUG] worker 6 finished in 540.72 seconds [0m
[94m[DEBUG] worker 1 finished in 547.51 seconds [0m
[94m[DEBUG] worker 3 finished in 552.55 seconds [0m
[94m[DEBUG] worker 4 finished in 554.27 seconds [0m
[94m[DEBUG] worker 2 finished in 575.97 seconds [0m
[94m[DEBUG] worker 0 finished in 579.89 seconds [0m
[92m[INFO] workers finished [0m
[92m[INFO] done post processing exp data [0m
=== Overall Report ===

project dir:	data/projs/timeout_5d5eae68df.filtered/base.z3
exper config:	filter
solver path:	bin/z3-4.16.0
analyzer:	default

| category   |   count | percentage   |
|------------|---------|--------------|
| stable     |       5 | 55.56%       |
| unstable   |       4 | 44.44%       |
| total      |       9 | 100.00 %     |

=== Report End ===
Ran mariposa on filtered queries
[92m[INFO] carving out query 1d338b50 [0m
Passed Mutants (9):
gen/timeout_5d5eae68df.filtered/base.z3/filter/1d338b50.4792948756235874585.rename.smt2 - unsat - 53.7
gen/timeout_5d5eae68df.filtered/base.z3/filter/1d338b50.2281786868836674508.shuffle.smt2 - unsat - 40.31
data/projs/timeout_5d5eae68df.filtered/base.z3/1d338b50.smt2 - unsat - 52.75
gen/timeout_5d5eae68df.filtered/base.z3/filter/1d338b50.5847008206656738374.shuffle.smt2 - unsat - 43.94
gen/timeout_5d5eae68df.filtered/base.z3/filter/1d338b50.9503068379845449461.reseed.smt2 - unsat - 35.79
gen/timeout_5d5eae68df.filtered/base.z3/filter/1d338b50.16699979486554681516.reseed.smt2 - unsat - 35.87
gen/timeout_5d5eae68df.filtered/base.z3/filter/1d338b50.10951364309342705722.reseed.smt2 - unsat - 35.59
gen/timeout_5d5eae68df.filtered/base.z3/filter/1d338b50.11027144323314641946.rename.smt2 - unsat - 51.75
gen/timeout_5d5eae68df.filtered/base.z3/filter/1d338b50.7495986967286723584.rename.smt2 - unsat - 50.56

Failed Mutants (1):
gen/timeout_5d5eae68df.filtered/base.z3/filter/1d338b50.3507537799432077715.shuffle.smt2 - timeout - 60.01
[92m[INFO] carving out query 43dd4461 [0m
Passed Mutants (9):
gen/timeout_5d5eae68df.filtered/base.z3/filter/43dd4461.17489764105418974399.shuffle.smt2 - unsat - 46.4
gen/timeout_5d5eae68df.filtered/base.z3/filter/43dd4461.7276783177787678400.reseed.smt2 - unsat - 52.89
data/projs/timeout_5d5eae68df.filtered/base.z3/43dd4461.smt2 - unsat - 38.27
gen/timeout_5d5eae68df.filtered/base.z3/filter/43dd4461.13758119954056666360.rename.smt2 - unsat - 40.13
gen/timeout_5d5eae68df.filtered/base.z3/filter/43dd4461.13441530609157287653.shuffle.smt2 - unsat - 43.06
gen/timeout_5d5eae68df.filtered/base.z3/filter/43dd4461.14385909096622442257.reseed.smt2 - unsat - 44.06
gen/timeout_5d5eae68df.filtered/base.z3/filter/43dd4461.16380768516126776792.rename.smt2 - unsat - 37.88
gen/timeout_5d5eae68df.filtered/base.z3/filter/43dd4461.8663047103879902765.rename.smt2 - unsat - 38.42
gen/timeout_5d5eae68df.filtered/base.z3/filter/43dd4461.34014699352439686.shuffle.smt2 - unsat - 47.43

Failed Mutants (1):
gen/timeout_5d5eae68df.filtered/base.z3/filter/43dd4461.3898628998671619357.reseed.smt2 - timeout - 60.01
[92m[INFO] carving out query 8610fd9c [0m
Passed Mutants (6):
gen/timeout_5d5eae68df.filtered/base.z3/filter/8610fd9c.18066024361142351379.shuffle.smt2 - unsat - 41.05
gen/timeout_5d5eae68df.filtered/base.z3/filter/8610fd9c.7228611461354022052.reseed.smt2 - unsat - 50.51
gen/timeout_5d5eae68df.filtered/base.z3/filter/8610fd9c.17437382036863097491.shuffle.smt2 - unsat - 56.08
gen/timeout_5d5eae68df.filtered/base.z3/filter/8610fd9c.11735650810889012553.reseed.smt2 - unsat - 49.46
gen/timeout_5d5eae68df.filtered/base.z3/filter/8610fd9c.2408766421258788050.reseed.smt2 - unsat - 50.41
gen/timeout_5d5eae68df.filtered/base.z3/filter/8610fd9c.11149665443008913704.shuffle.smt2 - unsat - 47.92

Failed Mutants (4):
gen/timeout_5d5eae68df.filtered/base.z3/filter/8610fd9c.13628627874546814500.rename.smt2 - timeout - 60.01
data/projs/timeout_5d5eae68df.filtered/base.z3/8610fd9c.smt2 - timeout - 60.02
gen/timeout_5d5eae68df.filtered/base.z3/filter/8610fd9c.14665983143497870785.rename.smt2 - timeout - 60.01
gen/timeout_5d5eae68df.filtered/base.z3/filter/8610fd9c.14893471057484491615.rename.smt2 - timeout - 60.02
[92m[INFO] carving out query eba3f71a [0m
Passed Mutants (3):
gen/timeout_5d5eae68df.filtered/base.z3/filter/eba3f71a.9923512066803953564.shuffle.smt2 - unsat - 19.9
gen/timeout_5d5eae68df.filtered/base.z3/filter/eba3f71a.2802098534798049585.reseed.smt2 - unsat - 56.69
gen/timeout_5d5eae68df.filtered/base.z3/filter/eba3f71a.10982001101355492848.shuffle.smt2 - unsat - 54.32

Failed Mutants (7):
gen/timeout_5d5eae68df.filtered/base.z3/filter/eba3f71a.14065502421933191167.shuffle.smt2 - timeout - 60.01
gen/timeout_5d5eae68df.filtered/base.z3/filter/eba3f71a.12387987366668747637.rename.smt2 - timeout - 60.01
gen/timeout_5d5eae68df.filtered/base.z3/filter/eba3f71a.17657299391886998514.rename.smt2 - timeout - 60.01
gen/timeout_5d5eae68df.filtered/base.z3/filter/eba3f71a.1405637153442987507.reseed.smt2 - timeout - 60.01
gen/timeout_5d5eae68df.filtered/base.z3/filter/eba3f71a.11617234644544572486.reseed.smt2 - timeout - 60.02
data/projs/timeout_5d5eae68df.filtered/base.z3/eba3f71a.smt2 - timeout - 60.02
gen/timeout_5d5eae68df.filtered/base.z3/filter/eba3f71a.17148853253813793565.rename.smt2 - timeout - 60.01
[92m[INFO] removed 4 queries, 5 remaining [0m
Carved out unstable queries
Ran early-stop stability checks until a stable fix was found
Checking candidates by increasing vanilla verification time
Checking candidate 1/5 for stability: data/projs/timeout_5d5eae68df.filtered/base.z3/8b310645.smt2
[92m[INFO] removing gen/sproj_single_4c03fcda81 [0m
[92m[INFO] using 60s solver timeout (capped by analyzer 60sec) [0m
[94m[DEBUG] created table single_4c03fcda81_base_z3_z3_4_16_0_exp [0m
[92m[INFO] running 1 original queries [0m
[94m[DEBUG] running ALL of single_4c03fcda81.base.z3 [0m
[94m[DEBUG] adding 181 tasks [0m
[94m[DEBUG] finished: 1/181, elapsed: 0.01 hours, estimated: 08-25 14:54 [0m
[94m[DEBUG] finished: 6/181, elapsed: 0.01 hours, estimated: 08-25 13:24 [0m
[94m[DEBUG] finished: 7/181, elapsed: 0.01 hours, estimated: 08-25 13:22 [0m
[94m[DEBUG] finished: 10/181, elapsed: 0.02 hours, estimated: 08-25 13:27 [0m
[94m[DEBUG] finished: 14/181, elapsed: 0.02 hours, estimated: 08-25 13:22 [0m
[94m[DEBUG] finished: 16/181, elapsed: 0.03 hours, estimated: 08-25 13:26 [0m
[94m[DEBUG] finished: 21/181, elapsed: 0.03 hours, estimated: 08-25 13:22 [0m
[94m[DEBUG] finished: 24/181, elapsed: 0.03 hours, estimated: 08-25 13:20 [0m
[94m[DEBUG] finished: 27/181, elapsed: 0.04 hours, estimated: 08-25 13:22 [0m
[94m[DEBUG] finished: 30/181, elapsed: 0.04 hours, estimated: 08-25 13:20 [0m
[94m[DEBUG] finished: 32/181, elapsed: 0.04 hours, estimated: 08-25 13:20 [0m
[94m[DEBUG] finished: 35/181, elapsed: 0.05 hours, estimated: 08-25 13:21 [0m
[94m[DEBUG] finished: 39/181, elapsed: 0.05 hours, estimated: 08-25 13:20 [0m
[94m[DEBUG] finished: 42/181, elapsed: 0.05 hours, estimated: 08-25 13:20 [0m
[94m[DEBUG] finished: 45/181, elapsed: 0.06 hours, estimated: 08-25 13:20 [0m
[94m[DEBUG] finished: 49/181, elapsed: 0.06 hours, estimated: 08-25 13:20 [0m
[94m[DEBUG] finished: 51/181, elapsed: 0.07 hours, estimated: 08-25 13:21 [0m
[94m[DEBUG] finished: 56/181, elapsed: 0.07 hours, estimated: 08-25 13:20 [0m
[94m[DEBUG] finished: 58/181, elapsed: 0.07 hours, estimated: 08-25 13:19 [0m
[94m[DEBUG] finished: 60/181, elapsed: 0.08 hours, estimated: 08-25 13:20 [0m
[94m[DEBUG] finished: 64/181, elapsed: 0.08 hours, estimated: 08-25 13:20 [0m
[94m[DEBUG] finished: 66/181, elapsed: 0.09 hours, estimated: 08-25 13:21 [0m
[94m[DEBUG] finished: 68/181, elapsed: 0.09 hours, estimated: 08-25 13:20 [0m
[94m[DEBUG] finished: 72/181, elapsed: 0.09 hours, estimated: 08-25 13:20 [0m
[94m[DEBUG] finished: 74/181, elapsed: 0.1 hours, estimated: 08-25 13:20 [0m
[94m[DEBUG] finished: 78/181, elapsed: 0.1 hours, estimated: 08-25 13:20 [0m
[94m[DEBUG] finished: 80/181, elapsed: 0.1 hours, estimated: 08-25 13:20 [0m
[94m[DEBUG] finished: 84/181, elapsed: 0.11 hours, estimated: 08-25 13:20 [0m
[94m[DEBUG] finished: 87/181, elapsed: 0.11 hours, estimated: 08-25 13:20 [0m
[94m[DEBUG] finished: 90/181, elapsed: 0.12 hours, estimated: 08-25 13:20 [0m
[94m[DEBUG] finished: 93/181, elapsed: 0.12 hours, estimated: 08-25 13:20 [0m
[94m[DEBUG] finished: 94/181, elapsed: 0.12 hours, estimated: 08-25 13:20 [0m
[94m[DEBUG] finished: 97/181, elapsed: 0.13 hours, estimated: 08-25 13:20 [0m
[94m[DEBUG] finished: 100/181, elapsed: 0.13 hours, estimated: 08-25 13:20 [0m
[94m[DEBUG] finished: 101/181, elapsed: 0.13 hours, estimated: 08-25 13:20 [0m
[94m[DEBUG] finished: 103/181, elapsed: 0.13 hours, estimated: 08-25 13:20 [0m
[94m[DEBUG] finished: 107/181, elapsed: 0.14 hours, estimated: 08-25 13:20 [0m
[94m[DEBUG] finished: 109/181, elapsed: 0.14 hours, estimated: 08-25 13:20 [0m
[94m[DEBUG] finished: 114/181, elapsed: 0.15 hours, estimated: 08-25 13:20 [0m
[94m[DEBUG] finished: 116/181, elapsed: 0.15 hours, estimated: 08-25 13:20 [0m
[94m[DEBUG] finished: 121/181, elapsed: 0.16 hours, estimated: 08-25 13:20 [0m
[94m[DEBUG] finished: 122/181, elapsed: 0.16 hours, estimated: 08-25 13:21 [0m
[94m[DEBUG] finished: 126/181, elapsed: 0.17 hours, estimated: 08-25 13:20 [0m
[94m[DEBUG] finished: 129/181, elapsed: 0.17 hours, estimated: 08-25 13:21 [0m
[94m[DEBUG] finished: 133/181, elapsed: 0.18 hours, estimated: 08-25 13:20 [0m
[94m[DEBUG] finished: 136/181, elapsed: 0.18 hours, estimated: 08-25 13:21 [0m
[94m[DEBUG] finished: 140/181, elapsed: 0.19 hours, estimated: 08-25 13:21 [0m
[94m[DEBUG] finished: 143/181, elapsed: 0.19 hours, estimated: 08-25 13:21 [0m
[94m[DEBUG] finished: 146/181, elapsed: 0.2 hours, estimated: 08-25 13:21 [0m
[94m[DEBUG] finished: 149/181, elapsed: 0.2 hours, estimated: 08-25 13:20 [0m
[94m[DEBUG] finished: 150/181, elapsed: 0.2 hours, estimated: 08-25 13:21 [0m
[94m[DEBUG] finished: 153/181, elapsed: 0.21 hours, estimated: 08-25 13:21 [0m
[94m[DEBUG] finished: 156/181, elapsed: 0.21 hours, estimated: 08-25 13:20 [0m
[94m[DEBUG] finished: 157/181, elapsed: 0.21 hours, estimated: 08-25 13:21 [0m
[94m[DEBUG] finished: 160/181, elapsed: 0.22 hours, estimated: 08-25 13:21 [0m
[94m[DEBUG] finished: 162/181, elapsed: 0.22 hours, estimated: 08-25 13:21 [0m
[94m[DEBUG] finished: 164/181, elapsed: 0.22 hours, estimated: 08-25 13:21 [0m
[94m[DEBUG] finished: 167/181, elapsed: 0.23 hours, estimated: 08-25 13:21 [0m
[94m[DEBUG] finished: 169/181, elapsed: 0.23 hours, estimated: 08-25 13:21 [0m
[94m[DEBUG] finished: 171/181, elapsed: 0.23 hours, estimated: 08-25 13:21 [0m
[94m[DEBUG] finished: 173/181, elapsed: 0.24 hours, estimated: 08-25 13:21 [0m
[94m[DEBUG] finished: 176/181, elapsed: 0.24 hours, estimated: 08-25 13:21 [0m
[94m[DEBUG] finished: 179/181, elapsed: 0.24 hours, estimated: 08-25 13:21 [0m
=== stable (1) ===
query path: gen/sproj_single_4c03fcda81/8b310645.smt2
Found a stable fix; stopping further stability checks
Got list of fixes
Found 1 fix(es):
    8b310645: inst_replace prelude_mk_fun -> data/projs/timeout_5d5eae68df/base.z3/8b310645.smt2

=== Caza external-call time (wall clock) ===
  205.43s  initial stability check
    0.05s  build debugger trace and proof
    5.36s  finding fixes
  110.98s  verify candidates
    0.02s  filter broken candidates
  580.52s  filter candidates experiment
    0.94s  carve unstable candidates
  883.21s  early stability check 8b310645.smt2
 1786.51s  total

================================================================================
[3/73] Caza query finished 2026-08-25T13:21:18
exit status: 0
================================================================================

================================================================================
[4/73] Caza query started 2026-08-25T13:21:18
query: /home/youjia/mariposa/data/verita_bad/anvil__vdeployment_controller__proof__liveness__resource_match__lemma_from_after_send_get_then_update_req_to_receive_ok_resp_of_new_replicas.smt2
command: /usr/bin/python3 -u /home/youjia/mariposa/src/caza_wizard.py --set-seed 0x87654321 --early --fast-proof --sort time /home/youjia/mariposa/data/verita_bad/anvil__vdeployment_controller__proof__liveness__resource_match__lemma_from_after_send_get_then_update_req_to_receive_ok_resp_of_new_replicas.smt2
================================================================================
Parsing...
Checking whether the input query is already stable
[92m[INFO] using 60s solver timeout (capped by analyzer 60sec) [0m
[94m[DEBUG] created table single_521ba7af48_base_z3_z3_4_16_0_exp [0m
[92m[INFO] running 1 original queries [0m
[94m[DEBUG] running ALL of single_521ba7af48.base.z3 [0m
[94m[DEBUG] adding 181 tasks [0m
[94m[DEBUG] finished: 1/181, elapsed: 0.01 hours, estimated: 08-25 15:10 [0m
[92m[INFO] criteria: vanilla=unsat@51.838s; groups: shuffle=[unsat@54.118s, timeout@60.000s, timeout@60.000s, timeout@60.000s, timeout@60.000s] (55 mutant result(s) pending); rename=[] (60 mutant result(s) pending); reseed=[] (60 mutant result(s) pending); possible final categories=[unsolvable, unstable] [0m
[92m[INFO] early decision: gen/sproj_single_521ba7af48/anvil__vdeployment_controller__proof__liveness__resource_match__lemma_from_after_send_get_then_update_req_to_receive_ok_resp_of_new_replicas.smt2 -> not_stable; skipping 169 queued tasks [0m
[94m[DEBUG] finished: 8/12, elapsed: 0.03 hours, estimated: 08-25 13:23 [0m
=== stable (0) ===
Starting Cazamariposas
[92m[INFO] [init] loaded cached artifacts: traces=5, cores=0, proofs=0 [0m
[92m[INFO] [init] cached-proofs-only: skipping trace, core, and proof construction [0m
[92m[INFO] [init] dbg root: dbg/521ba7af48/ [0m
[93m[WARN] [proof] no proofs available [0m
[92m[INFO] [init] 521ba7af48 auto selected DbgMode.TIMEOUT [0m
ERROR:root::( could not get any mutant to produce a proof object

=== Caza external-call time (wall clock) ===
  120.36s  initial stability check
    0.00s  build debugger trace and proof
  120.36s  total

================================================================================
[4/73] Caza query finished 2026-08-25T13:23:18
exit status: 0
================================================================================

================================================================================
[5/73] Caza query started 2026-08-25T13:23:18
query: /home/youjia/mariposa/data/verita_bad/anvil__vdeployment_controller__proof__liveness__resource_match__lemma_from_old_vrs_len_zero_at_scale_down_old_vrs_to_current_state_matches_inductive_step.smt2
command: /usr/bin/python3 -u /home/youjia/mariposa/src/caza_wizard.py --set-seed 0x87654321 --early --fast-proof --sort time /home/youjia/mariposa/data/verita_bad/anvil__vdeployment_controller__proof__liveness__resource_match__lemma_from_old_vrs_len_zero_at_scale_down_old_vrs_to_current_state_matches_inductive_step.smt2
================================================================================
Parsing...
Checking whether the input query is already stable
[92m[INFO] using 60s solver timeout (capped by analyzer 60sec) [0m
[94m[DEBUG] created table single_94d5f0e58d_base_z3_z3_4_16_0_exp [0m
[92m[INFO] running 1 original queries [0m
[94m[DEBUG] running ALL of single_94d5f0e58d.base.z3 [0m
[94m[DEBUG] adding 181 tasks [0m
[94m[DEBUG] finished: 1/181, elapsed: 0.0 hours, estimated: 08-25 13:23 [0m
[94m[DEBUG] finished: 3/181, elapsed: 0.01 hours, estimated: 08-25 13:59 [0m
[94m[DEBUG] finished: 7/181, elapsed: 0.01 hours, estimated: 08-25 13:39 [0m
[94m[DEBUG] finished: 11/181, elapsed: 0.02 hours, estimated: 08-25 13:43 [0m
[94m[DEBUG] finished: 14/181, elapsed: 0.03 hours, estimated: 08-25 13:46 [0m
[94m[DEBUG] finished: 17/181, elapsed: 0.03 hours, estimated: 08-25 13:42 [0m
[94m[DEBUG] finished: 19/181, elapsed: 0.03 hours, estimated: 08-25 13:40 [0m
[94m[DEBUG] finished: 20/181, elapsed: 0.04 hours, estimated: 08-25 13:44 [0m
[92m[INFO] criteria: vanilla=unsat@36.185s; groups: shuffle=[unsat@13.124s, unsat@21.015s, unsat@29.588s, unsat@33.257s, unsat@35.605s, unsat@29.258s, unsat@43.247s, unsat@26.119s, unsat@16.456s, unsat@44.005s, unsat@38.399s, unsat@29.306s, unsat@37.627s, timeout@60.000s, unsat@53.100s, unsat@23.310s, timeout@60.000s, unsat@21.485s, unsat@33.366s, timeout@60.000s, timeout@60.000s] (39 mutant result(s) pending); rename=[] (60 mutant result(s) pending); reseed=[] (60 mutant result(s) pending); possible final categories=[unsolvable, unstable] [0m
[92m[INFO] early decision: gen/sproj_single_94d5f0e58d/anvil__vdeployment_controller__proof__liveness__resource_match__lemma_from_old_vrs_len_zero_at_scale_down_old_vrs_to_current_state_matches_inductive_step.smt2 -> not_stable; skipping 153 queued tasks [0m
[94m[DEBUG] finished: 24/28, elapsed: 0.04 hours, estimated: 08-25 13:26 [0m
[94m[DEBUG] finished: 25/28, elapsed: 0.04 hours, estimated: 08-25 13:25 [0m
[94m[DEBUG] finished: 27/28, elapsed: 0.04 hours, estimated: 08-25 13:26 [0m
=== stable (0) ===
Starting Cazamariposas
[92m[INFO] [init] loaded cached artifacts: traces=5, cores=1, proofs=0 [0m
[92m[INFO] [init] cached-proofs-only: skipping trace, core, and proof construction [0m
[92m[INFO] [init] dbg root: dbg/94d5f0e58d/ [0m
[93m[WARN] [proof] no proofs available [0m
[92m[INFO] [init] 94d5f0e58d auto selected DbgMode.TIMEOUT [0m
ERROR:root::( could not get any mutant to produce a proof object

=== Caza external-call time (wall clock) ===
  162.33s  initial stability check
    0.00s  build debugger trace and proof
  162.33s  total

================================================================================
[5/73] Caza query finished 2026-08-25T13:26:01
exit status: 0
================================================================================

================================================================================
[6/73] Caza query started 2026-08-25T13:26:01
query: /home/youjia/mariposa/data/verita_bad/anvil__vdeployment_controller__proof__liveness__resource_match__lemma_from_receive_ok_resp_after_scale_new_vrs_to_after_ensure_new_vrs.smt2
command: /usr/bin/python3 -u /home/youjia/mariposa/src/caza_wizard.py --set-seed 0x87654321 --early --fast-proof --sort time /home/youjia/mariposa/data/verita_bad/anvil__vdeployment_controller__proof__liveness__resource_match__lemma_from_receive_ok_resp_after_scale_new_vrs_to_after_ensure_new_vrs.smt2
================================================================================
Parsing...
Checking whether the input query is already stable
[92m[INFO] using 60s solver timeout (capped by analyzer 60sec) [0m
[94m[DEBUG] created table single_db7615aede_base_z3_z3_4_16_0_exp [0m
[92m[INFO] running 1 original queries [0m
[94m[DEBUG] running ALL of single_db7615aede.base.z3 [0m
[94m[DEBUG] adding 181 tasks [0m
[94m[DEBUG] finished: 1/181, elapsed: 0.01 hours, estimated: 08-25 15:14 [0m
[94m[DEBUG] finished: 2/181, elapsed: 0.02 hours, estimated: 08-25 15:14 [0m
[92m[INFO] criteria: vanilla=unsat@42.523s; groups: shuffle=[timeout@60.000s, timeout@60.000s, timeout@60.000s, timeout@60.000s] (56 mutant result(s) pending); rename=[] (60 mutant result(s) pending); reseed=[] (60 mutant result(s) pending); possible final categories=[unsolvable, unstable] [0m
[92m[INFO] early decision: gen/sproj_single_db7615aede/anvil__vdeployment_controller__proof__liveness__resource_match__lemma_from_receive_ok_resp_after_scale_new_vrs_to_after_ensure_new_vrs.smt2 -> not_stable; skipping 170 queued tasks [0m
[94m[DEBUG] finished: 8/11, elapsed: 0.03 hours, estimated: 08-25 13:28 [0m
[94m[DEBUG] finished: 9/11, elapsed: 0.03 hours, estimated: 08-25 13:28 [0m
=== stable (0) ===
Starting Cazamariposas
[92m[INFO] [init] loaded cached artifacts: traces=5, cores=0, proofs=0 [0m
[92m[INFO] [init] cached-proofs-only: skipping trace, core, and proof construction [0m
[92m[INFO] [init] dbg root: dbg/db7615aede/ [0m
[93m[WARN] [proof] no proofs available [0m
[92m[INFO] [init] db7615aede auto selected DbgMode.TIMEOUT [0m
ERROR:root::( could not get any mutant to produce a proof object

=== Caza external-call time (wall clock) ===
  120.37s  initial stability check
    0.00s  build debugger trace and proof
  120.37s  total

================================================================================
[6/73] Caza query finished 2026-08-25T13:28:02
exit status: 0
================================================================================

================================================================================
[7/73] Caza query started 2026-08-25T13:28:02
query: /home/youjia/mariposa/data/verita_bad/anvil__vdeployment_controller__proof__liveness__rolling_update__composition__lemma_inductive_current_state_matches_preserves_from_s_to_s_prime_during_api_server_step.smt2
command: /usr/bin/python3 -u /home/youjia/mariposa/src/caza_wizard.py --set-seed 0x87654321 --early --fast-proof --sort time /home/youjia/mariposa/data/verita_bad/anvil__vdeployment_controller__proof__liveness__rolling_update__composition__lemma_inductive_current_state_matches_preserves_from_s_to_s_prime_during_api_server_step.smt2
================================================================================
Parsing...
Checking whether the input query is already stable
[92m[INFO] using 60s solver timeout (capped by analyzer 60sec) [0m
[94m[DEBUG] created table single_bfa5bc22a4_base_z3_z3_4_16_0_exp [0m
[92m[INFO] running 1 original queries [0m
[94m[DEBUG] running ALL of single_bfa5bc22a4.base.z3 [0m
[94m[DEBUG] adding 181 tasks [0m
[94m[DEBUG] finished: 1/181, elapsed: 0.0 hours, estimated: 08-25 13:28 [0m
[94m[DEBUG] finished: 3/181, elapsed: 0.01 hours, estimated: 08-25 14:03 [0m
[94m[DEBUG] finished: 7/181, elapsed: 0.01 hours, estimated: 08-25 13:43 [0m
[94m[DEBUG] finished: 9/181, elapsed: 0.02 hours, estimated: 08-25 13:51 [0m
[94m[DEBUG] finished: 12/181, elapsed: 0.02 hours, estimated: 08-25 13:46 [0m
[94m[DEBUG] finished: 16/181, elapsed: 0.02 hours, estimated: 08-25 13:42 [0m
[94m[DEBUG] finished: 21/181, elapsed: 0.03 hours, estimated: 08-25 13:43 [0m
[94m[DEBUG] finished: 23/181, elapsed: 0.04 hours, estimated: 08-25 13:46 [0m
[94m[DEBUG] finished: 28/181, elapsed: 0.04 hours, estimated: 08-25 13:43 [0m
[94m[DEBUG] finished: 30/181, elapsed: 0.04 hours, estimated: 08-25 13:42 [0m
[94m[DEBUG] finished: 32/181, elapsed: 0.05 hours, estimated: 08-25 13:44 [0m
[94m[DEBUG] finished: 35/181, elapsed: 0.05 hours, estimated: 08-25 13:43 [0m
[94m[DEBUG] finished: 37/181, elapsed: 0.05 hours, estimated: 08-25 13:42 [0m
[94m[DEBUG] finished: 41/181, elapsed: 0.06 hours, estimated: 08-25 13:43 [0m
[94m[DEBUG] finished: 43/181, elapsed: 0.06 hours, estimated: 08-25 13:43 [0m
[94m[DEBUG] finished: 48/181, elapsed: 0.06 hours, estimated: 08-25 13:42 [0m
[94m[DEBUG] finished: 51/181, elapsed: 0.07 hours, estimated: 08-25 13:43 [0m
[94m[DEBUG] finished: 56/181, elapsed: 0.07 hours, estimated: 08-25 13:42 [0m
[94m[DEBUG] finished: 59/181, elapsed: 0.08 hours, estimated: 08-25 13:42 [0m
[94m[DEBUG] finished: 62/181, elapsed: 0.09 hours, estimated: 08-25 13:43 [0m
[92m[INFO] criteria: vanilla=timeout@60.000s; groups: shuffle=[unsat@16.205s, unsat@17.253s, unsat@26.431s, unsat@27.935s, unsat@35.014s, unsat@35.187s, unsat@21.603s, unsat@28.323s, unsat@24.123s, unsat@34.157s, unsat@31.226s, unsat@50.206s, unsat@43.236s, unsat@25.329s, unsat@49.698s, unsat@18.940s, unsat@34.314s, unsat@18.624s, unsat@38.896s, unsat@33.853s, unsat@26.272s, unsat@30.992s, unsat@29.315s, unsat@42.251s, unsat@15.447s, unsat@30.016s, unsat@51.151s, unsat@26.977s, unsat@24.166s, unsat@25.342s, unsat@34.085s, unsat@13.147s, unsat@27.203s, unsat@45.706s, unsat@30.069s, unsat@31.762s, unsat@58.114s, unsat@27.543s, unsat@20.826s, unsat@27.163s, unsat@29.364s, unsat@26.980s, unsat@53.243s, unsat@27.669s, unsat@57.637s, unsat@38.512s, unsat@16.046s, unsat@27.064s, unsat@21.531s, unsat@28.795s, unsat@21.071s, unsat@33.857s, unsat@40.066s, unsat@29.947s, unsat@32.005s, unsat@21.323s, unsat@20.223s, unsat@24.581s, unsat@39.902s, unsat@29.029s] (0 mutant result(s) pending); rename=[timeout@60.000s, timeout@60.000s, timeout@60.000s] (57 mutant result(s) pending); reseed=[] (60 mutant result(s) pending); possible final categories=[unstable] [0m
[92m[INFO] early decision: gen/sproj_single_bfa5bc22a4/anvil__vdeployment_controller__proof__liveness__rolling_update__composition__lemma_inductive_current_state_matches_preserves_from_s_to_s_prime_during_api_server_step.smt2 -> not_stable; skipping 111 queued tasks [0m
[94m[DEBUG] finished: 64/70, elapsed: 0.09 hours, estimated: 08-25 13:34 [0m
[94m[DEBUG] finished: 67/70, elapsed: 0.1 hours, estimated: 08-25 13:33 [0m
[94m[DEBUG] finished: 69/70, elapsed: 0.1 hours, estimated: 08-25 13:34 [0m
=== stable (0) ===
Starting Cazamariposas
[92m[INFO] [init] loaded cached artifacts: traces=5, cores=2, proofs=2 [0m
[92m[INFO] [init] cached-proofs-only: skipping trace, core, and proof construction [0m
[92m[INFO] [init] dbg root: dbg/bfa5bc22a4/ [0m
[92m[INFO] [init] bfa5bc22a4 auto selected DbgMode.TIMEOUT [0m
Found failure trace and proof object
[92m[INFO] [graph] found dbg/bfa5bc22a4/graphs/reseed.5937257372788757464.txt [0m
[92m[INFO] [stats] found dbg/bfa5bc22a4/stats/reseed.5937257372788757464.txt [0m
[94m[DEBUG] [edit] proof path: dbg/bfa5bc22a4/proofs/rename.191134073603777486.proof [0m
[94m[DEBUG] [edit] trace path: dbg/bfa5bc22a4/traces/reseed.5937257372788757464 [0m
1f53966d070202f90574e1c38c7381de.pickle
[93m[WARN] [differ] qid unknown_377 not found in dbg/bfa5bc22a4/orig.smt2 [0m
[93m[WARN] [differ] qid unknown_440 not found in dbg/bfa5bc22a4/orig.smt2 [0m
[93m[WARN] [differ] qid unknown_482 not found in dbg/bfa5bc22a4/orig.smt2 [0m
[93m[WARN] [differ] qid unknown_571 not found in dbg/bfa5bc22a4/orig.smt2 [0m
[93m[WARN] [differ] qid unknown_667 not found in dbg/bfa5bc22a4/orig.smt2 [0m
[93m[WARN] [differ] qid unknown_739 not found in dbg/bfa5bc22a4/orig.smt2 [0m
[93m[WARN] [differ] qid unknown_782 not found in dbg/bfa5bc22a4/orig.smt2 [0m
[93m[WARN] [differ] qid unknown_824 not found in dbg/bfa5bc22a4/orig.smt2 [0m
[93m[WARN] [differ] qid unknown_207 not found in dbg/bfa5bc22a4/orig.smt2 [0m
[93m[WARN] [differ] qid unknown_679 not found in dbg/bfa5bc22a4/orig.smt2 [0m
[93m[WARN] [differ] qid unknown_834 not found in dbg/bfa5bc22a4/orig.smt2 [0m
[93m[WARN] [differ] qid unknown_843 not found in dbg/bfa5bc22a4/orig.smt2 [0m
[93m[WARN] [differ] qid unknown_850 not found in dbg/bfa5bc22a4/orig.smt2 [0m
[93m[WARN] [differ] qid unknown_867 not found in dbg/bfa5bc22a4/orig.smt2 [0m
[93m[WARN] [differ] qid unknown_792 not found in dbg/bfa5bc22a4/orig.smt2 [0m
[93m[WARN] [differ] qid unknown_259 not found in dbg/bfa5bc22a4/orig.smt2 [0m
[93m[WARN] [differ] qid unknown_831 not found in dbg/bfa5bc22a4/orig.smt2 [0m
[93m[WARN] [differ] qid unknown_859 not found in dbg/bfa5bc22a4/orig.smt2 [0m
[93m[WARN] [differ] qid constructor_accessor_axiom not found in dbg/bfa5bc22a4/orig.smt2 [0m
[93m[WARN] [differ] qid <null> not found in dbg/bfa5bc22a4/orig.smt2 [0m
[92m[INFO] [edit] [inst] prelude_unbox_box_bool 100 instances [0m
[92m[INFO] [edit] written to data/projs/timeout_bfa5bc22a4/base.z3/4aa1acb7.smt2 [0m
[92m[INFO] [edit] [inst] prelude_mk_fun 115 instances [0m
[92m[INFO] [edit] [erase] prelude_mk_fun [0m
[92m[INFO] [edit] written to data/projs/timeout_bfa5bc22a4/base.z3/8b310645.smt2 [0m
[92m[INFO] [edit] [inst] prelude_fuel_defaults 158 instances [0m
[92m[INFO] [edit] [erase] prelude_fuel_defaults [0m
[92m[INFO] [edit] written to data/projs/timeout_bfa5bc22a4/base.z3/8ab12f96.smt2 [0m
[92m[INFO] [edit] [erase] internal_verifiable_controllers!kubernetes_api_objects.spec.label_selector.LabelSelectorView./LabelSelectorView/match_labels_accessor_definition [0m
[92m[INFO] [edit] written to data/projs/timeout_bfa5bc22a4/base.z3/3da9a42d.smt2 [0m
[92m[INFO] [edit] [inst] mariposa_qid_10 2 instances [0m
[92m[INFO] [edit] [erase] mariposa_qid_10 [0m
[92m[INFO] [edit] written to data/projs/timeout_bfa5bc22a4/base.z3/0b1149bc.smt2 [0m
[92m[INFO] [edit] [inst] internal_verifiable_controllers!kubernetes_cluster.spec.api_server.state_machine.transition_by_etcd.?_definition 2 instances [0m
[92m[INFO] [edit] [erase] internal_verifiable_controllers!kubernetes_cluster.spec.api_server.state_machine.transition_by_etcd.?_definition [0m
[92m[INFO] [edit] written to data/projs/timeout_bfa5bc22a4/base.z3/4397ed51.smt2 [0m
[92m[INFO] [edit] [inst] internal_verifiable_controllers!kubernetes_api_objects.spec.object_meta.ObjectMetaView./ObjectMetaView/annotations_invariant_definition 2 instances [0m
[92m[INFO] [edit] [erase] internal_verifiable_controllers!kubernetes_api_objects.spec.object_meta.ObjectMetaView./ObjectMetaView/annotations_invariant_definition [0m
[92m[INFO] [edit] written to data/projs/timeout_bfa5bc22a4/base.z3/bd483e31.smt2 [0m
[92m[INFO] [edit] [inst] internal_verifiable_controllers!kubernetes_api_objects.spec.object_meta.ObjectMetaView./ObjectMetaView/uid_accessor_definition 21 instances [0m
[92m[INFO] [edit] written to data/projs/timeout_bfa5bc22a4/base.z3/caada865.smt2 [0m
[92m[INFO] [edit] [inst] internal_verifiable_controllers!kubernetes_api_objects.spec.object_meta.ObjectMetaView./ObjectMetaView/deletion_timestamp_invariant_definition 2 instances [0m
[92m[INFO] [edit] [erase] internal_verifiable_controllers!kubernetes_api_objects.spec.object_meta.ObjectMetaView./ObjectMetaView/deletion_timestamp_invariant_definition [0m
[92m[INFO] [edit] written to data/projs/timeout_bfa5bc22a4/base.z3/aebd5aa1.smt2 [0m
[92m[INFO] [edit] [inst] internal_verifiable_controllers!vdeployment_controller.proof.predicate.cluster_invariants_since_reconciliation.?_definition 1 instances [0m
[92m[INFO] [edit] [erase] internal_verifiable_controllers!vdeployment_controller.proof.predicate.cluster_invariants_since_reconciliation.?_definition [0m
[92m[INFO] [edit] written to data/projs/timeout_bfa5bc22a4/base.z3/b764e81d.smt2 [0m
Produced candidate smt2 files
[94m[DEBUG] created table timeout_bfa5bc22a4_base_z3_z3_4_16_0_exp [0m
[92m[INFO] running 10 original queries [0m
[94m[DEBUG] running ALL of timeout_bfa5bc22a4.base.z3 [0m
[94m[DEBUG] adding 10 tasks [0m
[92m[INFO] running 10 tasks [0m
[92m[INFO] there is 4 processors [0m
[94m[DEBUG] worker 0 finished in 71.17 seconds [0m
[94m[DEBUG] worker 2 finished in 79.95 seconds [0m
[94m[DEBUG] worker 3 finished in 82.22 seconds [0m
[94m[DEBUG] worker 1 finished in 96.47 seconds [0m
[92m[INFO] workers finished [0m
[92m[INFO] done post processing exp data [0m
verify candidate 4397ed51: 11.135s; rank=6; p=4; t=11.135
verify candidate 8b310645: 11.346s; rank=2; p=6; t=11.346
verify candidate 8ab12f96: 19.791s; rank=3; p=5; t=19.791
verify candidate b764e81d: 19.916s; rank=10; p=3; t=19.916
verify candidate caada865: 22.910s; rank=8; p=3; t=22.910
verify candidate aebd5aa1: 28.147s; rank=9; p=3; t=28.147
verify candidate bd483e31: 46.131s; rank=7; p=4; t=46.131
verify candidate 3da9a42d: 50.321s; rank=4; p=4; t=50.321
selected 8 verified candidates to data/projs/timeout_bfa5bc22a4.filtered/base.z3 with 209.697s vanilla verification budget
[92m[INFO] running 8 original queries [0m
[92m[INFO] running 80 tasks [0m
[92m[INFO] there is 7 processors [0m
[94m[DEBUG] created table timeout_bfa5bc22a4_filtered_base_z3_z3_4_16_0_exp [0m
[94m[DEBUG] running ALL of timeout_bfa5bc22a4.filtered.base.z3 [0m
[94m[DEBUG] adding 80 tasks [0m
[94m[DEBUG] worker 6 finished in 342.13 seconds [0m
[94m[DEBUG] worker 1 finished in 342.24 seconds [0m
[94m[DEBUG] worker 4 finished in 350.1 seconds [0m
[94m[DEBUG] worker 0 finished in 354.97 seconds [0m
[94m[DEBUG] worker 3 finished in 359.49 seconds [0m
[94m[DEBUG] worker 2 finished in 362.44 seconds [0m
[94m[DEBUG] worker 5 finished in 368.07 seconds [0m
[92m[INFO] workers finished [0m
[92m[INFO] done post processing exp data [0m
=== Overall Report ===

project dir:	data/projs/timeout_bfa5bc22a4.filtered/base.z3
exper config:	filter
solver path:	bin/z3-4.16.0
analyzer:	default

| category   |   count | percentage   |
|------------|---------|--------------|
| stable     |       4 | 50.0%        |
| unstable   |       4 | 50.0%        |
| total      |       8 | 100.00 %     |

=== Report End ===
Ran mariposa on filtered queries
[92m[INFO] carving out query 3da9a42d [0m
Passed Mutants (6):
gen/timeout_bfa5bc22a4.filtered/base.z3/filter/3da9a42d.6539081786183041771.reseed.smt2 - unsat - 26.92
gen/timeout_bfa5bc22a4.filtered/base.z3/filter/3da9a42d.5283372761912744483.shuffle.smt2 - unsat - 20.02
gen/timeout_bfa5bc22a4.filtered/base.z3/filter/3da9a42d.1561792397758761492.reseed.smt2 - unsat - 32.72
gen/timeout_bfa5bc22a4.filtered/base.z3/filter/3da9a42d.16512230737992496202.shuffle.smt2 - unsat - 33.11
gen/timeout_bfa5bc22a4.filtered/base.z3/filter/3da9a42d.1958853465872787819.reseed.smt2 - unsat - 36.55
gen/timeout_bfa5bc22a4.filtered/base.z3/filter/3da9a42d.13706405733636484871.shuffle.smt2 - unsat - 23.71

Failed Mutants (4):
gen/timeout_bfa5bc22a4.filtered/base.z3/filter/3da9a42d.3136670378333231754.rename.smt2 - timeout - 60.01
gen/timeout_bfa5bc22a4.filtered/base.z3/filter/3da9a42d.9667261493586621425.rename.smt2 - timeout - 60.01
data/projs/timeout_bfa5bc22a4.filtered/base.z3/3da9a42d.smt2 - timeout - 60.01
gen/timeout_bfa5bc22a4.filtered/base.z3/filter/3da9a42d.6967030958116932910.rename.smt2 - timeout - 60.01
[92m[INFO] carving out query 4397ed51 [0m
Passed Mutants (9):
data/projs/timeout_bfa5bc22a4.filtered/base.z3/4397ed51.smt2 - unsat - 12.93
gen/timeout_bfa5bc22a4.filtered/base.z3/filter/4397ed51.18411111906622989414.rename.smt2 - unsat - 12.77
gen/timeout_bfa5bc22a4.filtered/base.z3/filter/4397ed51.13678940979814887746.shuffle.smt2 - unsat - 32.79
gen/timeout_bfa5bc22a4.filtered/base.z3/filter/4397ed51.12618845286423449001.rename.smt2 - unsat - 12.84
gen/timeout_bfa5bc22a4.filtered/base.z3/filter/4397ed51.739271076939001020.shuffle.smt2 - unsat - 15.35
gen/timeout_bfa5bc22a4.filtered/base.z3/filter/4397ed51.4137592272558039238.shuffle.smt2 - unsat - 17.51
gen/timeout_bfa5bc22a4.filtered/base.z3/filter/4397ed51.16415823580984133572.reseed.smt2 - unsat - 59.49
gen/timeout_bfa5bc22a4.filtered/base.z3/filter/4397ed51.9655141731943547563.rename.smt2 - unsat - 12.85
gen/timeout_bfa5bc22a4.filtered/base.z3/filter/4397ed51.5698064883851222016.reseed.smt2 - unsat - 20.61

Failed Mutants (1):
gen/timeout_bfa5bc22a4.filtered/base.z3/filter/4397ed51.15704858734870581778.reseed.smt2 - timeout - 60.01
[92m[INFO] carving out query b764e81d [0m
Passed Mutants (7):
gen/timeout_bfa5bc22a4.filtered/base.z3/filter/b764e81d.9998533892265982912.rename.smt2 - unsat - 23.98
gen/timeout_bfa5bc22a4.filtered/base.z3/filter/b764e81d.7356463599091042177.shuffle.smt2 - unsat - 17.01
data/projs/timeout_bfa5bc22a4.filtered/base.z3/b764e81d.smt2 - unsat - 22.81
gen/timeout_bfa5bc22a4.filtered/base.z3/filter/b764e81d.11061088720520345237.shuffle.smt2 - unsat - 24.75
gen/timeout_bfa5bc22a4.filtered/base.z3/filter/b764e81d.5694567074356706349.rename.smt2 - unsat - 22.92
gen/timeout_bfa5bc22a4.filtered/base.z3/filter/b764e81d.8583857944124027303.shuffle.smt2 - unsat - 19.24
gen/timeout_bfa5bc22a4.filtered/base.z3/filter/b764e81d.5745262394177587402.rename.smt2 - unsat - 23.91

Failed Mutants (3):
gen/timeout_bfa5bc22a4.filtered/base.z3/filter/b764e81d.9237041750103525139.reseed.smt2 - timeout - 60.01
gen/timeout_bfa5bc22a4.filtered/base.z3/filter/b764e81d.16056028594644338137.reseed.smt2 - timeout - 60.01
gen/timeout_bfa5bc22a4.filtered/base.z3/filter/b764e81d.15398350264178444228.reseed.smt2 - timeout - 60.01
[92m[INFO] carving out query bd483e31 [0m
Passed Mutants (6):
gen/timeout_bfa5bc22a4.filtered/base.z3/filter/bd483e31.6328411092631111814.shuffle.smt2 - unsat - 26.76
gen/timeout_bfa5bc22a4.filtered/base.z3/filter/bd483e31.8317872515732893912.reseed.smt2 - unsat - 47.61
gen/timeout_bfa5bc22a4.filtered/base.z3/filter/bd483e31.244001567093127061.shuffle.smt2 - unsat - 27.51
gen/timeout_bfa5bc22a4.filtered/base.z3/filter/bd483e31.13515029404203058978.reseed.smt2 - unsat - 37.43
gen/timeout_bfa5bc22a4.filtered/base.z3/filter/bd483e31.6478375356522062353.shuffle.smt2 - unsat - 36.06
gen/timeout_bfa5bc22a4.filtered/base.z3/filter/bd483e31.1702306606490434499.reseed.smt2 - unsat - 45.02

Failed Mutants (4):
data/projs/timeout_bfa5bc22a4.filtered/base.z3/bd483e31.smt2 - timeout - 60.01
gen/timeout_bfa5bc22a4.filtered/base.z3/filter/bd483e31.7189067704093383772.rename.smt2 - timeout - 60.01
gen/timeout_bfa5bc22a4.filtered/base.z3/filter/bd483e31.15146040619073029063.rename.smt2 - timeout - 60.01
gen/timeout_bfa5bc22a4.filtered/base.z3/filter/bd483e31.1289380186679287579.rename.smt2 - timeout - 60.01
[92m[INFO] removed 4 queries, 4 remaining [0m
Carved out unstable queries
Ran early-stop stability checks until a stable fix was found
Checking candidates by increasing vanilla verification time
Checking candidate 1/4 for stability: data/projs/timeout_bfa5bc22a4.filtered/base.z3/8b310645.smt2
[92m[INFO] removing gen/sproj_single_271fb719fd [0m
[92m[INFO] using 60s solver timeout (capped by analyzer 60sec) [0m
[94m[DEBUG] created table single_271fb719fd_base_z3_z3_4_16_0_exp [0m
[92m[INFO] running 1 original queries [0m
[94m[DEBUG] running ALL of single_271fb719fd.base.z3 [0m
[94m[DEBUG] adding 181 tasks [0m
[94m[DEBUG] finished: 1/181, elapsed: 0.0 hours, estimated: 08-25 13:42 [0m
[94m[DEBUG] finished: 7/181, elapsed: 0.01 hours, estimated: 08-25 13:57 [0m
[94m[DEBUG] finished: 13/181, elapsed: 0.01 hours, estimated: 08-25 13:50 [0m
[94m[DEBUG] finished: 16/181, elapsed: 0.02 hours, estimated: 08-25 13:55 [0m
[94m[DEBUG] finished: 23/181, elapsed: 0.02 hours, estimated: 08-25 13:51 [0m
[94m[DEBUG] finished: 28/181, elapsed: 0.02 hours, estimated: 08-25 13:50 [0m
[94m[DEBUG] finished: 29/181, elapsed: 0.03 hours, estimated: 08-25 13:53 [0m
[94m[DEBUG] finished: 36/181, elapsed: 0.03 hours, estimated: 08-25 13:51 [0m
[94m[DEBUG] finished: 41/181, elapsed: 0.04 hours, estimated: 08-25 13:52 [0m
[94m[DEBUG] finished: 47/181, elapsed: 0.04 hours, estimated: 08-25 13:51 [0m
[94m[DEBUG] finished: 53/181, elapsed: 0.05 hours, estimated: 08-25 13:52 [0m
[94m[DEBUG] finished: 55/181, elapsed: 0.05 hours, estimated: 08-25 13:51 [0m
[94m[DEBUG] finished: 62/181, elapsed: 0.05 hours, estimated: 08-25 13:51 [0m
[94m[DEBUG] finished: 69/181, elapsed: 0.06 hours, estimated: 08-25 13:51 [0m
[94m[DEBUG] finished: 76/181, elapsed: 0.06 hours, estimated: 08-25 13:50 [0m
[94m[DEBUG] finished: 83/181, elapsed: 0.06 hours, estimated: 08-25 13:50 [0m
[94m[DEBUG] finished: 90/181, elapsed: 0.07 hours, estimated: 08-25 13:50 [0m
[94m[DEBUG] finished: 97/181, elapsed: 0.07 hours, estimated: 08-25 13:50 [0m
[94m[DEBUG] finished: 104/181, elapsed: 0.08 hours, estimated: 08-25 13:50 [0m
[94m[DEBUG] finished: 111/181, elapsed: 0.08 hours, estimated: 08-25 13:49 [0m
[94m[DEBUG] finished: 118/181, elapsed: 0.08 hours, estimated: 08-25 13:49 [0m
[94m[DEBUG] finished: 125/181, elapsed: 0.09 hours, estimated: 08-25 13:49 [0m
[94m[DEBUG] finished: 132/181, elapsed: 0.09 hours, estimated: 08-25 13:49 [0m
[94m[DEBUG] finished: 139/181, elapsed: 0.09 hours, estimated: 08-25 13:49 [0m
[94m[DEBUG] finished: 146/181, elapsed: 0.1 hours, estimated: 08-25 13:49 [0m
[94m[DEBUG] finished: 153/181, elapsed: 0.1 hours, estimated: 08-25 13:49 [0m
[94m[DEBUG] finished: 160/181, elapsed: 0.1 hours, estimated: 08-25 13:49 [0m
[94m[DEBUG] finished: 167/181, elapsed: 0.11 hours, estimated: 08-25 13:49 [0m
[94m[DEBUG] finished: 174/181, elapsed: 0.11 hours, estimated: 08-25 13:48 [0m
=== stable (1) ===
query path: gen/sproj_single_271fb719fd/8b310645.smt2
Found a stable fix; stopping further stability checks
Got list of fixes
Found 1 fix(es):
    8b310645: inst_replace prelude_mk_fun -> data/projs/timeout_bfa5bc22a4/base.z3/8b310645.smt2

=== Caza external-call time (wall clock) ===
  378.19s  initial stability check
    0.05s  build debugger trace and proof
    5.07s  finding fixes
   96.52s  verify candidates
    0.02s  filter broken candidates
  368.65s  filter candidates experiment
    0.88s  carve unstable candidates
  405.72s  early stability check 8b310645.smt2
 1255.09s  total

================================================================================
[7/73] Caza query finished 2026-08-25T13:48:58
exit status: 0
================================================================================

================================================================================
[8/73] Caza query started 2026-08-25T13:48:58
query: /home/youjia/mariposa/data/verita_bad/anvil__vdeployment_controller__proof__liveness__rolling_update__resource_match__lemma_from_after_scale_new_vrs_to_not_desired_state_with_nv.smt2
command: /usr/bin/python3 -u /home/youjia/mariposa/src/caza_wizard.py --set-seed 0x87654321 --early --fast-proof --sort time /home/youjia/mariposa/data/verita_bad/anvil__vdeployment_controller__proof__liveness__rolling_update__resource_match__lemma_from_after_scale_new_vrs_to_not_desired_state_with_nv.smt2
================================================================================
Parsing...
Checking whether the input query is already stable
[92m[INFO] using 60s solver timeout (capped by analyzer 60sec) [0m
[94m[DEBUG] created table single_ae7dbf5ae6_base_z3_z3_4_16_0_exp [0m
[92m[INFO] running 1 original queries [0m
[94m[DEBUG] running ALL of single_ae7dbf5ae6.base.z3 [0m
[94m[DEBUG] adding 181 tasks [0m
[94m[DEBUG] finished: 1/181, elapsed: 0.01 hours, estimated: 08-25 15:37 [0m
[94m[DEBUG] finished: 4/181, elapsed: 0.01 hours, estimated: 08-25 14:15 [0m
[94m[DEBUG] finished: 8/181, elapsed: 0.02 hours, estimated: 08-25 14:15 [0m
[94m[DEBUG] finished: 10/181, elapsed: 0.02 hours, estimated: 08-25 14:10 [0m
[94m[DEBUG] finished: 13/181, elapsed: 0.02 hours, estimated: 08-25 14:06 [0m
[94m[DEBUG] finished: 15/181, elapsed: 0.03 hours, estimated: 08-25 14:10 [0m
[94m[DEBUG] finished: 16/181, elapsed: 0.03 hours, estimated: 08-25 14:09 [0m
[94m[DEBUG] finished: 19/181, elapsed: 0.03 hours, estimated: 08-25 14:06 [0m
[94m[DEBUG] finished: 21/181, elapsed: 0.04 hours, estimated: 08-25 14:09 [0m
[94m[DEBUG] finished: 25/181, elapsed: 0.05 hours, estimated: 08-25 14:10 [0m
[94m[DEBUG] finished: 28/181, elapsed: 0.05 hours, estimated: 08-25 14:08 [0m
[94m[DEBUG] finished: 31/181, elapsed: 0.05 hours, estimated: 08-25 14:06 [0m
[94m[DEBUG] finished: 33/181, elapsed: 0.06 hours, estimated: 08-25 14:08 [0m
[92m[INFO] criteria: vanilla=unsat@37.048s; groups: shuffle=[unsat@25.713s, unsat@25.958s, unsat@26.189s, unsat@36.711s, unsat@38.869s, unsat@39.049s, unsat@33.037s, unsat@25.046s, unsat@34.019s, unsat@35.795s, unsat@49.625s, unsat@59.381s, unsat@32.330s, timeout@60.000s, unsat@36.212s, unsat@25.509s, unsat@43.747s, timeout@60.000s, unsat@56.387s, unsat@47.067s, unsat@59.845s, unsat@30.377s, unsat@26.233s, unsat@47.494s, unsat@38.046s, timeout@60.000s, unsat@34.300s, unsat@36.915s, unsat@22.452s, unsat@31.295s, unsat@47.346s, unsat@31.924s, timeout@60.000s] (27 mutant result(s) pending); rename=[] (60 mutant result(s) pending); reseed=[] (60 mutant result(s) pending); possible final categories=[unstable] [0m
[92m[INFO] early decision: gen/sproj_single_ae7dbf5ae6/anvil__vdeployment_controller__proof__liveness__rolling_update__resource_match__lemma_from_after_scale_new_vrs_to_not_desired_state_with_nv.smt2 -> not_stable; skipping 141 queued tasks [0m
[94m[DEBUG] finished: 36/40, elapsed: 0.06 hours, estimated: 08-25 13:53 [0m
[94m[DEBUG] finished: 37/40, elapsed: 0.07 hours, estimated: 08-25 13:53 [0m
=== stable (0) ===
Starting Cazamariposas
[92m[INFO] [init] loaded cached artifacts: traces=5, cores=4, proofs=1 [0m
[92m[INFO] [init] cached-proofs-only: skipping trace, core, and proof construction [0m
[92m[INFO] [init] dbg root: dbg/ae7dbf5ae6/ [0m
[92m[INFO] [init] ae7dbf5ae6 auto selected DbgMode.TIMEOUT [0m
Found failure trace and proof object
[92m[INFO] [graph] found dbg/ae7dbf5ae6/graphs/reseed.5937257372788757464.txt [0m
[92m[INFO] [stats] found dbg/ae7dbf5ae6/stats/reseed.5937257372788757464.txt [0m
[94m[DEBUG] [edit] proof path: dbg/ae7dbf5ae6/proofs/shuffle.10811573446826497288.proof [0m
[94m[DEBUG] [edit] trace path: dbg/ae7dbf5ae6/traces/reseed.5937257372788757464 [0m
83f27d7535cf0d3608e1eedcd5c50fed.pickle
[93m[WARN] [differ] qid unknown_809 not found in dbg/ae7dbf5ae6/orig.smt2 [0m
[93m[WARN] [differ] qid unknown_894 not found in dbg/ae7dbf5ae6/orig.smt2 [0m
[93m[WARN] [differ] qid unknown_901 not found in dbg/ae7dbf5ae6/orig.smt2 [0m
[93m[WARN] [differ] qid unknown_769 not found in dbg/ae7dbf5ae6/orig.smt2 [0m
[93m[WARN] [differ] qid unknown_860 not found in dbg/ae7dbf5ae6/orig.smt2 [0m
[93m[WARN] [differ] qid unknown_876 not found in dbg/ae7dbf5ae6/orig.smt2 [0m
[93m[WARN] [differ] qid unknown_883 not found in dbg/ae7dbf5ae6/orig.smt2 [0m
[93m[WARN] [differ] qid unknown_868 not found in dbg/ae7dbf5ae6/orig.smt2 [0m
[93m[WARN] [differ] qid unknown_478 not found in dbg/ae7dbf5ae6/orig.smt2 [0m
[93m[WARN] [differ] qid unknown_920 not found in dbg/ae7dbf5ae6/orig.smt2 [0m
[93m[WARN] [differ] qid unknown_942 not found in dbg/ae7dbf5ae6/orig.smt2 [0m
[93m[WARN] [differ] qid unknown_864 not found in dbg/ae7dbf5ae6/orig.smt2 [0m
[93m[WARN] [differ] qid unknown_933 not found in dbg/ae7dbf5ae6/orig.smt2 [0m
[93m[WARN] [differ] qid constructor_accessor_axiom not found in dbg/ae7dbf5ae6/orig.smt2 [0m
[93m[WARN] [differ] qid <null> not found in dbg/ae7dbf5ae6/orig.smt2 [0m
[92m[INFO] [edit] [erase] internal_verifiable_controllers!kubernetes_api_objects.spec.object_meta.ObjectMetaView./ObjectMetaView/resource_version_invariant_definition [0m
[92m[INFO] [edit] written to data/projs/timeout_ae7dbf5ae6/base.z3/9e2dfc3c.smt2 [0m
[92m[INFO] [edit] [inst] internal_verifiable_controllers__kubernetes_api_objects__spec__object_meta__ObjectMetaView_box_axiom_definition 64 instances [0m
[92m[INFO] [edit] [erase] internal_verifiable_controllers__kubernetes_api_objects__spec__object_meta__ObjectMetaView_box_axiom_definition [0m
[92m[INFO] [edit] written to data/projs/timeout_ae7dbf5ae6/base.z3/d728535d.smt2 [0m
[92m[INFO] [edit] [inst] internal_verifiable_controllers!kubernetes_cluster.spec.cluster.impl&__2.next_step.?_definition 1 instances [0m
[92m[INFO] [edit] [erase] internal_verifiable_controllers!kubernetes_cluster.spec.cluster.impl&__2.next_step.?_definition [0m
[92m[INFO] [edit] written to data/projs/timeout_ae7dbf5ae6/base.z3/14c3d0e3.smt2 [0m
[92m[INFO] [edit] [inst] mariposa_qid_25 2 instances [0m
[92m[INFO] [edit] [erase] mariposa_qid_25 [0m
[92m[INFO] [edit] written to data/projs/timeout_ae7dbf5ae6/base.z3/cbc8d791.smt2 [0m
[92m[INFO] [edit] [inst] internal_verifiable_controllers!kubernetes_api_objects.spec.object_meta.ObjectMetaView./ObjectMetaView/annotations_accessor_definition 18 instances [0m
[92m[INFO] [edit] [erase] internal_verifiable_controllers!kubernetes_api_objects.spec.object_meta.ObjectMetaView./ObjectMetaView/annotations_accessor_definition [0m
[92m[INFO] [edit] written to data/projs/timeout_ae7dbf5ae6/base.z3/fdc23641.smt2 [0m
[92m[INFO] [edit] [inst] internal_tuple__3./tuple__3/0_accessor_definition 5 instances [0m
[92m[INFO] [edit] [erase] internal_tuple__3./tuple__3/0_accessor_definition [0m
[92m[INFO] [edit] written to data/projs/timeout_ae7dbf5ae6/base.z3/18e17c0c.smt2 [0m
[92m[INFO] [edit] [inst] internal_verifiable_controllers!state_machine.state_machine.impl&__0.next_result.?_definition 4 instances [0m
[92m[INFO] [edit] [erase] internal_verifiable_controllers!state_machine.state_machine.impl&__0.next_result.?_definition [0m
[92m[INFO] [edit] written to data/projs/timeout_ae7dbf5ae6/base.z3/96f38b01.smt2 [0m
[92m[INFO] [edit] [erase] internal_verifiable_controllers!vreplicaset_controller.trusted.spec_types.VReplicaSetSpecView./VReplicaSetSpecView_constructor_definition [0m
[92m[INFO] [edit] written to data/projs/timeout_ae7dbf5ae6/base.z3/0ecd8556.smt2 [0m
[92m[INFO] [edit] [inst] internal_verifiable_controllers!kubernetes_api_objects.spec.object_meta.ObjectMetaView./ObjectMetaView/deletion_timestamp_accessor_definition 26 instances [0m
[92m[INFO] [edit] [erase] internal_verifiable_controllers!kubernetes_api_objects.spec.object_meta.ObjectMetaView./ObjectMetaView/deletion_timestamp_accessor_definition [0m
[92m[INFO] [edit] written to data/projs/timeout_ae7dbf5ae6/base.z3/12e21825.smt2 [0m
[92m[INFO] [edit] [inst] internal_verifiable_controllers!kubernetes_api_objects.spec.object_meta.ObjectMetaView./ObjectMetaView/owner_references_accessor_definition 31 instances [0m
[92m[INFO] [edit] [erase] internal_verifiable_controllers!kubernetes_api_objects.spec.object_meta.ObjectMetaView./ObjectMetaView/owner_references_accessor_definition [0m
[92m[INFO] [edit] written to data/projs/timeout_ae7dbf5ae6/base.z3/f0b8cf6f.smt2 [0m
Produced candidate smt2 files
[94m[DEBUG] created table timeout_ae7dbf5ae6_base_z3_z3_4_16_0_exp [0m
[92m[INFO] running 10 original queries [0m
[94m[DEBUG] running ALL of timeout_ae7dbf5ae6.base.z3 [0m
[94m[DEBUG] adding 10 tasks [0m
[92m[INFO] running 10 tasks [0m
[92m[INFO] there is 4 processors [0m
[94m[DEBUG] worker 3 finished in 94.08 seconds [0m
[94m[DEBUG] worker 2 finished in 97.65 seconds [0m
[94m[DEBUG] worker 0 finished in 105.2 seconds [0m
[94m[DEBUG] worker 1 finished in 119.22 seconds [0m
[92m[INFO] workers finished [0m
[92m[INFO] done post processing exp data [0m
verify candidate 9e2dfc3c: 31.005s; rank=1; p=8; t=31.005
verify candidate 0ecd8556: 32.960s; rank=8; p=3; t=32.960
verify candidate 12e21825: 33.668s; rank=9; p=3; t=33.668
verify candidate 14c3d0e3: 34.037s; rank=3; p=5; t=34.037
verify candidate 18e17c0c: 47.625s; rank=6; p=4; t=47.625
verify candidate cbc8d791: 56.868s; rank=4; p=4; t=56.868
verify candidate d728535d: 59.181s; rank=2; p=6; t=59.181
selected 7 verified candidates to data/projs/timeout_ae7dbf5ae6.filtered/base.z3 with 295.344s vanilla verification budget
[92m[INFO] running 7 original queries [0m
[92m[INFO] running 70 tasks [0m
[92m[INFO] there is 7 processors [0m
[94m[DEBUG] created table timeout_ae7dbf5ae6_filtered_base_z3_z3_4_16_0_exp [0m
[94m[DEBUG] running ALL of timeout_ae7dbf5ae6.filtered.base.z3 [0m
[94m[DEBUG] adding 70 tasks [0m
[94m[DEBUG] worker 1 finished in 450.04 seconds [0m
[94m[DEBUG] worker 5 finished in 453.09 seconds [0m
[94m[DEBUG] worker 2 finished in 466.08 seconds [0m
[94m[DEBUG] worker 4 finished in 479.4 seconds [0m
[94m[DEBUG] worker 0 finished in 479.47 seconds [0m
[94m[DEBUG] worker 6 finished in 487.68 seconds [0m
[94m[DEBUG] worker 3 finished in 493.76 seconds [0m
[92m[INFO] workers finished [0m
[92m[INFO] done post processing exp data [0m
=== Overall Report ===

project dir:	data/projs/timeout_ae7dbf5ae6.filtered/base.z3
exper config:	filter
solver path:	bin/z3-4.16.0
analyzer:	default

| category   |   count | percentage   |
|------------|---------|--------------|
| unstable   |       5 | 71.43%       |
| stable     |       2 | 28.57%       |
| total      |       7 | 100.00 %     |

=== Report End ===
Ran mariposa on filtered queries
[92m[INFO] carving out query 12e21825 [0m
Passed Mutants (9):
gen/timeout_ae7dbf5ae6.filtered/base.z3/filter/12e21825.5769563682908081838.shuffle.smt2 - unsat - 49.76
gen/timeout_ae7dbf5ae6.filtered/base.z3/filter/12e21825.7705184915049795750.reseed.smt2 - unsat - 40.72
gen/timeout_ae7dbf5ae6.filtered/base.z3/filter/12e21825.9678948479528088044.shuffle.smt2 - unsat - 47.68
gen/timeout_ae7dbf5ae6.filtered/base.z3/filter/12e21825.7147044790636031989.reseed.smt2 - unsat - 40.02
gen/timeout_ae7dbf5ae6.filtered/base.z3/filter/12e21825.559746961574597669.rename.smt2 - unsat - 41.18
gen/timeout_ae7dbf5ae6.filtered/base.z3/filter/12e21825.15586344616683525446.rename.smt2 - unsat - 41.81
data/projs/timeout_ae7dbf5ae6.filtered/base.z3/12e21825.smt2 - unsat - 41.98
gen/timeout_ae7dbf5ae6.filtered/base.z3/filter/12e21825.2314322362356618458.reseed.smt2 - unsat - 40.44
gen/timeout_ae7dbf5ae6.filtered/base.z3/filter/12e21825.10261000800532139990.rename.smt2 - unsat - 36.62

Failed Mutants (1):
gen/timeout_ae7dbf5ae6.filtered/base.z3/filter/12e21825.11272363573866028953.shuffle.smt2 - timeout - 60.02
[92m[INFO] carving out query 18e17c0c [0m
Passed Mutants (7):
gen/timeout_ae7dbf5ae6.filtered/base.z3/filter/18e17c0c.11554961271620856134.reseed.smt2 - unsat - 44.03
gen/timeout_ae7dbf5ae6.filtered/base.z3/filter/18e17c0c.8137855475144788478.rename.smt2 - unsat - 55.25
gen/timeout_ae7dbf5ae6.filtered/base.z3/filter/18e17c0c.6494419015681869446.reseed.smt2 - unsat - 53.16
data/projs/timeout_ae7dbf5ae6.filtered/base.z3/18e17c0c.smt2 - unsat - 54.72
gen/timeout_ae7dbf5ae6.filtered/base.z3/filter/18e17c0c.10010876679251909140.rename.smt2 - unsat - 54.51
gen/timeout_ae7dbf5ae6.filtered/base.z3/filter/18e17c0c.10651072686315562694.reseed.smt2 - unsat - 43.32
gen/timeout_ae7dbf5ae6.filtered/base.z3/filter/18e17c0c.14528032553686389940.rename.smt2 - unsat - 52.95

Failed Mutants (3):
gen/timeout_ae7dbf5ae6.filtered/base.z3/filter/18e17c0c.12981316468064067300.shuffle.smt2 - timeout - 60.02
gen/timeout_ae7dbf5ae6.filtered/base.z3/filter/18e17c0c.8069638769166297434.shuffle.smt2 - timeout - 60.02
gen/timeout_ae7dbf5ae6.filtered/base.z3/filter/18e17c0c.13104096430499918795.shuffle.smt2 - timeout - 60.02
[92m[INFO] carving out query 9e2dfc3c [0m
Passed Mutants (9):
data/projs/timeout_ae7dbf5ae6.filtered/base.z3/9e2dfc3c.smt2 - unsat - 36.34
gen/timeout_ae7dbf5ae6.filtered/base.z3/filter/9e2dfc3c.8028377618228453497.rename.smt2 - unsat - 36.95
gen/timeout_ae7dbf5ae6.filtered/base.z3/filter/9e2dfc3c.3709799616463237638.shuffle.smt2 - unsat - 35.56
gen/timeout_ae7dbf5ae6.filtered/base.z3/filter/9e2dfc3c.901821854592332358.reseed.smt2 - unsat - 38.59
gen/timeout_ae7dbf5ae6.filtered/base.z3/filter/9e2dfc3c.18365995203975371454.rename.smt2 - unsat - 37.0
gen/timeout_ae7dbf5ae6.filtered/base.z3/filter/9e2dfc3c.4449428843077561329.shuffle.smt2 - unsat - 38.66
gen/timeout_ae7dbf5ae6.filtered/base.z3/filter/9e2dfc3c.6185774505419932809.reseed.smt2 - unsat - 37.82
gen/timeout_ae7dbf5ae6.filtered/base.z3/filter/9e2dfc3c.7454708863668460265.rename.smt2 - unsat - 36.84
gen/timeout_ae7dbf5ae6.filtered/base.z3/filter/9e2dfc3c.5665714185517544266.reseed.smt2 - unsat - 37.96

Failed Mutants (1):
gen/timeout_ae7dbf5ae6.filtered/base.z3/filter/9e2dfc3c.722577340287042025.shuffle.smt2 - timeout - 60.01
[92m[INFO] carving out query cbc8d791 [0m
Passed Mutants (4):
gen/timeout_ae7dbf5ae6.filtered/base.z3/filter/cbc8d791.8305506422625682176.reseed.smt2 - unsat - 47.72
gen/timeout_ae7dbf5ae6.filtered/base.z3/filter/cbc8d791.17879640679380294157.shuffle.smt2 - unsat - 39.92
gen/timeout_ae7dbf5ae6.filtered/base.z3/filter/cbc8d791.6641097056631064710.reseed.smt2 - unsat - 46.49
gen/timeout_ae7dbf5ae6.filtered/base.z3/filter/cbc8d791.15218277699222085773.reseed.smt2 - unsat - 55.57

Failed Mutants (6):
gen/timeout_ae7dbf5ae6.filtered/base.z3/filter/cbc8d791.18347871284009466512.rename.smt2 - timeout - 60.01
gen/timeout_ae7dbf5ae6.filtered/base.z3/filter/cbc8d791.16709118846150437689.shuffle.smt2 - timeout - 60.01
gen/timeout_ae7dbf5ae6.filtered/base.z3/filter/cbc8d791.4744638462232689954.rename.smt2 - timeout - 60.01
data/projs/timeout_ae7dbf5ae6.filtered/base.z3/cbc8d791.smt2 - timeout - 60.01
gen/timeout_ae7dbf5ae6.filtered/base.z3/filter/cbc8d791.3962771105690702141.rename.smt2 - timeout - 60.02
gen/timeout_ae7dbf5ae6.filtered/base.z3/filter/cbc8d791.13609714800535472684.shuffle.smt2 - timeout - 60.02
[92m[INFO] carving out query d728535d [0m
Passed Mutants (1):
gen/timeout_ae7dbf5ae6.filtered/base.z3/filter/d728535d.17044318511360649000.shuffle.smt2 - unsat - 52.23

Failed Mutants (9):
gen/timeout_ae7dbf5ae6.filtered/base.z3/filter/d728535d.6381869864481285289.rename.smt2 - timeout - 60.01
gen/timeout_ae7dbf5ae6.filtered/base.z3/filter/d728535d.84195055400673408.reseed.smt2 - timeout - 60.02
gen/timeout_ae7dbf5ae6.filtered/base.z3/filter/d728535d.7950696562339184116.reseed.smt2 - timeout - 60.02
gen/timeout_ae7dbf5ae6.filtered/base.z3/filter/d728535d.8718757052058917349.rename.smt2 - timeout - 60.02
gen/timeout_ae7dbf5ae6.filtered/base.z3/filter/d728535d.16818351275418585278.shuffle.smt2 - timeout - 60.02
gen/timeout_ae7dbf5ae6.filtered/base.z3/filter/d728535d.7934812726320772432.rename.smt2 - timeout - 60.02
gen/timeout_ae7dbf5ae6.filtered/base.z3/filter/d728535d.1638025461818987632.shuffle.smt2 - timeout - 60.01
gen/timeout_ae7dbf5ae6.filtered/base.z3/filter/d728535d.11910991335978277773.reseed.smt2 - timeout - 60.01
data/projs/timeout_ae7dbf5ae6.filtered/base.z3/d728535d.smt2 - timeout - 60.01
[92m[INFO] removed 5 queries, 2 remaining [0m
Carved out unstable queries
Ran early-stop stability checks until a stable fix was found
Checking candidates by increasing vanilla verification time
Checking candidate 1/2 for stability: data/projs/timeout_ae7dbf5ae6.filtered/base.z3/0ecd8556.smt2
[92m[INFO] removing gen/sproj_single_32b7681627 [0m
[92m[INFO] using 60s solver timeout (capped by analyzer 60sec) [0m
[94m[DEBUG] created table single_32b7681627_base_z3_z3_4_16_0_exp [0m
[92m[INFO] running 1 original queries [0m
[94m[DEBUG] running ALL of single_32b7681627.base.z3 [0m
[94m[DEBUG] adding 181 tasks [0m
[94m[DEBUG] finished: 1/181, elapsed: 0.01 hours, estimated: 08-25 15:52 [0m
[94m[DEBUG] finished: 5/181, elapsed: 0.01 hours, estimated: 08-25 14:25 [0m
[94m[DEBUG] finished: 7/181, elapsed: 0.02 hours, estimated: 08-25 14:34 [0m
[94m[DEBUG] finished: 9/181, elapsed: 0.02 hours, estimated: 08-25 14:27 [0m
[94m[DEBUG] finished: 12/181, elapsed: 0.03 hours, estimated: 08-25 14:30 [0m
[94m[DEBUG] finished: 15/181, elapsed: 0.03 hours, estimated: 08-25 14:25 [0m
[94m[DEBUG] finished: 19/181, elapsed: 0.03 hours, estimated: 08-25 14:21 [0m
[94m[DEBUG] finished: 20/181, elapsed: 0.04 hours, estimated: 08-25 14:25 [0m
[92m[INFO] criteria: vanilla=unsat@37.901s; groups: shuffle=[unsat@33.618s, unsat@38.458s, unsat@43.479s, unsat@47.791s, unsat@49.478s, timeout@60.000s, unsat@30.591s, unsat@34.151s, unsat@40.991s, unsat@30.959s, unsat@33.915s, timeout@60.000s, unsat@38.793s, timeout@60.000s, unsat@30.952s, unsat@33.040s, unsat@34.744s, unsat@25.911s, unsat@39.648s, unsat@53.713s, unsat@29.339s, timeout@60.000s] (38 mutant result(s) pending); rename=[] (60 mutant result(s) pending); reseed=[] (60 mutant result(s) pending); possible final categories=[unsolvable, unstable] [0m
[92m[INFO] early decision: gen/sproj_single_32b7681627/0ecd8556.smt2 -> not_stable; skipping 152 queued tasks [0m
[94m[DEBUG] finished: 24/29, elapsed: 0.05 hours, estimated: 08-25 14:06 [0m
[94m[DEBUG] finished: 27/29, elapsed: 0.06 hours, estimated: 08-25 14:06 [0m
=== stable (0) ===
Checking candidate 2/2 for stability: data/projs/timeout_ae7dbf5ae6.filtered/base.z3/14c3d0e3.smt2
[92m[INFO] removing gen/sproj_single_da4273b5de [0m
[92m[INFO] using 60s solver timeout (capped by analyzer 60sec) [0m
[94m[DEBUG] created table single_da4273b5de_base_z3_z3_4_16_0_exp [0m
[92m[INFO] running 1 original queries [0m
[94m[DEBUG] running ALL of single_da4273b5de.base.z3 [0m
[94m[DEBUG] adding 181 tasks [0m
[94m[DEBUG] finished: 1/181, elapsed: 0.01 hours, estimated: 08-25 15:55 [0m
[94m[DEBUG] finished: 5/181, elapsed: 0.02 hours, estimated: 08-25 14:50 [0m
[94m[DEBUG] finished: 10/181, elapsed: 0.02 hours, estimated: 08-25 14:28 [0m
[94m[DEBUG] finished: 12/181, elapsed: 0.02 hours, estimated: 08-25 14:25 [0m
[94m[DEBUG] finished: 14/181, elapsed: 0.03 hours, estimated: 08-25 14:30 [0m
[94m[DEBUG] finished: 16/181, elapsed: 0.03 hours, estimated: 08-25 14:27 [0m
[92m[INFO] criteria: vanilla=unsat@39.099s; groups: shuffle=[unsat@30.319s, unsat@31.273s, unsat@38.843s, timeout@60.000s, timeout@60.000s, timeout@60.000s, unsat@34.586s, unsat@38.365s, unsat@33.273s, unsat@37.335s, unsat@28.279s, unsat@31.870s, unsat@33.683s, unsat@30.039s, unsat@53.648s, timeout@60.000s] (44 mutant result(s) pending); rename=[] (60 mutant result(s) pending); reseed=[] (60 mutant result(s) pending); possible final categories=[unsolvable, unstable] [0m
[92m[INFO] early decision: gen/sproj_single_da4273b5de/14c3d0e3.smt2 -> not_stable; skipping 158 queued tasks [0m
[94m[DEBUG] finished: 18/23, elapsed: 0.03 hours, estimated: 08-25 14:09 [0m
[94m[DEBUG] finished: 19/23, elapsed: 0.04 hours, estimated: 08-25 14:09 [0m
[94m[DEBUG] finished: 20/23, elapsed: 0.04 hours, estimated: 08-25 14:10 [0m
[94m[DEBUG] finished: 23/23, elapsed: 0.05 hours, estimated: 08-25 14:09 [0m
=== stable (0) ===
Got list of fixes
No fixes were found :(

=== Caza external-call time (wall clock) ===
  243.10s  initial stability check
    0.05s  build debugger trace and proof
   10.63s  finding fixes
  119.29s  verify candidates
    0.04s  filter broken candidates
  494.36s  filter candidates experiment
    0.89s  carve unstable candidates
  213.09s  early stability check 0ecd8556.smt2
  163.22s  early stability check 14c3d0e3.smt2
 1244.66s  total

================================================================================
[8/73] Caza query finished 2026-08-25T14:09:44
exit status: 0
================================================================================

================================================================================
[9/73] Caza query started 2026-08-25T14:09:44
query: /home/youjia/mariposa/data/verita_bad/anvil__vdeployment_controller__proof__liveness__rolling_update__resource_match__lemma_from_after_send_list_vrs_req_to_receive_list_vrs_resp_with_nv.smt2
command: /usr/bin/python3 -u /home/youjia/mariposa/src/caza_wizard.py --set-seed 0x87654321 --early --fast-proof --sort time /home/youjia/mariposa/data/verita_bad/anvil__vdeployment_controller__proof__liveness__rolling_update__resource_match__lemma_from_after_send_list_vrs_req_to_receive_list_vrs_resp_with_nv.smt2
================================================================================
Parsing...
Checking whether the input query is already stable
[92m[INFO] using 60s solver timeout (capped by analyzer 60sec) [0m
[94m[DEBUG] created table single_f8573ba911_base_z3_z3_4_16_0_exp [0m
[92m[INFO] running 1 original queries [0m
[94m[DEBUG] running ALL of single_f8573ba911.base.z3 [0m
[94m[DEBUG] adding 181 tasks [0m
[94m[DEBUG] finished: 1/181, elapsed: 0.01 hours, estimated: 08-25 15:58 [0m
[94m[DEBUG] finished: 7/181, elapsed: 0.01 hours, estimated: 08-25 14:25 [0m
[94m[DEBUG] finished: 10/181, elapsed: 0.01 hours, estimated: 08-25 14:20 [0m
[94m[DEBUG] finished: 13/181, elapsed: 0.02 hours, estimated: 08-25 14:26 [0m
[94m[DEBUG] finished: 17/181, elapsed: 0.02 hours, estimated: 08-25 14:22 [0m
[94m[DEBUG] finished: 21/181, elapsed: 0.03 hours, estimated: 08-25 14:25 [0m
[94m[DEBUG] finished: 25/181, elapsed: 0.03 hours, estimated: 08-25 14:23 [0m
[94m[DEBUG] finished: 26/181, elapsed: 0.04 hours, estimated: 08-25 14:26 [0m
[94m[DEBUG] finished: 28/181, elapsed: 0.04 hours, estimated: 08-25 14:25 [0m
[94m[DEBUG] finished: 31/181, elapsed: 0.04 hours, estimated: 08-25 14:23 [0m
[92m[INFO] criteria: vanilla=unsat@28.951s; groups: shuffle=[unsat@30.483s, unsat@34.462s, unsat@36.543s, unsat@37.891s, unsat@38.428s, unsat@40.282s, unsat@10.970s, unsat@17.894s, unsat@15.034s, unsat@19.089s, unsat@13.902s, unsat@37.642s, unsat@31.272s, unsat@21.419s, unsat@16.533s, unsat@19.444s, unsat@46.915s, unsat@20.075s, unsat@21.727s, unsat@32.180s, unsat@47.912s, unsat@18.518s, unsat@48.030s, unsat@15.006s, unsat@46.582s, unsat@23.193s, timeout@60.000s, unsat@15.689s, timeout@60.000s, unsat@16.213s, unsat@14.712s, timeout@60.000s, timeout@60.000s] (27 mutant result(s) pending); rename=[] (60 mutant result(s) pending); reseed=[] (60 mutant result(s) pending); possible final categories=[unstable] [0m
[92m[INFO] early decision: gen/sproj_single_f8573ba911/anvil__vdeployment_controller__proof__liveness__rolling_update__resource_match__lemma_from_after_send_list_vrs_req_to_receive_list_vrs_resp_with_nv.smt2 -> not_stable; skipping 141 queued tasks [0m
[94m[DEBUG] finished: 36/40, elapsed: 0.05 hours, estimated: 08-25 14:13 [0m
[94m[DEBUG] finished: 37/40, elapsed: 0.05 hours, estimated: 08-25 14:12 [0m
[94m[DEBUG] finished: 40/40, elapsed: 0.05 hours, estimated: 08-25 14:12 [0m
=== stable (0) ===
Starting Cazamariposas
[92m[INFO] [init] loaded cached artifacts: traces=5, cores=3, proofs=3 [0m
[92m[INFO] [init] cached-proofs-only: skipping trace, core, and proof construction [0m
[92m[INFO] [init] dbg root: dbg/f8573ba911/ [0m
[92m[INFO] [init] f8573ba911 auto selected DbgMode.TIMEOUT [0m
Found failure trace and proof object
[92m[INFO] [graph] found dbg/f8573ba911/graphs/reseed.14133853472351839148.txt [0m
[92m[INFO] [stats] found dbg/f8573ba911/stats/reseed.14133853472351839148.txt [0m
[94m[DEBUG] [edit] proof path: dbg/f8573ba911/proofs/rename.191134073603777486.proof [0m
[94m[DEBUG] [edit] trace path: dbg/f8573ba911/traces/reseed.14133853472351839148 [0m
04f11a7685394c50b523d5c1c3761a5e.pickle
[93m[WARN] [differ] qid unknown_530 not found in dbg/f8573ba911/orig.smt2 [0m
[93m[WARN] [differ] qid unknown_568 not found in dbg/f8573ba911/orig.smt2 [0m
[93m[WARN] [differ] qid unknown_587 not found in dbg/f8573ba911/orig.smt2 [0m
[93m[WARN] [differ] qid unknown_214 not found in dbg/f8573ba911/orig.smt2 [0m
[93m[WARN] [differ] qid unknown_643 not found in dbg/f8573ba911/orig.smt2 [0m
[93m[WARN] [differ] qid constructor_accessor_axiom not found in dbg/f8573ba911/orig.smt2 [0m
[93m[WARN] [differ] qid <null> not found in dbg/f8573ba911/orig.smt2 [0m
[92m[INFO] [edit] [inst] internal_crate__fun__2_apply_definition 2 instances [0m
[92m[INFO] [edit] written to data/projs/timeout_f8573ba911/base.z3/63da77d3.smt2 [0m
[92m[INFO] [edit] [erase] internal_verifiable_controllers!kubernetes_cluster.spec.cluster.impl&__2.builtin_controllers.?_definition [0m
[92m[INFO] [edit] written to data/projs/timeout_f8573ba911/base.z3/cf5423aa.smt2 [0m
[92m[INFO] [edit] [inst] internal_verifiable_controllers!kubernetes_cluster.spec.cluster.impl&__2.builtin_controllers_next.?_definition 1 instances [0m
[92m[INFO] [edit] [erase] internal_verifiable_controllers!kubernetes_cluster.spec.cluster.impl&__2.builtin_controllers_next.?_definition [0m
[92m[INFO] [edit] written to data/projs/timeout_f8573ba911/base.z3/5b8aa087.smt2 [0m
[92m[INFO] [edit] [inst] internal_verifiable_controllers!state_machine.action.Action./Action/transition_accessor_definition 20 instances [0m
[92m[INFO] [edit] [erase] internal_verifiable_controllers!state_machine.action.Action./Action/transition_accessor_definition [0m
[92m[INFO] [edit] written to data/projs/timeout_f8573ba911/base.z3/948a9957.smt2 [0m
[92m[INFO] [edit] [inst] internal_tuple__3./tuple__3/2_invariant_definition 1 instances [0m
[92m[INFO] [edit] [erase] internal_tuple__3./tuple__3/2_invariant_definition [0m
[92m[INFO] [edit] written to data/projs/timeout_f8573ba911/base.z3/ca93aa0e.smt2 [0m
[92m[INFO] [edit] [erase] internal_verifiable_controllers!state_machine.action.impl&__0.forward.?_pre_post_definition [0m
[92m[INFO] [edit] written to data/projs/timeout_f8573ba911/base.z3/f02715ce.smt2 [0m
[92m[INFO] [edit] [erase] internal_crate__tuple__0_has_type_always_definition [0m
[92m[INFO] [edit] written to data/projs/timeout_f8573ba911/base.z3/c6988f55.smt2 [0m
[92m[INFO] [edit] [erase] internal_verifiable_controllers!kubernetes_api_objects.spec.object_meta.ObjectMetaView./ObjectMetaView/resource_version_accessor_definition [0m
[92m[INFO] [edit] written to data/projs/timeout_f8573ba911/base.z3/c0a7e252.smt2 [0m
[92m[INFO] [edit] [inst] internal_verifiable_controllers__kubernetes_api_objects__spec__object_meta__ObjectMetaView_box_axiom_definition 6 instances [0m
[92m[INFO] [edit] [erase] internal_verifiable_controllers__kubernetes_api_objects__spec__object_meta__ObjectMetaView_box_axiom_definition [0m
[92m[INFO] [edit] written to data/projs/timeout_f8573ba911/base.z3/d728535d.smt2 [0m
[92m[INFO] [edit] [erase] internal_verifiable_controllers!kubernetes_cluster.spec.builtin_controllers.garbage_collector.run_garbage_collector.?_pre_post_definition [0m
[92m[INFO] [edit] written to data/projs/timeout_f8573ba911/base.z3/ef5a99a2.smt2 [0m
Produced candidate smt2 files
[94m[DEBUG] created table timeout_f8573ba911_base_z3_z3_4_16_0_exp [0m
[92m[INFO] running 10 original queries [0m
[94m[DEBUG] running ALL of timeout_f8573ba911.base.z3 [0m
[94m[DEBUG] adding 10 tasks [0m
[92m[INFO] running 10 tasks [0m
[92m[INFO] there is 4 processors [0m
[94m[DEBUG] worker 3 finished in 60.03 seconds [0m
[94m[DEBUG] worker 0 finished in 69.18 seconds [0m
[94m[DEBUG] worker 2 finished in 70.59 seconds [0m
[94m[DEBUG] worker 1 finished in 75.48 seconds [0m
[92m[INFO] workers finished [0m
[92m[INFO] done post processing exp data [0m
verify candidate 948a9957: 4.971s; rank=4; p=4; t=4.971
verify candidate ca93aa0e: 10.458s; rank=5; p=4; t=10.458
verify candidate 5b8aa087: 11.513s; rank=3; p=5; t=11.513
verify candidate cf5423aa: 14.160s; rank=2; p=6; t=14.160
verify candidate c0a7e252: 16.263s; rank=8; p=3; t=16.263
verify candidate d728535d: 21.667s; rank=9; p=3; t=21.667
verify candidate ef5a99a2: 39.924s; rank=10; p=3; t=39.924
verify candidate f02715ce: 47.496s; rank=6; p=4; t=47.496
verify candidate c6988f55: 48.741s; rank=7; p=4; t=48.741
selected 9 verified candidates to data/projs/timeout_f8573ba911.filtered/base.z3 with 215.193s vanilla verification budget
[92m[INFO] running 9 original queries [0m
[92m[INFO] running 90 tasks [0m
[92m[INFO] there is 7 processors [0m
[94m[DEBUG] created table timeout_f8573ba911_filtered_base_z3_z3_4_16_0_exp [0m
[94m[DEBUG] running ALL of timeout_f8573ba911.filtered.base.z3 [0m
[94m[DEBUG] adding 90 tasks [0m
[94m[DEBUG] worker 6 finished in 329.01 seconds [0m
[94m[DEBUG] worker 5 finished in 330.4 seconds [0m
[94m[DEBUG] worker 2 finished in 334.42 seconds [0m
[94m[DEBUG] worker 0 finished in 337.71 seconds [0m
[94m[DEBUG] worker 3 finished in 341.04 seconds [0m
[94m[DEBUG] worker 1 finished in 353.65 seconds [0m
[94m[DEBUG] worker 4 finished in 355.74 seconds [0m
[92m[INFO] workers finished [0m
[92m[INFO] done post processing exp data [0m
=== Overall Report ===

project dir:	data/projs/timeout_f8573ba911.filtered/base.z3
exper config:	filter
solver path:	bin/z3-4.16.0
analyzer:	default

| category   |   count | percentage   |
|------------|---------|--------------|
| stable     |       5 | 55.56%       |
| unstable   |       4 | 44.44%       |
| total      |       9 | 100.00 %     |

=== Report End ===
Ran mariposa on filtered queries
[92m[INFO] carving out query c6988f55 [0m
Passed Mutants (9):
gen/timeout_f8573ba911.filtered/base.z3/filter/c6988f55.12432182014619166396.rename.smt2 - unsat - 58.15
gen/timeout_f8573ba911.filtered/base.z3/filter/c6988f55.6464812320512742723.reseed.smt2 - unsat - 11.15
gen/timeout_f8573ba911.filtered/base.z3/filter/c6988f55.10869467926030664016.shuffle.smt2 - unsat - 30.96
gen/timeout_f8573ba911.filtered/base.z3/filter/c6988f55.14240518074149880090.reseed.smt2 - unsat - 10.84
gen/timeout_f8573ba911.filtered/base.z3/filter/c6988f55.10407763262342218638.reseed.smt2 - unsat - 11.38
gen/timeout_f8573ba911.filtered/base.z3/filter/c6988f55.18110718951903480220.shuffle.smt2 - unsat - 20.92
gen/timeout_f8573ba911.filtered/base.z3/filter/c6988f55.451569794225741803.rename.smt2 - unsat - 58.75
gen/timeout_f8573ba911.filtered/base.z3/filter/c6988f55.8565599958109515983.rename.smt2 - unsat - 57.64
data/projs/timeout_f8573ba911.filtered/base.z3/c6988f55.smt2 - unsat - 51.87

Failed Mutants (1):
gen/timeout_f8573ba911.filtered/base.z3/filter/c6988f55.11699752738123077639.shuffle.smt2 - timeout - 60.01
[92m[INFO] carving out query ca93aa0e [0m
Passed Mutants (8):
gen/timeout_f8573ba911.filtered/base.z3/filter/ca93aa0e.5522969848007354198.shuffle.smt2 - unsat - 38.71
gen/timeout_f8573ba911.filtered/base.z3/filter/ca93aa0e.12460583747300421641.rename.smt2 - unsat - 12.52
data/projs/timeout_f8573ba911.filtered/base.z3/ca93aa0e.smt2 - unsat - 12.7
gen/timeout_f8573ba911.filtered/base.z3/filter/ca93aa0e.2280605702717172186.shuffle.smt2 - unsat - 30.28
gen/timeout_f8573ba911.filtered/base.z3/filter/ca93aa0e.16258578998602054669.rename.smt2 - unsat - 12.41
gen/timeout_f8573ba911.filtered/base.z3/filter/ca93aa0e.7460788376844340182.reseed.smt2 - unsat - 13.75
gen/timeout_f8573ba911.filtered/base.z3/filter/ca93aa0e.5811119940186502278.rename.smt2 - unsat - 12.8
gen/timeout_f8573ba911.filtered/base.z3/filter/ca93aa0e.6069051048623423995.reseed.smt2 - unsat - 11.27

Failed Mutants (2):
gen/timeout_f8573ba911.filtered/base.z3/filter/ca93aa0e.7442414000217704756.shuffle.smt2 - timeout - 60.01
gen/timeout_f8573ba911.filtered/base.z3/filter/ca93aa0e.10713595574120033686.reseed.smt2 - timeout - 60.01
[92m[INFO] carving out query ef5a99a2 [0m
Passed Mutants (9):
gen/timeout_f8573ba911.filtered/base.z3/filter/ef5a99a2.15007898415198609181.rename.smt2 - unsat - 49.29
gen/timeout_f8573ba911.filtered/base.z3/filter/ef5a99a2.247334640262963529.reseed.smt2 - unsat - 29.21
data/projs/timeout_f8573ba911.filtered/base.z3/ef5a99a2.smt2 - unsat - 47.81
gen/timeout_f8573ba911.filtered/base.z3/filter/ef5a99a2.2507110679038971973.rename.smt2 - unsat - 48.98
gen/timeout_f8573ba911.filtered/base.z3/filter/ef5a99a2.6057910388164405860.shuffle.smt2 - unsat - 20.74
gen/timeout_f8573ba911.filtered/base.z3/filter/ef5a99a2.13987775199117818708.rename.smt2 - unsat - 48.55
gen/timeout_f8573ba911.filtered/base.z3/filter/ef5a99a2.12246704762646782322.shuffle.smt2 - unsat - 18.74
gen/timeout_f8573ba911.filtered/base.z3/filter/ef5a99a2.5707483299024449371.reseed.smt2 - unsat - 17.48
gen/timeout_f8573ba911.filtered/base.z3/filter/ef5a99a2.14156742797846547663.shuffle.smt2 - unsat - 33.3

Failed Mutants (1):
gen/timeout_f8573ba911.filtered/base.z3/filter/ef5a99a2.2680917326349624817.reseed.smt2 - timeout - 60.01
[92m[INFO] carving out query f02715ce [0m
Passed Mutants (9):
gen/timeout_f8573ba911.filtered/base.z3/filter/f02715ce.2656498532786911598.shuffle.smt2 - unsat - 23.2
gen/timeout_f8573ba911.filtered/base.z3/filter/f02715ce.3894013005362962009.reseed.smt2 - unsat - 54.01
gen/timeout_f8573ba911.filtered/base.z3/filter/f02715ce.12980739922815568239.shuffle.smt2 - unsat - 38.21
gen/timeout_f8573ba911.filtered/base.z3/filter/f02715ce.9194992165368850607.rename.smt2 - unsat - 55.77
gen/timeout_f8573ba911.filtered/base.z3/filter/f02715ce.8185235352478374288.rename.smt2 - unsat - 53.58
data/projs/timeout_f8573ba911.filtered/base.z3/f02715ce.smt2 - unsat - 53.96
gen/timeout_f8573ba911.filtered/base.z3/filter/f02715ce.6557396225209773589.shuffle.smt2 - unsat - 28.15
gen/timeout_f8573ba911.filtered/base.z3/filter/f02715ce.11086078910305459770.reseed.smt2 - unsat - 19.81
gen/timeout_f8573ba911.filtered/base.z3/filter/f02715ce.758583520944721081.rename.smt2 - unsat - 46.98

Failed Mutants (1):
gen/timeout_f8573ba911.filtered/base.z3/filter/f02715ce.9070689406185197371.reseed.smt2 - timeout - 60.01
[92m[INFO] removed 4 queries, 5 remaining [0m
Carved out unstable queries
Ran early-stop stability checks until a stable fix was found
Checking candidates by increasing vanilla verification time
Checking candidate 1/5 for stability: data/projs/timeout_f8573ba911.filtered/base.z3/948a9957.smt2
[92m[INFO] removing gen/sproj_single_e4333412be [0m
[92m[INFO] using 60s solver timeout (capped by analyzer 60sec) [0m
[94m[DEBUG] created table single_e4333412be_base_z3_z3_4_16_0_exp [0m
[92m[INFO] running 1 original queries [0m
[94m[DEBUG] running ALL of single_e4333412be.base.z3 [0m
[94m[DEBUG] adding 181 tasks [0m
[94m[DEBUG] finished: 6/181, elapsed: 0.0 hours, estimated: 08-25 14:20 [0m
[94m[DEBUG] finished: 13/181, elapsed: 0.01 hours, estimated: 08-25 14:28 [0m
[94m[DEBUG] finished: 20/181, elapsed: 0.01 hours, estimated: 08-25 14:25 [0m
[94m[DEBUG] finished: 25/181, elapsed: 0.01 hours, estimated: 08-25 14:24 [0m
[94m[DEBUG] finished: 31/181, elapsed: 0.02 hours, estimated: 08-25 14:27 [0m
[94m[DEBUG] finished: 38/181, elapsed: 0.02 hours, estimated: 08-25 14:26 [0m
[94m[DEBUG] finished: 45/181, elapsed: 0.02 hours, estimated: 08-25 14:25 [0m
[94m[DEBUG] finished: 51/181, elapsed: 0.03 hours, estimated: 08-25 14:26 [0m
[94m[DEBUG] finished: 58/181, elapsed: 0.03 hours, estimated: 08-25 14:25 [0m
[94m[DEBUG] finished: 66/181, elapsed: 0.03 hours, estimated: 08-25 14:25 [0m
[94m[DEBUG] finished: 78/181, elapsed: 0.04 hours, estimated: 08-25 14:25 [0m
[94m[DEBUG] finished: 90/181, elapsed: 0.04 hours, estimated: 08-25 14:24 [0m
[94m[DEBUG] finished: 101/181, elapsed: 0.04 hours, estimated: 08-25 14:24 [0m
[94m[DEBUG] finished: 113/181, elapsed: 0.04 hours, estimated: 08-25 14:24 [0m
[94m[DEBUG] finished: 126/181, elapsed: 0.05 hours, estimated: 08-25 14:24 [0m
[94m[DEBUG] finished: 138/181, elapsed: 0.05 hours, estimated: 08-25 14:24 [0m
[94m[DEBUG] finished: 150/181, elapsed: 0.05 hours, estimated: 08-25 14:24 [0m
[94m[DEBUG] finished: 162/181, elapsed: 0.06 hours, estimated: 08-25 14:24 [0m
[94m[DEBUG] finished: 173/181, elapsed: 0.06 hours, estimated: 08-25 14:23 [0m
=== stable (1) ===
query path: gen/sproj_single_e4333412be/948a9957.smt2
Found a stable fix; stopping further stability checks
Got list of fixes
Found 1 fix(es):
    948a9957: inst_replace internal_verifiable_controllers!state_machine.action.Action./Action/transition_accessor_definition -> data/projs/timeout_f8573ba911/base.z3/948a9957.smt2

=== Caza external-call time (wall clock) ===
  192.21s  initial stability check
    0.05s  build debugger trace and proof
    5.40s  finding fixes
   75.53s  verify candidates
    0.02s  filter broken candidates
  356.34s  filter candidates experiment
    0.87s  carve unstable candidates
  219.04s  early stability check 948a9957.smt2
  849.45s  total

================================================================================
[9/73] Caza query finished 2026-08-25T14:23:54
exit status: 0
================================================================================

================================================================================
[10/73] Caza query started 2026-08-25T14:23:54
query: /home/youjia/mariposa/data/verita_bad/human-eval__human_eval_025.12.smt2
command: /usr/bin/python3 -u /home/youjia/mariposa/src/caza_wizard.py --set-seed 0x87654321 --early --fast-proof --sort time /home/youjia/mariposa/data/verita_bad/human-eval__human_eval_025.12.smt2
================================================================================
Parsing...
Checking whether the input query is already stable
[92m[INFO] using 60s solver timeout (capped by analyzer 60sec) [0m
[94m[DEBUG] created table single_9093242af0_base_z3_z3_4_16_0_exp [0m
[92m[INFO] running 1 original queries [0m
[94m[DEBUG] running ALL of single_9093242af0.base.z3 [0m
[94m[DEBUG] adding 181 tasks [0m
[92m[INFO] criteria: vanilla=unsat@0.073s; groups: shuffle=[unknown@0.044s, unknown@0.044s, unsat@0.064s, unsat@0.073s, unsat@0.069s, unsat@0.069s, unknown@0.042s, unknown@0.046s] (52 mutant result(s) pending); rename=[] (60 mutant result(s) pending); reseed=[] (60 mutant result(s) pending); possible final categories=[unsolvable, unstable] [0m
[92m[INFO] early decision: gen/sproj_single_9093242af0/human-eval__human_eval_025.12.smt2 -> not_stable; skipping 166 queued tasks [0m
=== stable (0) ===
Starting Cazamariposas
[92m[INFO] [init] loaded cached artifacts: traces=2, cores=4, proofs=4 [0m
[92m[INFO] [init] cached-proofs-only: skipping trace, core, and proof construction [0m
[92m[INFO] [init] dbg root: dbg/9093242af0/ [0m
[92m[INFO] [init] 9093242af0 auto selected DbgMode.FAST_FAIL [0m
Found failure trace and proof object
[94m[DEBUG] [edit] proof path: dbg/9093242af0/proofs/rename.191134073603777486.proof [0m
[94m[DEBUG] [edit] trace path: dbg/9093242af0/traces/shuffle.12420925493754069455 [0m
e0a7b5e409461c6b7cfe42f667b02b15.pickle
[93m[WARN] [differ] qid constructor_accessor_axiom not found in dbg/9093242af0/orig.smt2 [0m
[92m[INFO] [edit] [inst] prelude_fuel_defaults 9 instances [0m
[92m[INFO] [edit] [erase] prelude_fuel_defaults [0m
[92m[INFO] [edit] written to data/projs/fast_fail_9093242af0/base.z3/8ab12f96.smt2 [0m
[92m[INFO] [edit] [inst] prelude_add 7 instances [0m
[92m[INFO] [edit] written to data/projs/fast_fail_9093242af0/base.z3/b64ee6ef.smt2 [0m
[92m[INFO] [edit] [inst] prelude_unbox_box_int 4 instances [0m
[92m[INFO] [edit] written to data/projs/fast_fail_9093242af0/base.z3/7e1bcc27.smt2 [0m
[93m[WARN] [edit] qid user_vstd__seq__lemma_seq_push_index_different_7 has no feasible actions [0m
[94m[DEBUG] [edit] 27395d42 failed [0m
[92m[INFO] [edit] [inst] prelude_u_clip 6 instances [0m
[92m[INFO] [edit] [erase] prelude_u_clip [0m
[92m[INFO] [edit] written to data/projs/fast_fail_9093242af0/base.z3/c05f41ad.smt2 [0m
[92m[INFO] [edit] [inst] prelude_u_inv 4 instances [0m
[92m[INFO] [edit] written to data/projs/fast_fail_9093242af0/base.z3/6babc434.smt2 [0m
[93m[WARN] [edit] qid user_vstd__seq__lemma_seq_push_index_same_6 has no feasible actions [0m
[94m[DEBUG] [edit] a10f04a1 failed [0m
[92m[INFO] [edit] [inst] prelude_box_unbox_int 2 instances [0m
[92m[INFO] [edit] written to data/projs/fast_fail_9093242af0/base.z3/2ce24263.smt2 [0m
[92m[INFO] [edit] [inst] prelude_has_type_int 2 instances [0m
[92m[INFO] [edit] written to data/projs/fast_fail_9093242af0/base.z3/11c97c25.smt2 [0m
[92m[INFO] [edit] [inst] prelude_sub 4 instances [0m
[92m[INFO] [edit] [erase] prelude_sub [0m
[92m[INFO] [edit] written to data/projs/fast_fail_9093242af0/base.z3/4cdcaea2.smt2 [0m
[92m[INFO] [edit] [inst] prelude_mul 4 instances [0m
[92m[INFO] [edit] [erase] prelude_mul [0m
[92m[INFO] [edit] written to data/projs/fast_fail_9093242af0/base.z3/f472d171.smt2 [0m
[92m[INFO] [edit] [inst] prelude_nat_clip 4 instances [0m
[92m[INFO] [edit] [erase] prelude_nat_clip [0m
[92m[INFO] [edit] written to data/projs/fast_fail_9093242af0/base.z3/0bbd00e5.smt2 [0m
Produced candidate smt2 files
[94m[DEBUG] created table fast_fail_9093242af0_base_z3_z3_4_16_0_exp [0m
[92m[INFO] running 10 original queries [0m
[94m[DEBUG] running ALL of fast_fail_9093242af0.base.z3 [0m
[94m[DEBUG] adding 10 tasks [0m
[92m[INFO] running 10 tasks [0m
[92m[INFO] there is 4 processors [0m
[94m[DEBUG] worker 2 finished in 0.11 seconds [0m
[94m[DEBUG] worker 1 finished in 0.14 seconds [0m
[94m[DEBUG] worker 3 finished in 0.14 seconds [0m
[94m[DEBUG] worker 0 finished in 0.16 seconds [0m
[92m[INFO] workers finished [0m
[92m[INFO] done post processing exp data [0m
verify candidate 8ab12f96: 0.053s; rank=1; p=8; t=0.053
verify candidate 6babc434: 0.057s; rank=5; p=4; t=0.057
verify candidate c05f41ad: 0.058s; rank=4; p=4; t=0.058
verify candidate 4cdcaea2: 0.058s; rank=8; p=3; t=0.058
verify candidate 11c97c25: 0.062s; rank=7; p=4; t=0.062
verify candidate 2ce24263: 0.067s; rank=6; p=4; t=0.067
selected 6 verified candidates to data/projs/fast_fail_9093242af0.filtered/base.z3 with 0.355s vanilla verification budget
[92m[INFO] running 6 original queries [0m
[92m[INFO] running 60 tasks [0m
[92m[INFO] there is 7 processors [0m
[94m[DEBUG] created table fast_fail_9093242af0_filtered_base_z3_z3_4_16_0_exp [0m
[94m[DEBUG] running ALL of fast_fail_9093242af0.filtered.base.z3 [0m
[94m[DEBUG] adding 60 tasks [0m
[94m[DEBUG] worker 5 finished in 0.66 seconds [0m
[94m[DEBUG] worker 1 finished in 0.68 seconds [0m
[94m[DEBUG] worker 2 finished in 0.7 seconds [0m
[94m[DEBUG] worker 6 finished in 0.7 seconds [0m
[94m[DEBUG] worker 0 finished in 0.72 seconds [0m
[94m[DEBUG] worker 3 finished in 0.72 seconds [0m
[94m[DEBUG] worker 4 finished in 0.72 seconds [0m
[92m[INFO] workers finished [0m
[92m[INFO] done post processing exp data [0m
=== Overall Report ===

project dir:	data/projs/fast_fail_9093242af0.filtered/base.z3
exper config:	filter
solver path:	bin/z3-4.16.0
analyzer:	default

| category   |   count | percentage   |
|------------|---------|--------------|
| unstable   |       5 | 83.33%       |
| stable     |       1 | 16.67%       |
| total      |       6 | 100.00 %     |

=== Report End ===
Ran mariposa on filtered queries
[92m[INFO] carving out query 11c97c25 [0m
Passed Mutants (8):
gen/fast_fail_9093242af0.filtered/base.z3/filter/11c97c25.12221327676782412677.shuffle.smt2 - unsat - 0.07
gen/fast_fail_9093242af0.filtered/base.z3/filter/11c97c25.2658470379934867756.reseed.smt2 - unsat - 0.06
gen/fast_fail_9093242af0.filtered/base.z3/filter/11c97c25.5063473023876135544.reseed.smt2 - unsat - 0.06
gen/fast_fail_9093242af0.filtered/base.z3/filter/11c97c25.15966623075761818543.rename.smt2 - unsat - 0.06
gen/fast_fail_9093242af0.filtered/base.z3/filter/11c97c25.3956933680800703410.rename.smt2 - unsat - 0.07
gen/fast_fail_9093242af0.filtered/base.z3/filter/11c97c25.5249575241062939345.shuffle.smt2 - unsat - 0.07
data/projs/fast_fail_9093242af0.filtered/base.z3/11c97c25.smt2 - unsat - 0.06
gen/fast_fail_9093242af0.filtered/base.z3/filter/11c97c25.523232528405735029.reseed.smt2 - unsat - 0.06

Failed Mutants (2):
gen/fast_fail_9093242af0.filtered/base.z3/filter/11c97c25.8511480807816906217.shuffle.smt2 - unknown - 0.04
gen/fast_fail_9093242af0.filtered/base.z3/filter/11c97c25.18034362604769098001.rename.smt2 - unknown - 0.05
[92m[INFO] carving out query 2ce24263 [0m
Passed Mutants (9):
gen/fast_fail_9093242af0.filtered/base.z3/filter/2ce24263.13400924030360481940.rename.smt2 - unsat - 0.07
gen/fast_fail_9093242af0.filtered/base.z3/filter/2ce24263.5618053466189258661.reseed.smt2 - unsat - 0.07
gen/fast_fail_9093242af0.filtered/base.z3/filter/2ce24263.11091073460811906399.reseed.smt2 - unsat - 0.07
gen/fast_fail_9093242af0.filtered/base.z3/filter/2ce24263.3713438906772045113.rename.smt2 - unsat - 0.07
gen/fast_fail_9093242af0.filtered/base.z3/filter/2ce24263.2054597304282344525.reseed.smt2 - unsat - 0.09
data/projs/fast_fail_9093242af0.filtered/base.z3/2ce24263.smt2 - unsat - 0.07
gen/fast_fail_9093242af0.filtered/base.z3/filter/2ce24263.13548625582896847830.shuffle.smt2 - unsat - 0.07
gen/fast_fail_9093242af0.filtered/base.z3/filter/2ce24263.16637635411654792434.shuffle.smt2 - unsat - 0.06
gen/fast_fail_9093242af0.filtered/base.z3/filter/2ce24263.17959407737562219908.rename.smt2 - unsat - 0.07

Failed Mutants (1):
gen/fast_fail_9093242af0.filtered/base.z3/filter/2ce24263.6557772788527418253.shuffle.smt2 - unknown - 0.04
[92m[INFO] carving out query 4cdcaea2 [0m
Passed Mutants (8):
gen/fast_fail_9093242af0.filtered/base.z3/filter/4cdcaea2.7015700713076087926.reseed.smt2 - unsat - 0.06
gen/fast_fail_9093242af0.filtered/base.z3/filter/4cdcaea2.14962931008968372699.shuffle.smt2 - unsat - 0.07
gen/fast_fail_9093242af0.filtered/base.z3/filter/4cdcaea2.11941140312145173324.reseed.smt2 - unsat - 0.06
gen/fast_fail_9093242af0.filtered/base.z3/filter/4cdcaea2.572024154753059854.reseed.smt2 - unsat - 0.06
data/projs/fast_fail_9093242af0.filtered/base.z3/4cdcaea2.smt2 - unsat - 0.06
gen/fast_fail_9093242af0.filtered/base.z3/filter/4cdcaea2.9412213940606888088.shuffle.smt2 - unsat - 0.06
gen/fast_fail_9093242af0.filtered/base.z3/filter/4cdcaea2.9069417098096043484.rename.smt2 - unsat - 0.06
gen/fast_fail_9093242af0.filtered/base.z3/filter/4cdcaea2.10746055286798316597.shuffle.smt2 - unsat - 0.06

Failed Mutants (2):
gen/fast_fail_9093242af0.filtered/base.z3/filter/4cdcaea2.3408808436703005003.rename.smt2 - unknown - 0.05
gen/fast_fail_9093242af0.filtered/base.z3/filter/4cdcaea2.2262651366580430639.rename.smt2 - unknown - 0.05
[92m[INFO] carving out query 6babc434 [0m
Passed Mutants (8):
data/projs/fast_fail_9093242af0.filtered/base.z3/6babc434.smt2 - unsat - 0.06
gen/fast_fail_9093242af0.filtered/base.z3/filter/6babc434.3763391725271113049.shuffle.smt2 - unsat - 0.06
gen/fast_fail_9093242af0.filtered/base.z3/filter/6babc434.3387676419817111095.reseed.smt2 - unsat - 0.06
gen/fast_fail_9093242af0.filtered/base.z3/filter/6babc434.3103272435274996708.shuffle.smt2 - unsat - 0.06
gen/fast_fail_9093242af0.filtered/base.z3/filter/6babc434.15079440402564302265.rename.smt2 - unsat - 0.06
gen/fast_fail_9093242af0.filtered/base.z3/filter/6babc434.2782701018636345198.rename.smt2 - unsat - 0.06
gen/fast_fail_9093242af0.filtered/base.z3/filter/6babc434.15729557735947287833.rename.smt2 - unsat - 0.06
gen/fast_fail_9093242af0.filtered/base.z3/filter/6babc434.12502309427469357681.shuffle.smt2 - unsat - 0.06

Failed Mutants (2):
gen/fast_fail_9093242af0.filtered/base.z3/filter/6babc434.16421784144892251209.reseed.smt2 - unknown - 0.05
gen/fast_fail_9093242af0.filtered/base.z3/filter/6babc434.17726867988457310495.reseed.smt2 - unknown - 0.05
[92m[INFO] carving out query 8ab12f96 [0m
Passed Mutants (5):
gen/fast_fail_9093242af0.filtered/base.z3/filter/8ab12f96.15806685941479258657.reseed.smt2 - unsat - 0.06
gen/fast_fail_9093242af0.filtered/base.z3/filter/8ab12f96.2561724065885673828.reseed.smt2 - unsat - 0.05
gen/fast_fail_9093242af0.filtered/base.z3/filter/8ab12f96.12283116950027241269.reseed.smt2 - unsat - 0.06
data/projs/fast_fail_9093242af0.filtered/base.z3/8ab12f96.smt2 - unsat - 0.05
gen/fast_fail_9093242af0.filtered/base.z3/filter/8ab12f96.11888922431939956353.rename.smt2 - unsat - 0.05

Failed Mutants (5):
gen/fast_fail_9093242af0.filtered/base.z3/filter/8ab12f96.12127946054496698941.rename.smt2 - unknown - 0.04
gen/fast_fail_9093242af0.filtered/base.z3/filter/8ab12f96.16242240734458858213.shuffle.smt2 - unknown - 0.04
gen/fast_fail_9093242af0.filtered/base.z3/filter/8ab12f96.98566647625667462.shuffle.smt2 - unknown - 0.04
gen/fast_fail_9093242af0.filtered/base.z3/filter/8ab12f96.5802057542310828005.shuffle.smt2 - unknown - 0.04
gen/fast_fail_9093242af0.filtered/base.z3/filter/8ab12f96.1410018370081038849.rename.smt2 - unknown - 0.03
[92m[INFO] removed 5 queries, 1 remaining [0m
Carved out unstable queries
Ran early-stop stability checks until a stable fix was found
Checking candidates by increasing vanilla verification time
Checking candidate 1/1 for stability: data/projs/fast_fail_9093242af0.filtered/base.z3/c05f41ad.smt2
[92m[INFO] removing gen/sproj_single_977800f052 [0m
[92m[INFO] using 60s solver timeout (capped by analyzer 60sec) [0m
[94m[DEBUG] created table single_977800f052_base_z3_z3_4_16_0_exp [0m
[92m[INFO] running 1 original queries [0m
[94m[DEBUG] running ALL of single_977800f052.base.z3 [0m
[94m[DEBUG] adding 181 tasks [0m
=== stable (1) ===
query path: gen/sproj_single_977800f052/c05f41ad.smt2
Found a stable fix; stopping further stability checks
Got list of fixes
Found 1 fix(es):
    c05f41ad: inst_replace prelude_u_clip -> data/projs/fast_fail_9093242af0/base.z3/c05f41ad.smt2

=== Caza external-call time (wall clock) ===
    0.28s  initial stability check
    0.06s  build debugger trace and proof
    0.37s  finding fixes
    0.20s  verify candidates
    0.00s  filter broken candidates
    1.37s  filter candidates experiment
    0.88s  carve unstable candidates
    2.26s  early stability check c05f41ad.smt2
    5.42s  total

================================================================================
[10/73] Caza query finished 2026-08-25T14:24:00
exit status: 0
================================================================================

================================================================================
[11/73] Caza query started 2026-08-25T14:24:00
query: /home/youjia/mariposa/data/verita_bad/human-eval__human_eval_025__factorize.1.smt2
command: /usr/bin/python3 -u /home/youjia/mariposa/src/caza_wizard.py --set-seed 0x87654321 --early --fast-proof --sort time /home/youjia/mariposa/data/verita_bad/human-eval__human_eval_025__factorize.1.smt2
================================================================================
Parsing...
Checking whether the input query is already stable
[92m[INFO] using 60s solver timeout (capped by analyzer 60sec) [0m
[94m[DEBUG] created table single_ac9eed84cc_base_z3_z3_4_16_0_exp [0m
[92m[INFO] running 1 original queries [0m
[94m[DEBUG] running ALL of single_ac9eed84cc.base.z3 [0m
[94m[DEBUG] adding 181 tasks [0m
[92m[INFO] criteria: vanilla=unsat@0.055s; groups: shuffle=[unknown@0.041s, unknown@0.041s, unsat@0.057s, unknown@0.062s, unknown@0.041s] (55 mutant result(s) pending); rename=[] (60 mutant result(s) pending); reseed=[] (60 mutant result(s) pending); possible final categories=[unsolvable, unstable] [0m
[92m[INFO] early decision: gen/sproj_single_ac9eed84cc/human-eval__human_eval_025__factorize.1.smt2 -> not_stable; skipping 169 queued tasks [0m
=== stable (0) ===
Starting Cazamariposas
[92m[INFO] [init] loaded cached artifacts: traces=2, cores=4, proofs=4 [0m
[92m[INFO] [init] cached-proofs-only: skipping trace, core, and proof construction [0m
[92m[INFO] [init] dbg root: dbg/ac9eed84cc/ [0m
[92m[INFO] [init] ac9eed84cc auto selected DbgMode.FAST_FAIL [0m
Found failure trace and proof object
[94m[DEBUG] [edit] proof path: dbg/ac9eed84cc/proofs/rename.191134073603777486.proof [0m
[94m[DEBUG] [edit] trace path: dbg/ac9eed84cc/traces/shuffle.12420925493754069455 [0m
d451ccd9657738044b5019658402c419.pickle
[93m[WARN] [differ] qid constructor_accessor_axiom not found in dbg/ac9eed84cc/orig.smt2 [0m
[92m[INFO] [edit] [inst] prelude_add 7 instances [0m
[92m[INFO] [edit] written to data/projs/fast_fail_ac9eed84cc/base.z3/b64ee6ef.smt2 [0m
[92m[INFO] [edit] [inst] prelude_fuel_defaults 9 instances [0m
[92m[INFO] [edit] [erase] prelude_fuel_defaults [0m
[92m[INFO] [edit] written to data/projs/fast_fail_ac9eed84cc/base.z3/8ab12f96.smt2 [0m
[92m[INFO] [edit] [inst] prelude_unbox_box_int 4 instances [0m
[92m[INFO] [edit] written to data/projs/fast_fail_ac9eed84cc/base.z3/7e1bcc27.smt2 [0m
[92m[INFO] [edit] [inst] prelude_u_clip 6 instances [0m
[92m[INFO] [edit] [erase] prelude_u_clip [0m
[92m[INFO] [edit] written to data/projs/fast_fail_ac9eed84cc/base.z3/c05f41ad.smt2 [0m
[92m[INFO] [edit] [inst] prelude_u_inv 4 instances [0m
[92m[INFO] [edit] written to data/projs/fast_fail_ac9eed84cc/base.z3/6babc434.smt2 [0m
[93m[WARN] [edit] qid user_vstd__seq__lemma_seq_push_index_same_6 has no feasible actions [0m
[94m[DEBUG] [edit] a10f04a1 failed [0m
[93m[WARN] [edit] qid user_vstd__seq__lemma_seq_push_index_different_7 has no feasible actions [0m
[94m[DEBUG] [edit] 27395d42 failed [0m
[92m[INFO] [edit] [inst] prelude_box_unbox_int 2 instances [0m
[92m[INFO] [edit] written to data/projs/fast_fail_ac9eed84cc/base.z3/2ce24263.smt2 [0m
[92m[INFO] [edit] [inst] prelude_has_type_int 2 instances [0m
[92m[INFO] [edit] written to data/projs/fast_fail_ac9eed84cc/base.z3/11c97c25.smt2 [0m
[92m[INFO] [edit] [inst] prelude_mul 4 instances [0m
[92m[INFO] [edit] [erase] prelude_mul [0m
[92m[INFO] [edit] written to data/projs/fast_fail_ac9eed84cc/base.z3/f472d171.smt2 [0m
[92m[INFO] [edit] [inst] prelude_sub 4 instances [0m
[92m[INFO] [edit] [erase] prelude_sub [0m
[92m[INFO] [edit] written to data/projs/fast_fail_ac9eed84cc/base.z3/4cdcaea2.smt2 [0m
[92m[INFO] [edit] [inst] prelude_nat_clip 4 instances [0m
[92m[INFO] [edit] [erase] prelude_nat_clip [0m
[92m[INFO] [edit] written to data/projs/fast_fail_ac9eed84cc/base.z3/0bbd00e5.smt2 [0m
Produced candidate smt2 files
[94m[DEBUG] created table fast_fail_ac9eed84cc_base_z3_z3_4_16_0_exp [0m
[92m[INFO] running 10 original queries [0m
[94m[DEBUG] running ALL of fast_fail_ac9eed84cc.base.z3 [0m
[94m[DEBUG] adding 10 tasks [0m
[92m[INFO] running 10 tasks [0m
[92m[INFO] there is 4 processors [0m
[94m[DEBUG] worker 0 finished in 0.11 seconds [0m
[94m[DEBUG] worker 1 finished in 0.12 seconds [0m
[94m[DEBUG] worker 2 finished in 0.15 seconds [0m
[94m[DEBUG] worker 3 finished in 0.15 seconds [0m
[92m[INFO] workers finished [0m
[92m[INFO] done post processing exp data [0m
verify candidate 8ab12f96: 0.051s; rank=2; p=6; t=0.051
verify candidate 11c97c25: 0.052s; rank=7; p=4; t=0.052
verify candidate 6babc434: 0.053s; rank=5; p=4; t=0.053
verify candidate 2ce24263: 0.054s; rank=6; p=4; t=0.054
verify candidate c05f41ad: 0.055s; rank=4; p=4; t=0.055
verify candidate 4cdcaea2: 0.055s; rank=9; p=3; t=0.055
selected 6 verified candidates to data/projs/fast_fail_ac9eed84cc.filtered/base.z3 with 0.320s vanilla verification budget
[92m[INFO] running 6 original queries [0m
[92m[INFO] running 60 tasks [0m
[92m[INFO] there is 7 processors [0m
[94m[DEBUG] created table fast_fail_ac9eed84cc_filtered_base_z3_z3_4_16_0_exp [0m
[94m[DEBUG] running ALL of fast_fail_ac9eed84cc.filtered.base.z3 [0m
[94m[DEBUG] adding 60 tasks [0m
[94m[DEBUG] worker 1 finished in 0.61 seconds [0m
[94m[DEBUG] worker 5 finished in 0.61 seconds [0m
[94m[DEBUG] worker 3 finished in 0.62 seconds [0m
[94m[DEBUG] worker 4 finished in 0.63 seconds [0m
[94m[DEBUG] worker 2 finished in 0.64 seconds [0m
[94m[DEBUG] worker 0 finished in 0.66 seconds [0m
[94m[DEBUG] worker 6 finished in 0.66 seconds [0m
[92m[INFO] workers finished [0m
[92m[INFO] done post processing exp data [0m
=== Overall Report ===

project dir:	data/projs/fast_fail_ac9eed84cc.filtered/base.z3
exper config:	filter
solver path:	bin/z3-4.16.0
analyzer:	default

| category   |   count | percentage   |
|------------|---------|--------------|
| unstable   |       4 | 66.67%       |
| stable     |       2 | 33.33%       |
| total      |       6 | 100.00 %     |

=== Report End ===
Ran mariposa on filtered queries
[92m[INFO] carving out query 11c97c25 [0m
Passed Mutants (7):
data/projs/fast_fail_ac9eed84cc.filtered/base.z3/11c97c25.smt2 - unsat - 0.05
gen/fast_fail_ac9eed84cc.filtered/base.z3/filter/11c97c25.16331953721190360181.rename.smt2 - unsat - 0.06
gen/fast_fail_ac9eed84cc.filtered/base.z3/filter/11c97c25.3339038407319656834.shuffle.smt2 - unsat - 0.06
gen/fast_fail_ac9eed84cc.filtered/base.z3/filter/11c97c25.6570240575208393583.reseed.smt2 - unsat - 0.05
gen/fast_fail_ac9eed84cc.filtered/base.z3/filter/11c97c25.7194367331321771060.reseed.smt2 - unsat - 0.06
gen/fast_fail_ac9eed84cc.filtered/base.z3/filter/11c97c25.18137626031139547929.reseed.smt2 - unsat - 0.06
gen/fast_fail_ac9eed84cc.filtered/base.z3/filter/11c97c25.4767255865918924440.shuffle.smt2 - unsat - 0.06

Failed Mutants (3):
gen/fast_fail_ac9eed84cc.filtered/base.z3/filter/11c97c25.4169462141901865874.rename.smt2 - unknown - 0.04
gen/fast_fail_ac9eed84cc.filtered/base.z3/filter/11c97c25.4951592588990503921.rename.smt2 - unknown - 0.04
gen/fast_fail_ac9eed84cc.filtered/base.z3/filter/11c97c25.17974948898544303657.shuffle.smt2 - unknown - 0.04
[92m[INFO] carving out query 2ce24263 [0m
Passed Mutants (7):
gen/fast_fail_ac9eed84cc.filtered/base.z3/filter/2ce24263.9770381877775664018.shuffle.smt2 - unsat - 0.05
data/projs/fast_fail_ac9eed84cc.filtered/base.z3/2ce24263.smt2 - unsat - 0.06
gen/fast_fail_ac9eed84cc.filtered/base.z3/filter/2ce24263.10403155283866785804.reseed.smt2 - unsat - 0.06
gen/fast_fail_ac9eed84cc.filtered/base.z3/filter/2ce24263.6954452665982603811.shuffle.smt2 - unsat - 0.06
gen/fast_fail_ac9eed84cc.filtered/base.z3/filter/2ce24263.14540834752946122558.reseed.smt2 - unsat - 0.06
gen/fast_fail_ac9eed84cc.filtered/base.z3/filter/2ce24263.15882818500966007364.reseed.smt2 - unsat - 0.06
gen/fast_fail_ac9eed84cc.filtered/base.z3/filter/2ce24263.1021243453688022243.rename.smt2 - unsat - 0.06

Failed Mutants (3):
gen/fast_fail_ac9eed84cc.filtered/base.z3/filter/2ce24263.6175711583433630375.rename.smt2 - unknown - 0.04
gen/fast_fail_ac9eed84cc.filtered/base.z3/filter/2ce24263.1783363204696758097.shuffle.smt2 - unknown - 0.04
gen/fast_fail_ac9eed84cc.filtered/base.z3/filter/2ce24263.10843290057987403116.rename.smt2 - unknown - 0.04
[92m[INFO] carving out query 4cdcaea2 [0m
Passed Mutants (5):
gen/fast_fail_ac9eed84cc.filtered/base.z3/filter/4cdcaea2.4151252630889863693.reseed.smt2 - unsat - 0.06
gen/fast_fail_ac9eed84cc.filtered/base.z3/filter/4cdcaea2.12063432317090476276.rename.smt2 - unsat - 0.06
data/projs/fast_fail_ac9eed84cc.filtered/base.z3/4cdcaea2.smt2 - unsat - 0.06
gen/fast_fail_ac9eed84cc.filtered/base.z3/filter/4cdcaea2.10061814566905228371.reseed.smt2 - unsat - 0.06
gen/fast_fail_ac9eed84cc.filtered/base.z3/filter/4cdcaea2.3476323930773841314.reseed.smt2 - unsat - 0.06

Failed Mutants (5):
gen/fast_fail_ac9eed84cc.filtered/base.z3/filter/4cdcaea2.8369103213431826937.rename.smt2 - unknown - 0.05
gen/fast_fail_ac9eed84cc.filtered/base.z3/filter/4cdcaea2.9355961475210179020.shuffle.smt2 - unknown - 0.04
gen/fast_fail_ac9eed84cc.filtered/base.z3/filter/4cdcaea2.8353795003141769894.rename.smt2 - unknown - 0.05
gen/fast_fail_ac9eed84cc.filtered/base.z3/filter/4cdcaea2.12884212883397302314.shuffle.smt2 - unknown - 0.05
gen/fast_fail_ac9eed84cc.filtered/base.z3/filter/4cdcaea2.15816124538676128016.shuffle.smt2 - unknown - 0.05
[92m[INFO] carving out query 8ab12f96 [0m
Passed Mutants (7):
gen/fast_fail_ac9eed84cc.filtered/base.z3/filter/8ab12f96.9487699656206691263.rename.smt2 - unsat - 0.05
gen/fast_fail_ac9eed84cc.filtered/base.z3/filter/8ab12f96.17729100706038760605.shuffle.smt2 - unsat - 0.07
gen/fast_fail_ac9eed84cc.filtered/base.z3/filter/8ab12f96.9295894636403470705.reseed.smt2 - unsat - 0.05
gen/fast_fail_ac9eed84cc.filtered/base.z3/filter/8ab12f96.11882865622462641278.reseed.smt2 - unsat - 0.05
data/projs/fast_fail_ac9eed84cc.filtered/base.z3/8ab12f96.smt2 - unsat - 0.06
gen/fast_fail_ac9eed84cc.filtered/base.z3/filter/8ab12f96.2209720238885681841.shuffle.smt2 - unsat - 0.06
gen/fast_fail_ac9eed84cc.filtered/base.z3/filter/8ab12f96.2814607430744248178.reseed.smt2 - unsat - 0.05

Failed Mutants (3):
gen/fast_fail_ac9eed84cc.filtered/base.z3/filter/8ab12f96.8029404108547448960.rename.smt2 - unknown - 0.03
gen/fast_fail_ac9eed84cc.filtered/base.z3/filter/8ab12f96.10208916600459833503.shuffle.smt2 - unknown - 0.03
gen/fast_fail_ac9eed84cc.filtered/base.z3/filter/8ab12f96.7241710035165900119.rename.smt2 - unknown - 0.03
[92m[INFO] removed 4 queries, 2 remaining [0m
Carved out unstable queries
Ran early-stop stability checks until a stable fix was found
Checking candidates by increasing vanilla verification time
Checking candidate 1/2 for stability: data/projs/fast_fail_ac9eed84cc.filtered/base.z3/6babc434.smt2
[92m[INFO] removing gen/sproj_single_34fb32ea98 [0m
[92m[INFO] using 60s solver timeout (capped by analyzer 60sec) [0m
[94m[DEBUG] created table single_34fb32ea98_base_z3_z3_4_16_0_exp [0m
[92m[INFO] running 1 original queries [0m
[94m[DEBUG] running ALL of single_34fb32ea98.base.z3 [0m
[94m[DEBUG] adding 181 tasks [0m
[92m[INFO] criteria: vanilla=unsat@0.054s; groups: shuffle=[unsat@0.055s, unsat@0.057s, unsat@0.056s, unknown@0.049s, unsat@0.059s, unsat@0.058s, unsat@0.056s, unknown@0.049s, unsat@0.060s, unsat@0.062s, unknown@0.048s, unsat@0.053s, unsat@0.057s, unknown@0.049s] (46 mutant result(s) pending); rename=[] (60 mutant result(s) pending); reseed=[] (60 mutant result(s) pending); possible final categories=[unsolvable, unstable] [0m
[92m[INFO] early decision: gen/sproj_single_34fb32ea98/6babc434.smt2 -> not_stable; skipping 160 queued tasks [0m
=== stable (0) ===
Checking candidate 2/2 for stability: data/projs/fast_fail_ac9eed84cc.filtered/base.z3/c05f41ad.smt2
[92m[INFO] removing gen/sproj_single_dd60f2e3bc [0m
[92m[INFO] using 60s solver timeout (capped by analyzer 60sec) [0m
[94m[DEBUG] created table single_dd60f2e3bc_base_z3_z3_4_16_0_exp [0m
[92m[INFO] running 1 original queries [0m
[94m[DEBUG] running ALL of single_dd60f2e3bc.base.z3 [0m
[94m[DEBUG] adding 181 tasks [0m
=== stable (1) ===
query path: gen/sproj_single_dd60f2e3bc/c05f41ad.smt2
Found a stable fix; stopping further stability checks
Got list of fixes
Found 1 fix(es):
    c05f41ad: inst_replace prelude_u_clip -> data/projs/fast_fail_ac9eed84cc/base.z3/c05f41ad.smt2

=== Caza external-call time (wall clock) ===
    0.22s  initial stability check
    0.08s  build debugger trace and proof
    0.30s  finding fixes
    0.20s  verify candidates
    0.00s  filter broken candidates
    1.35s  filter candidates experiment
    0.86s  carve unstable candidates
    0.34s  early stability check 6babc434.smt2
    2.21s  early stability check c05f41ad.smt2
    5.57s  total

================================================================================
[11/73] Caza query finished 2026-08-25T14:24:06
exit status: 0
================================================================================

================================================================================
[12/73] Caza query started 2026-08-25T14:24:06
query: /home/youjia/mariposa/data/verita_bad/human-eval__human_eval_129.2.smt2
command: /usr/bin/python3 -u /home/youjia/mariposa/src/caza_wizard.py --set-seed 0x87654321 --early --fast-proof --sort time /home/youjia/mariposa/data/verita_bad/human-eval__human_eval_129.2.smt2
================================================================================
Parsing...
Checking whether the input query is already stable
[92m[INFO] using 60s solver timeout (capped by analyzer 60sec) [0m
[94m[DEBUG] created table single_a2c7ee598b_base_z3_z3_4_16_0_exp [0m
[92m[INFO] running 1 original queries [0m
[94m[DEBUG] running ALL of single_a2c7ee598b.base.z3 [0m
[94m[DEBUG] adding 181 tasks [0m
[94m[DEBUG] finished: 8/181, elapsed: 0.0 hours, estimated: 08-25 14:24 [0m
[94m[DEBUG] finished: 18/181, elapsed: 0.01 hours, estimated: 08-25 14:29 [0m
[94m[DEBUG] finished: 28/181, elapsed: 0.01 hours, estimated: 08-25 14:27 [0m
[94m[DEBUG] finished: 35/181, elapsed: 0.01 hours, estimated: 08-25 14:27 [0m
[94m[DEBUG] finished: 43/181, elapsed: 0.02 hours, estimated: 08-25 14:28 [0m
[94m[DEBUG] finished: 52/181, elapsed: 0.02 hours, estimated: 08-25 14:28 [0m
[94m[DEBUG] finished: 57/181, elapsed: 0.02 hours, estimated: 08-25 14:27 [0m
[94m[DEBUG] finished: 59/181, elapsed: 0.03 hours, estimated: 08-25 14:29 [0m
[94m[DEBUG] finished: 60/181, elapsed: 0.03 hours, estimated: 08-25 14:29 [0m
[94m[DEBUG] finished: 61/181, elapsed: 0.04 hours, estimated: 08-25 14:31 [0m
[92m[INFO] criteria: vanilla=timeout@60.000s; groups: shuffle=[unsat@1.536s, unsat@2.530s, unsat@2.657s, unsat@3.393s, unsat@2.341s, unsat@4.100s, unsat@2.566s, unsat@13.285s, unsat@13.795s, unsat@1.228s, unsat@8.417s, unsat@3.004s, unsat@1.389s, unsat@17.173s, unsat@1.061s, unsat@2.736s, unsat@4.292s, unsat@16.061s, unsat@9.689s, unsat@2.141s, unsat@11.009s, unsat@22.482s, unsat@1.181s, unsat@3.393s, unsat@3.047s, unsat@1.991s, unsat@3.064s, unsat@10.039s, unsat@15.431s, unsat@1.334s, unsat@2.673s, unsat@2.142s, unsat@4.728s, unsat@1.781s, unsat@13.480s, unsat@18.531s, unsat@1.571s, unsat@7.895s, unsat@11.916s, unsat@15.978s, unsat@7.278s, unsat@1.729s, unsat@2.551s, unsat@2.489s, unsat@13.064s, unsat@1.875s, unsat@5.499s, unsat@4.120s, unsat@17.705s, unsat@7.635s, unsat@3.116s, unsat@7.795s, unsat@10.446s, unsat@2.090s, unsat@14.593s, timeout@60.000s, unsat@17.625s, unsat@54.308s, unsat@55.813s, timeout@60.000s] (0 mutant result(s) pending); rename=[timeout@60.000s, timeout@60.000s, timeout@60.000s] (57 mutant result(s) pending); reseed=[] (60 mutant result(s) pending); possible final categories=[unstable] [0m
[92m[INFO] early decision: gen/sproj_single_a2c7ee598b/human-eval__human_eval_129.2.smt2 -> not_stable; skipping 111 queued tasks [0m
[94m[DEBUG] finished: 65/70, elapsed: 0.04 hours, estimated: 08-25 14:26 [0m
[94m[DEBUG] finished: 66/70, elapsed: 0.05 hours, estimated: 08-25 14:26 [0m
[94m[DEBUG] finished: 67/70, elapsed: 0.05 hours, estimated: 08-25 14:27 [0m
[94m[DEBUG] finished: 68/70, elapsed: 0.05 hours, estimated: 08-25 14:27 [0m
=== stable (0) ===
Starting Cazamariposas
[92m[INFO] [init] loaded cached artifacts: traces=3, cores=4, proofs=4 [0m
[92m[INFO] [init] cached-proofs-only: skipping trace, core, and proof construction [0m
[92m[INFO] [init] dbg root: dbg/a2c7ee598b/ [0m
[92m[INFO] [init] a2c7ee598b auto selected DbgMode.TIMEOUT [0m
Found failure trace and proof object
[92m[INFO] [graph] found dbg/a2c7ee598b/graphs/reseed.5937257372788757464.txt [0m
[92m[INFO] [stats] found dbg/a2c7ee598b/stats/reseed.5937257372788757464.txt [0m
[94m[DEBUG] [edit] proof path: dbg/a2c7ee598b/proofs/rename.191134073603777486.proof [0m
[94m[DEBUG] [edit] trace path: dbg/a2c7ee598b/traces/reseed.5937257372788757464 [0m
25b9bf85b8d5581fbaa3a987a3515eff.pickle
[93m[WARN] [differ] qid constructor_accessor_axiom not found in dbg/a2c7ee598b/orig.smt2 [0m
[92m[INFO] [edit] [inst] mariposa_qid_92 3 instances [0m
[92m[INFO] [edit] written to data/projs/timeout_a2c7ee598b/base.z3/9a4cc8f2.smt2 [0m
[92m[INFO] [edit] [inst] mariposa_qid_67 10 instances [0m
[92m[INFO] [edit] written to data/projs/timeout_a2c7ee598b/base.z3/3890f02e.smt2 [0m
[92m[INFO] [edit] [inst] prelude_mk_fun 7 instances [0m
[92m[INFO] [edit] written to data/projs/timeout_a2c7ee598b/base.z3/ba768df0.smt2 [0m
[92m[INFO] [edit] [inst] internal_crate__fun__1_box_axiom_definition 7 instances [0m
[92m[INFO] [edit] written to data/projs/timeout_a2c7ee598b/base.z3/fef6f26d.smt2 [0m
[92m[INFO] [edit] [inst] internal_vstd!seq_lib.impl&__0.map_values.?_definition 4 instances [0m
[92m[INFO] [edit] written to data/projs/timeout_a2c7ee598b/base.z3/af422b07.smt2 [0m
[92m[INFO] [edit] [inst] mariposa_qid_91 5 instances [0m
[92m[INFO] [edit] written to data/projs/timeout_a2c7ee598b/base.z3/5bbc3311.smt2 [0m
[92m[INFO] [edit] [inst] prelude_unbox_box_int 16 instances [0m
[92m[INFO] [edit] written to data/projs/timeout_a2c7ee598b/base.z3/7e1bcc27.smt2 [0m
[92m[INFO] [edit] [inst] internal_vstd!array.array_view.?_definition 1 instances [0m
[92m[INFO] [edit] [erase] internal_vstd!array.array_view.?_definition [0m
[92m[INFO] [edit] written to data/projs/timeout_a2c7ee598b/base.z3/c585bcd5.smt2 [0m
[92m[INFO] [edit] [inst] internal_vstd!view.View.view.?_definition 4 instances [0m
[92m[INFO] [edit] written to data/projs/timeout_a2c7ee598b/base.z3/6120e6e8.smt2 [0m
[92m[INFO] [edit] [inst] internal_lib!human_eval_129.is_adjacent.?_definition 1 instances [0m
[92m[INFO] [edit] written to data/projs/timeout_a2c7ee598b/base.z3/104bb3e8.smt2 [0m
Produced candidate smt2 files
[94m[DEBUG] created table timeout_a2c7ee598b_base_z3_z3_4_16_0_exp [0m
[92m[INFO] running 10 original queries [0m
[94m[DEBUG] running ALL of timeout_a2c7ee598b.base.z3 [0m
[94m[DEBUG] adding 10 tasks [0m
[92m[INFO] running 10 tasks [0m
[92m[INFO] there is 4 processors [0m
[94m[DEBUG] worker 3 finished in 7.24 seconds [0m
[94m[DEBUG] worker 2 finished in 9.51 seconds [0m
[94m[DEBUG] worker 0 finished in 10.68 seconds [0m
[94m[DEBUG] worker 1 finished in 23.09 seconds [0m
[92m[INFO] workers finished [0m
[92m[INFO] done post processing exp data [0m
verify candidate 104bb3e8: 1.671s; rank=10; p=3; t=1.671
verify candidate 7e1bcc27: 1.760s; rank=7; p=4; t=1.760
verify candidate 9a4cc8f2: 2.057s; rank=1; p=8; t=2.057
verify candidate ba768df0: 2.095s; rank=3; p=5; t=2.095
verify candidate fef6f26d: 2.450s; rank=4; p=4; t=2.450
verify candidate 5bbc3311: 3.776s; rank=6; p=4; t=3.776
verify candidate 6120e6e8: 4.772s; rank=9; p=3; t=4.772
verify candidate c585bcd5: 5.766s; rank=8; p=3; t=5.766
verify candidate af422b07: 6.887s; rank=5; p=4; t=6.887
verify candidate 3890f02e: 19.219s; rank=2; p=6; t=19.219
selected 10 verified candidates to data/projs/timeout_a2c7ee598b.filtered/base.z3 with 50.453s vanilla verification budget
[92m[INFO] running 10 original queries [0m
[92m[INFO] running 100 tasks [0m
[92m[INFO] there is 7 processors [0m
[94m[DEBUG] created table timeout_a2c7ee598b_filtered_base_z3_z3_4_16_0_exp [0m
[94m[DEBUG] running ALL of timeout_a2c7ee598b.filtered.base.z3 [0m
[94m[DEBUG] adding 100 tasks [0m
[94m[DEBUG] worker 2 finished in 133.88 seconds [0m
[94m[DEBUG] worker 6 finished in 135.68 seconds [0m
[94m[DEBUG] worker 4 finished in 137.82 seconds [0m
[94m[DEBUG] worker 0 finished in 140.52 seconds [0m
[94m[DEBUG] worker 1 finished in 142.28 seconds [0m
[94m[DEBUG] worker 5 finished in 143.42 seconds [0m
[94m[DEBUG] worker 3 finished in 153.61 seconds [0m
[92m[INFO] workers finished [0m
[92m[INFO] done post processing exp data [0m
=== Overall Report ===

project dir:	data/projs/timeout_a2c7ee598b.filtered/base.z3
exper config:	filter
solver path:	bin/z3-4.16.0
analyzer:	default

| category   |   count | percentage   |
|------------|---------|--------------|
| stable     |       8 | 80.0%        |
| unstable   |       2 | 20.0%        |
| total      |      10 | 100.00 %     |

=== Report End ===
Ran mariposa on filtered queries
[92m[INFO] carving out query 3890f02e [0m
Passed Mutants (9):
gen/timeout_a2c7ee598b.filtered/base.z3/filter/3890f02e.61582477094549211.reseed.smt2 - unsat - 6.55
gen/timeout_a2c7ee598b.filtered/base.z3/filter/3890f02e.10334740247326759808.shuffle.smt2 - unsat - 2.55
gen/timeout_a2c7ee598b.filtered/base.z3/filter/3890f02e.5893068299423188300.rename.smt2 - unsat - 28.64
gen/timeout_a2c7ee598b.filtered/base.z3/filter/3890f02e.12335809171233416688.rename.smt2 - unsat - 28.57
gen/timeout_a2c7ee598b.filtered/base.z3/filter/3890f02e.6059345109181235150.reseed.smt2 - unsat - 7.64
gen/timeout_a2c7ee598b.filtered/base.z3/filter/3890f02e.14154916097573535053.shuffle.smt2 - unsat - 12.43
gen/timeout_a2c7ee598b.filtered/base.z3/filter/3890f02e.5335103797995422533.rename.smt2 - unsat - 28.3
gen/timeout_a2c7ee598b.filtered/base.z3/filter/3890f02e.4966120693849617922.shuffle.smt2 - unsat - 12.15
data/projs/timeout_a2c7ee598b.filtered/base.z3/3890f02e.smt2 - unsat - 27.48

Failed Mutants (1):
gen/timeout_a2c7ee598b.filtered/base.z3/filter/3890f02e.1071940115570345503.reseed.smt2 - timeout - 60.05
[92m[INFO] carving out query c585bcd5 [0m
Passed Mutants (9):
gen/timeout_a2c7ee598b.filtered/base.z3/filter/c585bcd5.14437025783252429591.shuffle.smt2 - unsat - 22.49
gen/timeout_a2c7ee598b.filtered/base.z3/filter/c585bcd5.2383985199715196075.rename.smt2 - unsat - 7.15
gen/timeout_a2c7ee598b.filtered/base.z3/filter/c585bcd5.8396766615770698746.rename.smt2 - unsat - 7.2
gen/timeout_a2c7ee598b.filtered/base.z3/filter/c585bcd5.16180660398118644979.shuffle.smt2 - unsat - 5.37
gen/timeout_a2c7ee598b.filtered/base.z3/filter/c585bcd5.6032481367037695744.rename.smt2 - unsat - 7.32
data/projs/timeout_a2c7ee598b.filtered/base.z3/c585bcd5.smt2 - unsat - 7.17
gen/timeout_a2c7ee598b.filtered/base.z3/filter/c585bcd5.3780472454263925996.shuffle.smt2 - unsat - 21.25
gen/timeout_a2c7ee598b.filtered/base.z3/filter/c585bcd5.8219269716801365535.reseed.smt2 - unsat - 7.12
gen/timeout_a2c7ee598b.filtered/base.z3/filter/c585bcd5.17594485394912929282.reseed.smt2 - unsat - 30.97

Failed Mutants (1):
gen/timeout_a2c7ee598b.filtered/base.z3/filter/c585bcd5.7797280940073961540.reseed.smt2 - timeout - 60.03
[92m[INFO] removed 2 queries, 8 remaining [0m
Carved out unstable queries
Ran early-stop stability checks until a stable fix was found
Checking candidates by increasing vanilla verification time
Checking candidate 1/8 for stability: data/projs/timeout_a2c7ee598b.filtered/base.z3/104bb3e8.smt2
[92m[INFO] removing gen/sproj_single_952a9aea83 [0m
[92m[INFO] using 60s solver timeout (capped by analyzer 60sec) [0m
[94m[DEBUG] created table single_952a9aea83_base_z3_z3_4_16_0_exp [0m
[92m[INFO] running 1 original queries [0m
[94m[DEBUG] running ALL of single_952a9aea83.base.z3 [0m
[94m[DEBUG] adding 181 tasks [0m
[94m[DEBUG] finished: 32/181, elapsed: 0.0 hours, estimated: 08-25 14:30 [0m
[94m[DEBUG] finished: 50/181, elapsed: 0.01 hours, estimated: 08-25 14:32 [0m
[94m[DEBUG] finished: 69/181, elapsed: 0.01 hours, estimated: 08-25 14:32 [0m
[94m[DEBUG] finished: 95/181, elapsed: 0.01 hours, estimated: 08-25 14:31 [0m
[94m[DEBUG] finished: 124/181, elapsed: 0.01 hours, estimated: 08-25 14:31 [0m
[94m[DEBUG] finished: 153/181, elapsed: 0.02 hours, estimated: 08-25 14:31 [0m
=== stable (1) ===
query path: gen/sproj_single_952a9aea83/104bb3e8.smt2
Found a stable fix; stopping further stability checks
Got list of fixes
Found 1 fix(es):
    104bb3e8: inst_keep internal_lib!human_eval_129.is_adjacent.?_definition -> data/projs/timeout_a2c7ee598b/base.z3/104bb3e8.smt2

=== Caza external-call time (wall clock) ===
  198.81s  initial stability check
    0.05s  build debugger trace and proof
    2.52s  finding fixes
   23.14s  verify candidates
    0.00s  filter broken candidates
  154.21s  filter candidates experiment
    0.87s  carve unstable candidates
   70.98s  early stability check 104bb3e8.smt2
  450.58s  total

================================================================================
[12/73] Caza query finished 2026-08-25T14:31:37
exit status: 0
================================================================================

================================================================================
[13/73] Caza query started 2026-08-25T14:31:37
query: /home/youjia/mariposa/data/verita_bad/human-eval__human_eval_129__find_smallest_adjacent_to_one.3.smt2
command: /usr/bin/python3 -u /home/youjia/mariposa/src/caza_wizard.py --set-seed 0x87654321 --early --fast-proof --sort time /home/youjia/mariposa/data/verita_bad/human-eval__human_eval_129__find_smallest_adjacent_to_one.3.smt2
================================================================================
Parsing...
Checking whether the input query is already stable
[92m[INFO] using 60s solver timeout (capped by analyzer 60sec) [0m
[94m[DEBUG] created table single_fa5a185792_base_z3_z3_4_16_0_exp [0m
[92m[INFO] running 1 original queries [0m
[94m[DEBUG] running ALL of single_fa5a185792.base.z3 [0m
[94m[DEBUG] adding 181 tasks [0m
[94m[DEBUG] finished: 1/181, elapsed: 0.0 hours, estimated: 08-25 14:31 [0m
[94m[DEBUG] finished: 3/181, elapsed: 0.01 hours, estimated: 08-25 15:07 [0m
[94m[DEBUG] finished: 6/181, elapsed: 0.01 hours, estimated: 08-25 14:49 [0m
[94m[DEBUG] finished: 9/181, elapsed: 0.01 hours, estimated: 08-25 14:43 [0m
[94m[DEBUG] finished: 12/181, elapsed: 0.02 hours, estimated: 08-25 14:49 [0m
[94m[DEBUG] finished: 17/181, elapsed: 0.02 hours, estimated: 08-25 14:44 [0m
[94m[DEBUG] finished: 18/181, elapsed: 0.03 hours, estimated: 08-25 14:49 [0m
[94m[DEBUG] finished: 22/181, elapsed: 0.03 hours, estimated: 08-25 14:46 [0m
[94m[DEBUG] finished: 25/181, elapsed: 0.03 hours, estimated: 08-25 14:45 [0m
[94m[DEBUG] finished: 29/181, elapsed: 0.04 hours, estimated: 08-25 14:46 [0m
[94m[DEBUG] finished: 31/181, elapsed: 0.04 hours, estimated: 08-25 14:45 [0m
[94m[DEBUG] finished: 37/181, elapsed: 0.05 hours, estimated: 08-25 14:45 [0m
[94m[DEBUG] finished: 40/181, elapsed: 0.05 hours, estimated: 08-25 14:45 [0m
[94m[DEBUG] finished: 45/181, elapsed: 0.05 hours, estimated: 08-25 14:43 [0m
[94m[DEBUG] finished: 47/181, elapsed: 0.06 hours, estimated: 08-25 14:45 [0m
[94m[DEBUG] finished: 51/181, elapsed: 0.06 hours, estimated: 08-25 14:44 [0m
[94m[DEBUG] finished: 54/181, elapsed: 0.07 hours, estimated: 08-25 14:45 [0m
[94m[DEBUG] finished: 59/181, elapsed: 0.07 hours, estimated: 08-25 14:44 [0m
[94m[DEBUG] finished: 60/181, elapsed: 0.07 hours, estimated: 08-25 14:44 [0m
[94m[DEBUG] finished: 64/181, elapsed: 0.08 hours, estimated: 08-25 14:45 [0m
[94m[DEBUG] finished: 67/181, elapsed: 0.08 hours, estimated: 08-25 14:44 [0m
[94m[DEBUG] finished: 71/181, elapsed: 0.09 hours, estimated: 08-25 14:45 [0m
[94m[DEBUG] finished: 74/181, elapsed: 0.09 hours, estimated: 08-25 14:44 [0m
[94m[DEBUG] finished: 78/181, elapsed: 0.09 hours, estimated: 08-25 14:44 [0m
[94m[DEBUG] finished: 81/181, elapsed: 0.1 hours, estimated: 08-25 14:44 [0m
[94m[DEBUG] finished: 85/181, elapsed: 0.1 hours, estimated: 08-25 14:44 [0m
[94m[DEBUG] finished: 88/181, elapsed: 0.11 hours, estimated: 08-25 14:45 [0m
[94m[DEBUG] finished: 92/181, elapsed: 0.11 hours, estimated: 08-25 14:44 [0m
[94m[DEBUG] finished: 95/181, elapsed: 0.11 hours, estimated: 08-25 14:44 [0m
[94m[DEBUG] finished: 99/181, elapsed: 0.12 hours, estimated: 08-25 14:44 [0m
[94m[DEBUG] finished: 102/181, elapsed: 0.12 hours, estimated: 08-25 14:44 [0m
[94m[DEBUG] finished: 106/181, elapsed: 0.13 hours, estimated: 08-25 14:44 [0m
[94m[DEBUG] finished: 109/181, elapsed: 0.13 hours, estimated: 08-25 14:44 [0m
[94m[DEBUG] finished: 113/181, elapsed: 0.13 hours, estimated: 08-25 14:44 [0m
[94m[DEBUG] finished: 116/181, elapsed: 0.14 hours, estimated: 08-25 14:44 [0m
[94m[DEBUG] finished: 120/181, elapsed: 0.14 hours, estimated: 08-25 14:44 [0m
[94m[DEBUG] finished: 124/181, elapsed: 0.14 hours, estimated: 08-25 14:43 [0m
[94m[DEBUG] finished: 125/181, elapsed: 0.15 hours, estimated: 08-25 14:44 [0m
[94m[DEBUG] finished: 131/181, elapsed: 0.15 hours, estimated: 08-25 14:44 [0m
[94m[DEBUG] finished: 136/181, elapsed: 0.16 hours, estimated: 08-25 14:44 [0m
[94m[DEBUG] finished: 138/181, elapsed: 0.16 hours, estimated: 08-25 14:44 [0m
[94m[DEBUG] finished: 141/181, elapsed: 0.16 hours, estimated: 08-25 14:44 [0m
[94m[DEBUG] finished: 143/181, elapsed: 0.17 hours, estimated: 08-25 14:44 [0m
[94m[DEBUG] finished: 146/181, elapsed: 0.17 hours, estimated: 08-25 14:44 [0m
[94m[DEBUG] finished: 149/181, elapsed: 0.17 hours, estimated: 08-25 14:44 [0m
[94m[DEBUG] finished: 154/181, elapsed: 0.18 hours, estimated: 08-25 14:44 [0m
[94m[DEBUG] finished: 156/181, elapsed: 0.18 hours, estimated: 08-25 14:44 [0m
[94m[DEBUG] finished: 160/181, elapsed: 0.18 hours, estimated: 08-25 14:43 [0m
[94m[DEBUG] finished: 162/181, elapsed: 0.19 hours, estimated: 08-25 14:44 [0m
[94m[DEBUG] finished: 165/181, elapsed: 0.19 hours, estimated: 08-25 14:44 [0m
[94m[DEBUG] finished: 169/181, elapsed: 0.2 hours, estimated: 08-25 14:43 [0m
[94m[DEBUG] finished: 174/181, elapsed: 0.2 hours, estimated: 08-25 14:44 [0m
[94m[DEBUG] finished: 176/181, elapsed: 0.2 hours, estimated: 08-25 14:44 [0m
[94m[DEBUG] finished: 179/181, elapsed: 0.21 hours, estimated: 08-25 14:43 [0m
=== stable (1) ===
query path: gen/sproj_single_fa5a185792/human-eval__human_eval_129__find_smallest_adjacent_to_one.3.smt2
Input query is already stable; skipping Caza debugging

=== Caza external-call time (wall clock) ===
  745.60s  initial stability check
  745.60s  total

================================================================================
[13/73] Caza query finished 2026-08-25T14:44:03
exit status: 0
================================================================================

================================================================================
[14/73] Caza query started 2026-08-25T14:44:03
query: /home/youjia/mariposa/data/verita_bad/human-eval__human_eval_129__min_path.smt2
command: /usr/bin/python3 -u /home/youjia/mariposa/src/caza_wizard.py --set-seed 0x87654321 --early --fast-proof --sort time /home/youjia/mariposa/data/verita_bad/human-eval__human_eval_129__min_path.smt2
================================================================================
Parsing...
Checking whether the input query is already stable
[92m[INFO] using 60s solver timeout (capped by analyzer 60sec) [0m
[94m[DEBUG] created table single_6d822cb71c_base_z3_z3_4_16_0_exp [0m
[92m[INFO] running 1 original queries [0m
[94m[DEBUG] running ALL of single_6d822cb71c.base.z3 [0m
[94m[DEBUG] adding 181 tasks [0m
[94m[DEBUG] finished: 2/181, elapsed: 0.0 hours, estimated: 08-25 14:44 [0m
[94m[DEBUG] finished: 5/181, elapsed: 0.01 hours, estimated: 08-25 15:05 [0m
[94m[DEBUG] finished: 7/181, elapsed: 0.01 hours, estimated: 08-25 14:59 [0m
[94m[DEBUG] finished: 9/181, elapsed: 0.02 hours, estimated: 08-25 15:07 [0m
[94m[DEBUG] finished: 12/181, elapsed: 0.02 hours, estimated: 08-25 15:02 [0m
[92m[INFO] criteria: vanilla=unsat@13.415s; groups: shuffle=[unsat@6.740s, unsat@12.625s, unsat@20.038s, unsat@23.724s, unsat@29.031s, unsat@36.696s, unsat@26.033s, timeout@60.000s, unsat@32.561s, unsat@6.531s, timeout@60.000s, timeout@60.000s, unsat@24.771s, unsat@5.282s, timeout@60.000s] (45 mutant result(s) pending); rename=[] (60 mutant result(s) pending); reseed=[] (60 mutant result(s) pending); possible final categories=[unsolvable, unstable] [0m
[92m[INFO] early decision: gen/sproj_single_6d822cb71c/human-eval__human_eval_129__min_path.smt2 -> not_stable; skipping 159 queued tasks [0m
[94m[DEBUG] finished: 17/22, elapsed: 0.02 hours, estimated: 08-25 14:46 [0m
[94m[DEBUG] finished: 18/22, elapsed: 0.03 hours, estimated: 08-25 14:46 [0m
[94m[DEBUG] finished: 20/22, elapsed: 0.04 hours, estimated: 08-25 14:46 [0m
[94m[DEBUG] finished: 22/22, elapsed: 0.04 hours, estimated: 08-25 14:46 [0m
=== stable (0) ===
Starting Cazamariposas
[92m[INFO] [init] loaded cached artifacts: traces=4, cores=0, proofs=2 [0m
[92m[INFO] [init] cached-proofs-only: skipping trace, core, and proof construction [0m
[92m[INFO] [init] dbg root: dbg/6d822cb71c/ [0m
[92m[INFO] [init] 6d822cb71c auto selected DbgMode.TIMEOUT [0m
Found failure trace and proof object
[92m[INFO] [graph] found dbg/6d822cb71c/graphs/shuffle.12420925493754069455.txt [0m
[92m[INFO] [stats] found dbg/6d822cb71c/stats/shuffle.12420925493754069455.txt [0m
[94m[DEBUG] [edit] proof path: dbg/6d822cb71c/proofs/shuffle.446894350884401940.proof [0m
[94m[DEBUG] [edit] trace path: dbg/6d822cb71c/traces/shuffle.12420925493754069455 [0m
c242ec8327438a36eb9851cbb19ae997.pickle
[93m[WARN] [differ] qid constructor_accessor_axiom not found in dbg/6d822cb71c/orig.smt2 [0m
[92m[INFO] [edit] [inst] mariposa_qid_3 5 instances [0m
[92m[INFO] [edit] written to data/projs/timeout_6d822cb71c/base.z3/722ee008.smt2 [0m
[92m[INFO] [edit] [inst] internal_vstd!seq_lib.impl&__0.map_values.?_definition 4 instances [0m
[92m[INFO] [edit] written to data/projs/timeout_6d822cb71c/base.z3/af422b07.smt2 [0m
[92m[INFO] [edit] [inst] mariposa_qid_1 3 instances [0m
[92m[INFO] [edit] written to data/projs/timeout_6d822cb71c/base.z3/6234b668.smt2 [0m
[92m[INFO] [edit] [inst] prelude_mk_fun 10 instances [0m
[92m[INFO] [edit] written to data/projs/timeout_6d822cb71c/base.z3/ba768df0.smt2 [0m
[92m[INFO] [edit] [inst] internal_crate__fun__1_box_axiom_definition 10 instances [0m
[92m[INFO] [edit] written to data/projs/timeout_6d822cb71c/base.z3/fef6f26d.smt2 [0m
[92m[INFO] [edit] [inst] user_vstd__seq__lemma_seq_new_index_4 6 instances [0m
[92m[INFO] [edit] written to data/projs/timeout_6d822cb71c/base.z3/fb9e5c4f.smt2 [0m
[92m[INFO] [edit] [inst] prelude_unbox_box_int 16 instances [0m
[92m[INFO] [edit] written to data/projs/timeout_6d822cb71c/base.z3/7e1bcc27.smt2 [0m
[92m[INFO] [edit] [inst] mariposa_qid_4 6 instances [0m
[92m[INFO] [edit] written to data/projs/timeout_6d822cb71c/base.z3/7ec12ea5.smt2 [0m
[92m[INFO] [edit] [inst] internal_vstd!array.array_view.?_definition 4 instances [0m
[92m[INFO] [edit] [erase] internal_vstd!array.array_view.?_definition [0m
[92m[INFO] [edit] written to data/projs/timeout_6d822cb71c/base.z3/c585bcd5.smt2 [0m
[92m[INFO] [edit] [inst] internal_tuple__2./tuple__2/1_accessor_definition 1 instances [0m
[92m[INFO] [edit] written to data/projs/timeout_6d822cb71c/base.z3/7259d424.smt2 [0m
Produced candidate smt2 files
[94m[DEBUG] created table timeout_6d822cb71c_base_z3_z3_4_16_0_exp [0m
[92m[INFO] running 10 original queries [0m
[94m[DEBUG] running ALL of timeout_6d822cb71c.base.z3 [0m
[94m[DEBUG] adding 10 tasks [0m
[92m[INFO] running 10 tasks [0m
[92m[INFO] there is 4 processors [0m
[94m[DEBUG] worker 1 finished in 76.79 seconds [0m
[94m[DEBUG] worker 3 finished in 94.1 seconds [0m
[94m[DEBUG] worker 2 finished in 95.91 seconds [0m
[94m[DEBUG] worker 0 finished in 120.63 seconds [0m
[92m[INFO] workers finished [0m
[92m[INFO] done post processing exp data [0m
verify candidate 7e1bcc27: 8.016s; rank=7; p=4; t=8.016
verify candidate 722ee008: 15.480s; rank=1; p=8; t=15.480
verify candidate af422b07: 16.747s; rank=2; p=6; t=16.747
verify candidate fb9e5c4f: 26.035s; rank=6; p=4; t=26.035
verify candidate ba768df0: 35.863s; rank=4; p=4; t=35.863
verify candidate c585bcd5: 45.108s; rank=9; p=3; t=45.108
selected 6 verified candidates to data/projs/timeout_6d822cb71c.filtered/base.z3 with 147.249s vanilla verification budget
[92m[INFO] running 6 original queries [0m
[92m[INFO] running 60 tasks [0m
[92m[INFO] there is 7 processors [0m
[94m[DEBUG] created table timeout_6d822cb71c_filtered_base_z3_z3_4_16_0_exp [0m
[94m[DEBUG] running ALL of timeout_6d822cb71c.filtered.base.z3 [0m
[94m[DEBUG] adding 60 tasks [0m
[94m[DEBUG] worker 2 finished in 273.48 seconds [0m
[94m[DEBUG] worker 5 finished in 273.67 seconds [0m
[94m[DEBUG] worker 0 finished in 277.54 seconds [0m
[94m[DEBUG] worker 6 finished in 279.65 seconds [0m
[94m[DEBUG] worker 1 finished in 282.64 seconds [0m
[94m[DEBUG] worker 3 finished in 287.88 seconds [0m
[94m[DEBUG] worker 4 finished in 289.95 seconds [0m
[92m[INFO] workers finished [0m
[92m[INFO] done post processing exp data [0m
=== Overall Report ===

project dir:	data/projs/timeout_6d822cb71c.filtered/base.z3
exper config:	filter
solver path:	bin/z3-4.16.0
analyzer:	default

| category   |   count | percentage   |
|------------|---------|--------------|
| unstable   |       5 | 83.33%       |
| stable     |       1 | 16.67%       |
| total      |       6 | 100.00 %     |

=== Report End ===
Ran mariposa on filtered queries
[92m[INFO] carving out query 722ee008 [0m
Passed Mutants (8):
gen/timeout_6d822cb71c.filtered/base.z3/filter/722ee008.8718323154497273642.reseed.smt2 - unsat - 2.47
gen/timeout_6d822cb71c.filtered/base.z3/filter/722ee008.3320296808388958765.shuffle.smt2 - unsat - 27.24
data/projs/timeout_6d822cb71c.filtered/base.z3/722ee008.smt2 - unsat - 19.9
gen/timeout_6d822cb71c.filtered/base.z3/filter/722ee008.16004126169573422500.rename.smt2 - unsat - 19.9
gen/timeout_6d822cb71c.filtered/base.z3/filter/722ee008.7287199399073183597.reseed.smt2 - unsat - 9.36
gen/timeout_6d822cb71c.filtered/base.z3/filter/722ee008.16826318232920043068.rename.smt2 - unsat - 19.42
gen/timeout_6d822cb71c.filtered/base.z3/filter/722ee008.17275225126211502628.shuffle.smt2 - unsat - 6.37
gen/timeout_6d822cb71c.filtered/base.z3/filter/722ee008.17829347501286368001.rename.smt2 - unsat - 14.77

Failed Mutants (2):
gen/timeout_6d822cb71c.filtered/base.z3/filter/722ee008.1279349372239656807.shuffle.smt2 - timeout - 60.02
gen/timeout_6d822cb71c.filtered/base.z3/filter/722ee008.2670565017130304302.reseed.smt2 - timeout - 60.02
[92m[INFO] carving out query af422b07 [0m
Passed Mutants (7):
gen/timeout_6d822cb71c.filtered/base.z3/filter/af422b07.10760467590434029718.rename.smt2 - unsat - 20.59
gen/timeout_6d822cb71c.filtered/base.z3/filter/af422b07.8189966886181146958.shuffle.smt2 - unsat - 9.36
gen/timeout_6d822cb71c.filtered/base.z3/filter/af422b07.12377663679083618347.rename.smt2 - unsat - 21.99
gen/timeout_6d822cb71c.filtered/base.z3/filter/af422b07.1541072799856431691.reseed.smt2 - unsat - 17.75
data/projs/timeout_6d822cb71c.filtered/base.z3/af422b07.smt2 - unsat - 20.85
gen/timeout_6d822cb71c.filtered/base.z3/filter/af422b07.12888586230432162282.rename.smt2 - unsat - 21.07
gen/timeout_6d822cb71c.filtered/base.z3/filter/af422b07.14365189701047192174.shuffle.smt2 - unsat - 5.46

Failed Mutants (3):
gen/timeout_6d822cb71c.filtered/base.z3/filter/af422b07.11990292847926251922.reseed.smt2 - timeout - 60.02
gen/timeout_6d822cb71c.filtered/base.z3/filter/af422b07.3323334142459809612.shuffle.smt2 - timeout - 60.02
gen/timeout_6d822cb71c.filtered/base.z3/filter/af422b07.12234309960936406647.reseed.smt2 - timeout - 60.03
[92m[INFO] carving out query ba768df0 [0m
Passed Mutants (9):
gen/timeout_6d822cb71c.filtered/base.z3/filter/ba768df0.6702005207497258055.shuffle.smt2 - unsat - 8.82
gen/timeout_6d822cb71c.filtered/base.z3/filter/ba768df0.14660754016804819139.rename.smt2 - unsat - 45.15
gen/timeout_6d822cb71c.filtered/base.z3/filter/ba768df0.14496889016903938735.shuffle.smt2 - unsat - 9.7
data/projs/timeout_6d822cb71c.filtered/base.z3/ba768df0.smt2 - unsat - 46.09
gen/timeout_6d822cb71c.filtered/base.z3/filter/ba768df0.7282955464163137569.rename.smt2 - unsat - 46.97
gen/timeout_6d822cb71c.filtered/base.z3/filter/ba768df0.13026038401904016718.reseed.smt2 - unsat - 41.44
gen/timeout_6d822cb71c.filtered/base.z3/filter/ba768df0.17302109160872637003.rename.smt2 - unsat - 44.8
gen/timeout_6d822cb71c.filtered/base.z3/filter/ba768df0.13066231858663843145.shuffle.smt2 - unsat - 11.76
gen/timeout_6d822cb71c.filtered/base.z3/filter/ba768df0.9605639593593649296.reseed.smt2 - unsat - 40.89

Failed Mutants (1):
gen/timeout_6d822cb71c.filtered/base.z3/filter/ba768df0.4924155797289395203.reseed.smt2 - timeout - 60.03
[92m[INFO] carving out query c585bcd5 [0m
Passed Mutants (8):
gen/timeout_6d822cb71c.filtered/base.z3/filter/c585bcd5.9751548863090261069.reseed.smt2 - unsat - 4.59
gen/timeout_6d822cb71c.filtered/base.z3/filter/c585bcd5.7499003207487316200.shuffle.smt2 - unsat - 17.57
data/projs/timeout_6d822cb71c.filtered/base.z3/c585bcd5.smt2 - unsat - 56.88
gen/timeout_6d822cb71c.filtered/base.z3/filter/c585bcd5.11209810755324584828.reseed.smt2 - unsat - 4.77
gen/timeout_6d822cb71c.filtered/base.z3/filter/c585bcd5.9215101124684342195.rename.smt2 - unsat - 57.17
gen/timeout_6d822cb71c.filtered/base.z3/filter/c585bcd5.12270844083210691617.rename.smt2 - unsat - 56.72
gen/timeout_6d822cb71c.filtered/base.z3/filter/c585bcd5.17387690871697194190.shuffle.smt2 - unsat - 21.74
gen/timeout_6d822cb71c.filtered/base.z3/filter/c585bcd5.1518270234319682072.rename.smt2 - unsat - 56.06

Failed Mutants (2):
gen/timeout_6d822cb71c.filtered/base.z3/filter/c585bcd5.4349190254326177349.reseed.smt2 - timeout - 60.02
gen/timeout_6d822cb71c.filtered/base.z3/filter/c585bcd5.13958509706977227617.shuffle.smt2 - timeout - 60.02
[92m[INFO] carving out query fb9e5c4f [0m
Passed Mutants (6):
gen/timeout_6d822cb71c.filtered/base.z3/filter/fb9e5c4f.11629345381479561856.rename.smt2 - unsat - 36.68
gen/timeout_6d822cb71c.filtered/base.z3/filter/fb9e5c4f.8499869022580544009.rename.smt2 - unsat - 35.44
data/projs/timeout_6d822cb71c.filtered/base.z3/fb9e5c4f.smt2 - unsat - 34.12
gen/timeout_6d822cb71c.filtered/base.z3/filter/fb9e5c4f.3877793009819759273.reseed.smt2 - unsat - 58.68
gen/timeout_6d822cb71c.filtered/base.z3/filter/fb9e5c4f.12475633189256720454.rename.smt2 - unsat - 34.22
gen/timeout_6d822cb71c.filtered/base.z3/filter/fb9e5c4f.17704523687846799916.reseed.smt2 - unsat - 50.61

Failed Mutants (4):
gen/timeout_6d822cb71c.filtered/base.z3/filter/fb9e5c4f.4367491391005333342.reseed.smt2 - timeout - 60.02
gen/timeout_6d822cb71c.filtered/base.z3/filter/fb9e5c4f.3336449880956727862.shuffle.smt2 - timeout - 60.02
gen/timeout_6d822cb71c.filtered/base.z3/filter/fb9e5c4f.1023316090212903069.shuffle.smt2 - timeout - 60.02
gen/timeout_6d822cb71c.filtered/base.z3/filter/fb9e5c4f.14750911175455363862.shuffle.smt2 - timeout - 60.02
[92m[INFO] removed 5 queries, 1 remaining [0m
Carved out unstable queries
Ran early-stop stability checks until a stable fix was found
Checking candidates by increasing vanilla verification time
Checking candidate 1/1 for stability: data/projs/timeout_6d822cb71c.filtered/base.z3/7e1bcc27.smt2
[92m[INFO] removing gen/sproj_single_a163518e85 [0m
[92m[INFO] using 60s solver timeout (capped by analyzer 60sec) [0m
[94m[DEBUG] created table single_a163518e85_base_z3_z3_4_16_0_exp [0m
[92m[INFO] running 1 original queries [0m
[94m[DEBUG] running ALL of single_a163518e85.base.z3 [0m
[94m[DEBUG] adding 181 tasks [0m
[94m[DEBUG] finished: 3/181, elapsed: 0.0 hours, estimated: 08-25 14:53 [0m
[94m[DEBUG] finished: 4/181, elapsed: 0.01 hours, estimated: 08-25 15:20 [0m
[94m[DEBUG] finished: 7/181, elapsed: 0.01 hours, estimated: 08-25 15:08 [0m
[94m[DEBUG] finished: 8/181, elapsed: 0.01 hours, estimated: 08-25 15:07 [0m
[94m[DEBUG] finished: 9/181, elapsed: 0.02 hours, estimated: 08-25 15:17 [0m
[94m[DEBUG] finished: 11/181, elapsed: 0.02 hours, estimated: 08-25 15:13 [0m
[92m[INFO] criteria: vanilla=unsat@9.956s; groups: shuffle=[unsat@8.426s, unsat@10.137s, unsat@13.436s, unsat@13.973s, unsat@32.952s, unsat@26.827s, unsat@48.969s, timeout@60.000s, timeout@60.000s, timeout@60.000s, timeout@60.000s] (49 mutant result(s) pending); rename=[] (60 mutant result(s) pending); reseed=[] (60 mutant result(s) pending); possible final categories=[unsolvable, unstable] [0m
[92m[INFO] early decision: gen/sproj_single_a163518e85/7e1bcc27.smt2 -> not_stable; skipping 163 queued tasks [0m
[94m[DEBUG] finished: 14/18, elapsed: 0.03 hours, estimated: 08-25 14:55 [0m
[94m[DEBUG] finished: 16/18, elapsed: 0.03 hours, estimated: 08-25 14:55 [0m
[94m[DEBUG] finished: 18/18, elapsed: 0.04 hours, estimated: 08-25 14:55 [0m
=== stable (0) ===
Got list of fixes
No fixes were found :(

=== Caza external-call time (wall clock) ===
  140.08s  initial stability check
    0.05s  build debugger trace and proof
    3.01s  finding fixes
  120.69s  verify candidates
    0.01s  filter broken candidates
  290.53s  filter candidates experiment
    0.87s  carve unstable candidates
  143.67s  early stability check 7e1bcc27.smt2
  698.91s  total

================================================================================
[14/73] Caza query finished 2026-08-25T14:55:43
exit status: 0
================================================================================

================================================================================
[15/73] Caza query started 2026-08-25T14:55:43
query: /home/youjia/mariposa/data/verita_bad/ironkv__host_protocol_t.10.smt2
command: /usr/bin/python3 -u /home/youjia/mariposa/src/caza_wizard.py --set-seed 0x87654321 --early --fast-proof --sort time /home/youjia/mariposa/data/verita_bad/ironkv__host_protocol_t.10.smt2
================================================================================
Parsing...
Checking whether the input query is already stable
[92m[INFO] using 60s solver timeout (capped by analyzer 60sec) [0m
[94m[DEBUG] created table single_ce95011fc1_base_z3_z3_4_16_0_exp [0m
[92m[INFO] running 1 original queries [0m
[94m[DEBUG] running ALL of single_ce95011fc1.base.z3 [0m
[94m[DEBUG] adding 181 tasks [0m
[92m[INFO] criteria: vanilla=unknown@0.038s; groups: shuffle=[unknown@0.038s, unknown@0.038s, unknown@0.053s] (57 mutant result(s) pending); rename=[] (60 mutant result(s) pending); reseed=[] (60 mutant result(s) pending); possible final categories=[unsolvable, unstable] [0m
[92m[INFO] early decision: gen/sproj_single_ce95011fc1/ironkv__host_protocol_t.10.smt2 -> not_stable; skipping 171 queued tasks [0m
=== stable (0) ===
Starting Cazamariposas
[92m[INFO] [init] loaded cached artifacts: traces=5, cores=0, proofs=0 [0m
[92m[INFO] [init] cached-proofs-only: skipping trace, core, and proof construction [0m
[92m[INFO] [init] dbg root: dbg/ce95011fc1/ [0m
[93m[WARN] [proof] no proofs available [0m
[92m[INFO] [init] ce95011fc1 auto selected DbgMode.FAST_FAIL [0m
ERROR:root::( could not get any mutant to produce a proof object

=== Caza external-call time (wall clock) ===
    0.19s  initial stability check
    0.00s  build debugger trace and proof
    0.19s  total

================================================================================
[15/73] Caza query finished 2026-08-25T14:55:43
exit status: 0
================================================================================

================================================================================
[16/73] Caza query started 2026-08-25T14:55:43
query: /home/youjia/mariposa/data/verita_bad/ironkv__host_protocol_t.5.smt2
command: /usr/bin/python3 -u /home/youjia/mariposa/src/caza_wizard.py --set-seed 0x87654321 --early --fast-proof --sort time /home/youjia/mariposa/data/verita_bad/ironkv__host_protocol_t.5.smt2
================================================================================
Parsing...
Checking whether the input query is already stable
[92m[INFO] using 60s solver timeout (capped by analyzer 60sec) [0m
[94m[DEBUG] created table single_71548905bd_base_z3_z3_4_16_0_exp [0m
[92m[INFO] running 1 original queries [0m
[94m[DEBUG] running ALL of single_71548905bd.base.z3 [0m
[94m[DEBUG] adding 181 tasks [0m
[92m[INFO] criteria: vanilla=unknown@0.042s; groups: shuffle=[unknown@0.036s, unknown@0.036s, unknown@0.037s] (57 mutant result(s) pending); rename=[] (60 mutant result(s) pending); reseed=[] (60 mutant result(s) pending); possible final categories=[unsolvable, unstable] [0m
[92m[INFO] early decision: gen/sproj_single_71548905bd/ironkv__host_protocol_t.5.smt2 -> not_stable; skipping 171 queued tasks [0m
=== stable (0) ===
Starting Cazamariposas
[92m[INFO] [init] loaded cached artifacts: traces=5, cores=0, proofs=0 [0m
[92m[INFO] [init] cached-proofs-only: skipping trace, core, and proof construction [0m
[92m[INFO] [init] dbg root: dbg/71548905bd/ [0m
[93m[WARN] [proof] no proofs available [0m
[92m[INFO] [init] 71548905bd auto selected DbgMode.FAST_FAIL [0m
ERROR:root::( could not get any mutant to produce a proof object

=== Caza external-call time (wall clock) ===
    0.24s  initial stability check
    0.01s  build debugger trace and proof
    0.24s  total

================================================================================
[16/73] Caza query finished 2026-08-25T14:55:44
exit status: 0
================================================================================

================================================================================
[17/73] Caza query started 2026-08-25T14:55:44
query: /home/youjia/mariposa/data/verita_bad/memory-allocator__commit_segment.1.smt2
command: /usr/bin/python3 -u /home/youjia/mariposa/src/caza_wizard.py --set-seed 0x87654321 --early --fast-proof --sort time /home/youjia/mariposa/data/verita_bad/memory-allocator__commit_segment.1.smt2
================================================================================
Parsing...
Checking whether the input query is already stable
[92m[INFO] using 60s solver timeout (capped by analyzer 60sec) [0m
[94m[DEBUG] created table single_a800282246_base_z3_z3_4_16_0_exp [0m
[92m[INFO] running 1 original queries [0m
[94m[DEBUG] running ALL of single_a800282246.base.z3 [0m
[94m[DEBUG] adding 181 tasks [0m
[94m[DEBUG] finished: 106/181, elapsed: 0.0 hours, estimated: 08-25 14:55 [0m
[94m[DEBUG] finished: 178/181, elapsed: 0.02 hours, estimated: 08-25 14:56 [0m
[94m[DEBUG] finished: 181/181, elapsed: 0.02 hours, estimated: 08-25 14:57 [0m
=== stable (1) ===
query path: gen/sproj_single_a800282246/memory-allocator__commit_segment.1.smt2
Input query is already stable; skipping Caza debugging

=== Caza external-call time (wall clock) ===
   75.33s  initial stability check
   75.33s  total

================================================================================
[17/73] Caza query finished 2026-08-25T14:57:00
exit status: 0
================================================================================

================================================================================
[18/73] Caza query started 2026-08-25T14:57:00
query: /home/youjia/mariposa/data/verita_bad/memory-allocator__config.35.smt2
command: /usr/bin/python3 -u /home/youjia/mariposa/src/caza_wizard.py --set-seed 0x87654321 --early --fast-proof --sort time /home/youjia/mariposa/data/verita_bad/memory-allocator__config.35.smt2
================================================================================
Parsing...
Checking whether the input query is already stable
[92m[INFO] using 60s solver timeout (capped by analyzer 60sec) [0m
[94m[DEBUG] created table single_91ac5b3513_base_z3_z3_4_16_0_exp [0m
[92m[INFO] running 1 original queries [0m
[94m[DEBUG] running ALL of single_91ac5b3513.base.z3 [0m
[94m[DEBUG] adding 181 tasks [0m
[92m[INFO] criteria: vanilla=unsat@0.036s; groups: shuffle=[unsat@0.035s, unsat@0.035s, unknown@0.035s, unknown@0.035s, unsat@0.035s, unsat@0.034s, unknown@0.035s, unknown@0.036s] (52 mutant result(s) pending); rename=[] (60 mutant result(s) pending); reseed=[] (60 mutant result(s) pending); possible final categories=[unsolvable, unstable] [0m
[92m[INFO] early decision: gen/sproj_single_91ac5b3513/memory-allocator__config.35.smt2 -> not_stable; skipping 166 queued tasks [0m
=== stable (0) ===
Starting Cazamariposas
[92m[INFO] [init] loaded cached artifacts: traces=3, cores=3, proofs=3 [0m
[92m[INFO] [init] cached-proofs-only: skipping trace, core, and proof construction [0m
[92m[INFO] [init] dbg root: dbg/91ac5b3513/ [0m
[92m[INFO] [init] 91ac5b3513 auto selected DbgMode.FAST_FAIL [0m
Found failure trace and proof object
[94m[DEBUG] [edit] proof path: dbg/91ac5b3513/proofs/rename.191134073603777486.proof [0m
[94m[DEBUG] [edit] trace path: dbg/91ac5b3513/traces/shuffle.6459514956588936749 [0m
8caf48110b91b7b7cf577cd1b2afc5ca.pickle
[93m[WARN] [differ] qid constructor_accessor_axiom not found in dbg/91ac5b3513/orig.smt2 [0m
[92m[INFO] [edit] [inst] prelude_fuel_defaults 12 instances [0m
[92m[INFO] [edit] [erase] prelude_fuel_defaults [0m
[92m[INFO] [edit] written to data/projs/fast_fail_91ac5b3513/base.z3/8ab12f96.smt2 [0m
[92m[INFO] [edit] [inst] prelude_u_clip 9 instances [0m
[92m[INFO] [edit] [erase] prelude_u_clip [0m
[92m[INFO] [edit] written to data/projs/fast_fail_91ac5b3513/base.z3/c05f41ad.smt2 [0m
[92m[INFO] [edit] [inst] prelude_eucdiv 6 instances [0m
[92m[INFO] [edit] [erase] prelude_eucdiv [0m
[92m[INFO] [edit] written to data/projs/fast_fail_91ac5b3513/base.z3/30b90337.smt2 [0m
[92m[INFO] [edit] [inst] prelude_div_unsigned_in_bounds 5 instances [0m
[92m[INFO] [edit] [erase] prelude_div_unsigned_in_bounds [0m
[92m[INFO] [edit] written to data/projs/fast_fail_91ac5b3513/base.z3/c1a52b5e.smt2 [0m
[92m[INFO] [edit] [inst] prelude_u_inv 4 instances [0m
[92m[INFO] [edit] [erase] prelude_u_inv [0m
[92m[INFO] [edit] written to data/projs/fast_fail_91ac5b3513/base.z3/0ba4f0ec.smt2 [0m
[92m[INFO] [edit] [inst] prelude_mul 1 instances [0m
[92m[INFO] [edit] [erase] prelude_mul [0m
[92m[INFO] [edit] written to data/projs/fast_fail_91ac5b3513/base.z3/f472d171.smt2 [0m
[92m[INFO] [edit] [erase] internal_vstd!layout.align_of.?_pre_post_definition [0m
[92m[INFO] [edit] written to data/projs/fast_fail_91ac5b3513/base.z3/1f18735c.smt2 [0m
[92m[INFO] [edit] [erase] prelude_unbox_box_int [0m
[92m[INFO] [edit] written to data/projs/fast_fail_91ac5b3513/base.z3/7de8c48d.smt2 [0m
[92m[INFO] [edit] [erase] prelude_eucmod [0m
[92m[INFO] [edit] written to data/projs/fast_fail_91ac5b3513/base.z3/fd15c43d.smt2 [0m
[92m[INFO] [edit] [erase] user_vstd__layout__align_nonzero_30 [0m
[92m[INFO] [edit] written to data/projs/fast_fail_91ac5b3513/base.z3/0de5c090.smt2 [0m
Produced candidate smt2 files
[94m[DEBUG] created table fast_fail_91ac5b3513_base_z3_z3_4_16_0_exp [0m
[92m[INFO] running 10 original queries [0m
[94m[DEBUG] running ALL of fast_fail_91ac5b3513.base.z3 [0m
[94m[DEBUG] adding 10 tasks [0m
[92m[INFO] running 10 tasks [0m
[92m[INFO] there is 4 processors [0m
[94m[DEBUG] worker 2 finished in 0.08 seconds [0m
[94m[DEBUG] worker 3 finished in 0.09 seconds [0m
[94m[DEBUG] worker 0 finished in 0.11 seconds [0m
[94m[DEBUG] worker 1 finished in 0.12 seconds [0m
[92m[INFO] workers finished [0m
[92m[INFO] done post processing exp data [0m
verify candidate 8ab12f96: 0.031s; rank=1; p=8; t=0.031
verify candidate fd15c43d: 0.031s; rank=9; p=3; t=0.031
verify candidate c1a52b5e: 0.032s; rank=4; p=4; t=0.032
verify candidate f472d171: 0.032s; rank=6; p=4; t=0.032
verify candidate 0ba4f0ec: 0.033s; rank=5; p=4; t=0.033
verify candidate 7de8c48d: 0.033s; rank=8; p=3; t=0.033
verify candidate 0de5c090: 0.033s; rank=10; p=3; t=0.033
verify candidate 30b90337: 0.034s; rank=3; p=5; t=0.034
verify candidate 1f18735c: 0.034s; rank=7; p=4; t=0.034
selected 9 verified candidates to data/projs/fast_fail_91ac5b3513.filtered/base.z3 with 0.293s vanilla verification budget
[92m[INFO] running 9 original queries [0m
[92m[INFO] running 90 tasks [0m
[92m[INFO] there is 7 processors [0m
[94m[DEBUG] created table fast_fail_91ac5b3513_filtered_base_z3_z3_4_16_0_exp [0m
[94m[DEBUG] running ALL of fast_fail_91ac5b3513.filtered.base.z3 [0m
[94m[DEBUG] adding 90 tasks [0m
[94m[DEBUG] worker 3 finished in 0.8 seconds [0m
[94m[DEBUG] worker 4 finished in 0.8 seconds [0m
[94m[DEBUG] worker 6 finished in 0.81 seconds [0m
[94m[DEBUG] worker 5 finished in 0.82 seconds [0m
[94m[DEBUG] worker 2 finished in 0.83 seconds [0m
[94m[DEBUG] worker 0 finished in 0.84 seconds [0m
[94m[DEBUG] worker 1 finished in 0.85 seconds [0m
[92m[INFO] workers finished [0m
[92m[INFO] done post processing exp data [0m
=== Overall Report ===

project dir:	data/projs/fast_fail_91ac5b3513.filtered/base.z3
exper config:	filter
solver path:	bin/z3-4.16.0
analyzer:	default

| category   |   count | percentage   |
|------------|---------|--------------|
| unstable   |       6 | 66.67%       |
| stable     |       3 | 33.33%       |
| total      |       9 | 100.00 %     |

=== Report End ===
Ran mariposa on filtered queries
[92m[INFO] carving out query 0de5c090 [0m
Passed Mutants (8):
gen/fast_fail_91ac5b3513.filtered/base.z3/filter/0de5c090.11526524372862404372.rename.smt2 - unsat - 0.03
gen/fast_fail_91ac5b3513.filtered/base.z3/filter/0de5c090.4245023790401383250.reseed.smt2 - unsat - 0.04
gen/fast_fail_91ac5b3513.filtered/base.z3/filter/0de5c090.3420362710117553026.rename.smt2 - unsat - 0.05
gen/fast_fail_91ac5b3513.filtered/base.z3/filter/0de5c090.14574550606441009815.shuffle.smt2 - unsat - 0.04
gen/fast_fail_91ac5b3513.filtered/base.z3/filter/0de5c090.8734428869442656573.reseed.smt2 - unsat - 0.03
data/projs/fast_fail_91ac5b3513.filtered/base.z3/0de5c090.smt2 - unsat - 0.03
gen/fast_fail_91ac5b3513.filtered/base.z3/filter/0de5c090.6875135902100304470.rename.smt2 - unsat - 0.04
gen/fast_fail_91ac5b3513.filtered/base.z3/filter/0de5c090.8772482503473393028.reseed.smt2 - unsat - 0.03

Failed Mutants (2):
gen/fast_fail_91ac5b3513.filtered/base.z3/filter/0de5c090.6978875335555966381.shuffle.smt2 - unknown - 0.04
gen/fast_fail_91ac5b3513.filtered/base.z3/filter/0de5c090.4147952494794935551.shuffle.smt2 - unknown - 0.04
[92m[INFO] carving out query 1f18735c [0m
Passed Mutants (8):
gen/fast_fail_91ac5b3513.filtered/base.z3/filter/1f18735c.3791146172423944346.rename.smt2 - unsat - 0.03
data/projs/fast_fail_91ac5b3513.filtered/base.z3/1f18735c.smt2 - unsat - 0.03
gen/fast_fail_91ac5b3513.filtered/base.z3/filter/1f18735c.12513747280226584743.rename.smt2 - unsat - 0.03
gen/fast_fail_91ac5b3513.filtered/base.z3/filter/1f18735c.5990399255220221941.reseed.smt2 - unsat - 0.03
gen/fast_fail_91ac5b3513.filtered/base.z3/filter/1f18735c.9751685989014326527.rename.smt2 - unsat - 0.04
gen/fast_fail_91ac5b3513.filtered/base.z3/filter/1f18735c.2119342593948173090.reseed.smt2 - unsat - 0.03
gen/fast_fail_91ac5b3513.filtered/base.z3/filter/1f18735c.6227118132003104315.reseed.smt2 - unsat - 0.04
gen/fast_fail_91ac5b3513.filtered/base.z3/filter/1f18735c.10411791629758834910.shuffle.smt2 - unsat - 0.04

Failed Mutants (2):
gen/fast_fail_91ac5b3513.filtered/base.z3/filter/1f18735c.14684019355490920009.shuffle.smt2 - unknown - 0.04
gen/fast_fail_91ac5b3513.filtered/base.z3/filter/1f18735c.141462492907219435.shuffle.smt2 - unknown - 0.04
[92m[INFO] carving out query 30b90337 [0m
Passed Mutants (9):
gen/fast_fail_91ac5b3513.filtered/base.z3/filter/30b90337.13827947117455600905.reseed.smt2 - unsat - 0.04
gen/fast_fail_91ac5b3513.filtered/base.z3/filter/30b90337.4869063603810627285.reseed.smt2 - unsat - 0.04
gen/fast_fail_91ac5b3513.filtered/base.z3/filter/30b90337.12760803432593710074.rename.smt2 - unsat - 0.03
data/projs/fast_fail_91ac5b3513.filtered/base.z3/30b90337.smt2 - unsat - 0.03
gen/fast_fail_91ac5b3513.filtered/base.z3/filter/30b90337.4142627238442783995.shuffle.smt2 - unsat - 0.04
gen/fast_fail_91ac5b3513.filtered/base.z3/filter/30b90337.146076145286905523.reseed.smt2 - unsat - 0.03
gen/fast_fail_91ac5b3513.filtered/base.z3/filter/30b90337.14811750392198046061.rename.smt2 - unsat - 0.04
gen/fast_fail_91ac5b3513.filtered/base.z3/filter/30b90337.4704162305839920102.shuffle.smt2 - unsat - 0.04
gen/fast_fail_91ac5b3513.filtered/base.z3/filter/30b90337.11498762146294985659.rename.smt2 - unsat - 0.04

Failed Mutants (1):
gen/fast_fail_91ac5b3513.filtered/base.z3/filter/30b90337.11370791395894354835.shuffle.smt2 - unknown - 0.04
[92m[INFO] carving out query 7de8c48d [0m
Passed Mutants (8):
gen/fast_fail_91ac5b3513.filtered/base.z3/filter/7de8c48d.14112667405169206920.rename.smt2 - unsat - 0.03
gen/fast_fail_91ac5b3513.filtered/base.z3/filter/7de8c48d.8703118702027605113.shuffle.smt2 - unsat - 0.04
data/projs/fast_fail_91ac5b3513.filtered/base.z3/7de8c48d.smt2 - unsat - 0.03
gen/fast_fail_91ac5b3513.filtered/base.z3/filter/7de8c48d.13248199545104342501.reseed.smt2 - unsat - 0.03
gen/fast_fail_91ac5b3513.filtered/base.z3/filter/7de8c48d.17560936770399121182.reseed.smt2 - unsat - 0.04
gen/fast_fail_91ac5b3513.filtered/base.z3/filter/7de8c48d.4700985719721669576.reseed.smt2 - unsat - 0.04
gen/fast_fail_91ac5b3513.filtered/base.z3/filter/7de8c48d.9934642053653251384.rename.smt2 - unsat - 0.04
gen/fast_fail_91ac5b3513.filtered/base.z3/filter/7de8c48d.3203763895202592101.rename.smt2 - unsat - 0.04

Failed Mutants (2):
gen/fast_fail_91ac5b3513.filtered/base.z3/filter/7de8c48d.4077886791171426030.shuffle.smt2 - unknown - 0.04
gen/fast_fail_91ac5b3513.filtered/base.z3/filter/7de8c48d.12738823942837852747.shuffle.smt2 - unknown - 0.03
[92m[INFO] carving out query f472d171 [0m
Passed Mutants (9):
gen/fast_fail_91ac5b3513.filtered/base.z3/filter/f472d171.17528494503173034877.shuffle.smt2 - unsat - 0.04
gen/fast_fail_91ac5b3513.filtered/base.z3/filter/f472d171.16919967944417407708.rename.smt2 - unsat - 0.04
gen/fast_fail_91ac5b3513.filtered/base.z3/filter/f472d171.3208972818322513198.shuffle.smt2 - unsat - 0.04
data/projs/fast_fail_91ac5b3513.filtered/base.z3/f472d171.smt2 - unsat - 0.03
gen/fast_fail_91ac5b3513.filtered/base.z3/filter/f472d171.338230975340708134.reseed.smt2 - unsat - 0.04
gen/fast_fail_91ac5b3513.filtered/base.z3/filter/f472d171.10447936392723076682.rename.smt2 - unsat - 0.04
gen/fast_fail_91ac5b3513.filtered/base.z3/filter/f472d171.16211978537506574605.reseed.smt2 - unsat - 0.03
gen/fast_fail_91ac5b3513.filtered/base.z3/filter/f472d171.15121796439535251343.reseed.smt2 - unsat - 0.04
gen/fast_fail_91ac5b3513.filtered/base.z3/filter/f472d171.12007258444038996618.rename.smt2 - unsat - 0.03

Failed Mutants (1):
gen/fast_fail_91ac5b3513.filtered/base.z3/filter/f472d171.3054408830339108919.shuffle.smt2 - unknown - 0.04
[92m[INFO] carving out query fd15c43d [0m
Passed Mutants (9):
data/projs/fast_fail_91ac5b3513.filtered/base.z3/fd15c43d.smt2 - unsat - 0.04
gen/fast_fail_91ac5b3513.filtered/base.z3/filter/fd15c43d.5168632931792470867.reseed.smt2 - unsat - 0.04
gen/fast_fail_91ac5b3513.filtered/base.z3/filter/fd15c43d.12784358429578946364.rename.smt2 - unsat - 0.04
gen/fast_fail_91ac5b3513.filtered/base.z3/filter/fd15c43d.3451798300323579176.reseed.smt2 - unsat - 0.03
gen/fast_fail_91ac5b3513.filtered/base.z3/filter/fd15c43d.11200938558104553826.reseed.smt2 - unsat - 0.04
gen/fast_fail_91ac5b3513.filtered/base.z3/filter/fd15c43d.16851671098236518854.shuffle.smt2 - unsat - 0.03
gen/fast_fail_91ac5b3513.filtered/base.z3/filter/fd15c43d.9237623513546432554.rename.smt2 - unsat - 0.03
gen/fast_fail_91ac5b3513.filtered/base.z3/filter/fd15c43d.7126295310484664655.shuffle.smt2 - unsat - 0.03
gen/fast_fail_91ac5b3513.filtered/base.z3/filter/fd15c43d.8094198692900945179.rename.smt2 - unsat - 0.04

Failed Mutants (1):
gen/fast_fail_91ac5b3513.filtered/base.z3/filter/fd15c43d.4269294487039347146.shuffle.smt2 - unknown - 0.03
[92m[INFO] removed 6 queries, 3 remaining [0m
Carved out unstable queries
Ran early-stop stability checks until a stable fix was found
Checking candidates by increasing vanilla verification time
Checking candidate 1/3 for stability: data/projs/fast_fail_91ac5b3513.filtered/base.z3/8ab12f96.smt2
[92m[INFO] removing gen/sproj_single_c9ac926b9b [0m
[92m[INFO] using 60s solver timeout (capped by analyzer 60sec) [0m
[94m[DEBUG] created table single_c9ac926b9b_base_z3_z3_4_16_0_exp [0m
[92m[INFO] running 1 original queries [0m
[94m[DEBUG] running ALL of single_c9ac926b9b.base.z3 [0m
[94m[DEBUG] adding 181 tasks [0m
[92m[INFO] criteria: vanilla=unsat@0.034s; groups: shuffle=[unsat@0.034s, unsat@0.034s, unsat@0.034s, unsat@0.034s, unknown@0.034s, unknown@0.034s, unknown@0.033s, unsat@0.033s, unsat@0.034s, unsat@0.033s, unsat@0.035s, unknown@0.034s] (48 mutant result(s) pending); rename=[] (60 mutant result(s) pending); reseed=[] (60 mutant result(s) pending); possible final categories=[unsolvable, unstable] [0m
[92m[INFO] early decision: gen/sproj_single_c9ac926b9b/8ab12f96.smt2 -> not_stable; skipping 162 queued tasks [0m
=== stable (0) ===
Checking candidate 2/3 for stability: data/projs/fast_fail_91ac5b3513.filtered/base.z3/c1a52b5e.smt2
[92m[INFO] removing gen/sproj_single_867c3f5a54 [0m
[92m[INFO] using 60s solver timeout (capped by analyzer 60sec) [0m
[94m[DEBUG] created table single_867c3f5a54_base_z3_z3_4_16_0_exp [0m
[92m[INFO] running 1 original queries [0m
[94m[DEBUG] running ALL of single_867c3f5a54.base.z3 [0m
[94m[DEBUG] adding 181 tasks [0m
[92m[INFO] criteria: vanilla=unsat@0.043s; groups: shuffle=[unsat@0.036s, unsat@0.039s, unsat@0.036s, unknown@0.036s, unknown@0.036s, unsat@0.033s, unsat@0.036s, unsat@0.037s, unsat@0.037s, unsat@0.037s, unsat@0.040s, unsat@0.038s, unsat@0.040s, unsat@0.038s, unsat@0.038s, unsat@0.037s, unsat@0.037s, unsat@0.040s, unsat@0.037s, unsat@0.036s, unsat@0.037s, unsat@0.038s, unsat@0.036s, unsat@0.036s, unsat@0.039s, unsat@0.036s, unsat@0.036s, unsat@0.039s, unsat@0.037s, unsat@0.037s, unknown@0.038s, unknown@0.038s] (28 mutant result(s) pending); rename=[] (60 mutant result(s) pending); reseed=[] (60 mutant result(s) pending); possible final categories=[unstable] [0m
[92m[INFO] early decision: gen/sproj_single_867c3f5a54/c1a52b5e.smt2 -> not_stable; skipping 142 queued tasks [0m
=== stable (0) ===
Checking candidate 3/3 for stability: data/projs/fast_fail_91ac5b3513.filtered/base.z3/0ba4f0ec.smt2
[92m[INFO] removing gen/sproj_single_0b2e75d074 [0m
[92m[INFO] using 60s solver timeout (capped by analyzer 60sec) [0m
[94m[DEBUG] created table single_0b2e75d074_base_z3_z3_4_16_0_exp [0m
[92m[INFO] running 1 original queries [0m
[94m[DEBUG] running ALL of single_0b2e75d074.base.z3 [0m
[94m[DEBUG] adding 181 tasks [0m
[92m[INFO] criteria: vanilla=unsat@0.055s; groups: shuffle=[unsat@0.038s, unknown@0.038s, unknown@0.055s, unknown@0.055s, unsat@0.038s, unknown@0.034s] (54 mutant result(s) pending); rename=[] (60 mutant result(s) pending); reseed=[] (60 mutant result(s) pending); possible final categories=[unsolvable, unstable] [0m
[92m[INFO] early decision: gen/sproj_single_0b2e75d074/0ba4f0ec.smt2 -> not_stable; skipping 168 queued tasks [0m
=== stable (0) ===
Got list of fixes
No fixes were found :(

=== Caza external-call time (wall clock) ===
    0.22s  initial stability check
    0.07s  build debugger trace and proof
    0.39s  finding fixes
    0.16s  verify candidates
    0.01s  filter broken candidates
    1.50s  filter candidates experiment
    0.86s  carve unstable candidates
    0.26s  early stability check 8ab12f96.smt2
    0.50s  early stability check c1a52b5e.smt2
    0.25s  early stability check 0ba4f0ec.smt2
    4.23s  total

================================================================================
[18/73] Caza query finished 2026-08-25T14:57:05
exit status: 0
================================================================================

================================================================================
[19/73] Caza query started 2026-08-25T14:57:05
query: /home/youjia/mariposa/data/verita_bad/memory-allocator__os_alloc.4.smt2
command: /usr/bin/python3 -u /home/youjia/mariposa/src/caza_wizard.py --set-seed 0x87654321 --early --fast-proof --sort time /home/youjia/mariposa/data/verita_bad/memory-allocator__os_alloc.4.smt2
================================================================================
Parsing...
Checking whether the input query is already stable
[92m[INFO] using 60s solver timeout (capped by analyzer 60sec) [0m
[94m[DEBUG] created table single_53180e75f2_base_z3_z3_4_16_0_exp [0m
[92m[INFO] running 1 original queries [0m
[94m[DEBUG] running ALL of single_53180e75f2.base.z3 [0m
[94m[DEBUG] adding 181 tasks [0m
[92m[INFO] criteria: vanilla=unsat@0.074s; groups: shuffle=[unsat@0.066s, unknown@0.068s, unknown@0.067s, unknown@0.068s, unknown@0.067s] (55 mutant result(s) pending); rename=[] (60 mutant result(s) pending); reseed=[] (60 mutant result(s) pending); possible final categories=[unsolvable, unstable] [0m
[92m[INFO] early decision: gen/sproj_single_53180e75f2/memory-allocator__os_alloc.4.smt2 -> not_stable; skipping 169 queued tasks [0m
=== stable (0) ===
Starting Cazamariposas
[92m[INFO] [init] loaded cached artifacts: traces=2, cores=4, proofs=4 [0m
[92m[INFO] [init] cached-proofs-only: skipping trace, core, and proof construction [0m
[92m[INFO] [init] dbg root: dbg/53180e75f2/ [0m
[92m[INFO] [init] 53180e75f2 auto selected DbgMode.FAST_FAIL [0m
Found failure trace and proof object
[94m[DEBUG] [edit] proof path: dbg/53180e75f2/proofs/rename.191134073603777486.proof [0m
[94m[DEBUG] [edit] trace path: dbg/53180e75f2/traces/shuffle.6459514956588936749 [0m
eb87f0cdcd0f4d85e28117b1a989c653.pickle
[93m[WARN] [differ] qid constructor_accessor_axiom not found in dbg/53180e75f2/orig.smt2 [0m
[92m[INFO] [edit] [inst] prelude_singularmod 11 instances [0m
[92m[INFO] [edit] [erase] prelude_singularmod [0m
[92m[INFO] [edit] written to data/projs/fast_fail_53180e75f2/base.z3/791f922d.smt2 [0m
[92m[INFO] [edit] [inst] prelude_mul 11 instances [0m
[92m[INFO] [edit] [erase] prelude_mul [0m
[92m[INFO] [edit] written to data/projs/fast_fail_53180e75f2/base.z3/f472d171.smt2 [0m
[92m[INFO] [edit] [inst] prelude_u_clip 9 instances [0m
[92m[INFO] [edit] [erase] prelude_u_clip [0m
[92m[INFO] [edit] written to data/projs/fast_fail_53180e75f2/base.z3/c05f41ad.smt2 [0m
[92m[INFO] [edit] [inst] prelude_u_inv 9 instances [0m
[92m[INFO] [edit] [erase] prelude_u_inv [0m
[92m[INFO] [edit] written to data/projs/fast_fail_53180e75f2/base.z3/0ba4f0ec.smt2 [0m
[92m[INFO] [edit] [inst] prelude_mul_nats 7 instances [0m
[92m[INFO] [edit] [erase] prelude_mul_nats [0m
[92m[INFO] [edit] written to data/projs/fast_fail_53180e75f2/base.z3/3d3f07b4.smt2 [0m
[92m[INFO] [edit] [inst] prelude_sub 6 instances [0m
[92m[INFO] [edit] [erase] prelude_sub [0m
[92m[INFO] [edit] written to data/projs/fast_fail_53180e75f2/base.z3/4cdcaea2.smt2 [0m
[92m[INFO] [edit] [inst] prelude_add 5 instances [0m
[92m[INFO] [edit] [erase] prelude_add [0m
[92m[INFO] [edit] written to data/projs/fast_fail_53180e75f2/base.z3/f6e0cf32.smt2 [0m
[92m[INFO] [edit] [inst] prelude_eucmod 5 instances [0m
[92m[INFO] [edit] [erase] prelude_eucmod [0m
[92m[INFO] [edit] written to data/projs/fast_fail_53180e75f2/base.z3/c5a7e09b.smt2 [0m
[92m[INFO] [edit] [inst] internal_ens__lib!layout.align_up._definition 5 instances [0m
[92m[INFO] [edit] [erase] internal_ens__lib!layout.align_up._definition [0m
[92m[INFO] [edit] written to data/projs/fast_fail_53180e75f2/base.z3/c3154097.smt2 [0m
[92m[INFO] [edit] [inst] internal_req__lib!layout.mod_trans._definition 5 instances [0m
[92m[INFO] [edit] [erase] internal_req__lib!layout.mod_trans._definition [0m
[92m[INFO] [edit] written to data/projs/fast_fail_53180e75f2/base.z3/6989a7e5.smt2 [0m
Produced candidate smt2 files
[94m[DEBUG] created table fast_fail_53180e75f2_base_z3_z3_4_16_0_exp [0m
[92m[INFO] running 10 original queries [0m
[94m[DEBUG] running ALL of fast_fail_53180e75f2.base.z3 [0m
[94m[DEBUG] adding 10 tasks [0m
[92m[INFO] running 10 tasks [0m
[92m[INFO] there is 4 processors [0m
[94m[DEBUG] worker 1 finished in 0.15 seconds [0m
[94m[DEBUG] worker 2 finished in 0.17 seconds [0m
[94m[DEBUG] worker 3 finished in 0.19 seconds [0m
[94m[DEBUG] worker 0 finished in 0.21 seconds [0m
[92m[INFO] workers finished [0m
[92m[INFO] done post processing exp data [0m
verify candidate 0ba4f0ec: 0.057s; rank=4; p=4; t=0.057
verify candidate c05f41ad: 0.061s; rank=3; p=5; t=0.061
verify candidate 791f922d: 0.062s; rank=1; p=8; t=0.062
verify candidate 4cdcaea2: 0.063s; rank=6; p=4; t=0.063
verify candidate c5a7e09b: 0.066s; rank=8; p=3; t=0.066
verify candidate f6e0cf32: 0.067s; rank=7; p=4; t=0.067
verify candidate f472d171: 0.070s; rank=2; p=6; t=0.070
selected 7 verified candidates to data/projs/fast_fail_53180e75f2.filtered/base.z3 with 0.446s vanilla verification budget
[92m[INFO] running 7 original queries [0m
[92m[INFO] running 70 tasks [0m
[92m[INFO] there is 7 processors [0m
[94m[DEBUG] created table fast_fail_53180e75f2_filtered_base_z3_z3_4_16_0_exp [0m
[94m[DEBUG] running ALL of fast_fail_53180e75f2.filtered.base.z3 [0m
[94m[DEBUG] adding 70 tasks [0m
[94m[DEBUG] worker 0 finished in 0.99 seconds [0m
[94m[DEBUG] worker 1 finished in 1.02 seconds [0m
[94m[DEBUG] worker 6 finished in 1.03 seconds [0m
[94m[DEBUG] worker 3 finished in 1.04 seconds [0m
[94m[DEBUG] worker 4 finished in 1.06 seconds [0m
[94m[DEBUG] worker 5 finished in 1.06 seconds [0m
[94m[DEBUG] worker 2 finished in 1.1 seconds [0m
[92m[INFO] workers finished [0m
[92m[INFO] done post processing exp data [0m
=== Overall Report ===

project dir:	data/projs/fast_fail_53180e75f2.filtered/base.z3
exper config:	filter
solver path:	bin/z3-4.16.0
analyzer:	default

| category   |   count | percentage   |
|------------|---------|--------------|
| unstable   |       4 | 57.14%       |
| stable     |       3 | 42.86%       |
| total      |       7 | 100.00 %     |

=== Report End ===
Ran mariposa on filtered queries
[92m[INFO] carving out query 4cdcaea2 [0m
Passed Mutants (8):
gen/fast_fail_53180e75f2.filtered/base.z3/filter/4cdcaea2.15664227935877642349.rename.smt2 - unsat - 0.07
gen/fast_fail_53180e75f2.filtered/base.z3/filter/4cdcaea2.6382541153989965549.reseed.smt2 - unsat - 0.07
gen/fast_fail_53180e75f2.filtered/base.z3/filter/4cdcaea2.1758327104882425108.rename.smt2 - unsat - 0.07
data/projs/fast_fail_53180e75f2.filtered/base.z3/4cdcaea2.smt2 - unsat - 0.07
gen/fast_fail_53180e75f2.filtered/base.z3/filter/4cdcaea2.13832977696741952267.rename.smt2 - unsat - 0.07
gen/fast_fail_53180e75f2.filtered/base.z3/filter/4cdcaea2.7810885538416555490.reseed.smt2 - unsat - 0.07
gen/fast_fail_53180e75f2.filtered/base.z3/filter/4cdcaea2.974284998297650479.reseed.smt2 - unsat - 0.07
gen/fast_fail_53180e75f2.filtered/base.z3/filter/4cdcaea2.11562131490760268470.shuffle.smt2 - unsat - 0.07

Failed Mutants (2):
gen/fast_fail_53180e75f2.filtered/base.z3/filter/4cdcaea2.6191022977580616503.shuffle.smt2 - unknown - 0.06
gen/fast_fail_53180e75f2.filtered/base.z3/filter/4cdcaea2.13263140417198642785.shuffle.smt2 - unknown - 0.06
[92m[INFO] carving out query c5a7e09b [0m
Passed Mutants (8):
gen/fast_fail_53180e75f2.filtered/base.z3/filter/c5a7e09b.11619471224802884974.reseed.smt2 - unsat - 0.07
data/projs/fast_fail_53180e75f2.filtered/base.z3/c5a7e09b.smt2 - unsat - 0.07
gen/fast_fail_53180e75f2.filtered/base.z3/filter/c5a7e09b.15424597262809533210.rename.smt2 - unsat - 0.07
gen/fast_fail_53180e75f2.filtered/base.z3/filter/c5a7e09b.13279642913398520684.rename.smt2 - unsat - 0.07
gen/fast_fail_53180e75f2.filtered/base.z3/filter/c5a7e09b.3052849858452150920.shuffle.smt2 - unsat - 0.07
gen/fast_fail_53180e75f2.filtered/base.z3/filter/c5a7e09b.6356406699499364484.reseed.smt2 - unsat - 0.07
gen/fast_fail_53180e75f2.filtered/base.z3/filter/c5a7e09b.12793130658030665981.reseed.smt2 - unsat - 0.07
gen/fast_fail_53180e75f2.filtered/base.z3/filter/c5a7e09b.4639778812070374385.rename.smt2 - unsat - 0.07

Failed Mutants (2):
gen/fast_fail_53180e75f2.filtered/base.z3/filter/c5a7e09b.17809242633560036251.shuffle.smt2 - unknown - 0.07
gen/fast_fail_53180e75f2.filtered/base.z3/filter/c5a7e09b.999256049943657051.shuffle.smt2 - unknown - 0.07
[92m[INFO] carving out query f472d171 [0m
Passed Mutants (7):
data/projs/fast_fail_53180e75f2.filtered/base.z3/f472d171.smt2 - unsat - 0.07
gen/fast_fail_53180e75f2.filtered/base.z3/filter/f472d171.14446756877979976131.reseed.smt2 - unsat - 0.07
gen/fast_fail_53180e75f2.filtered/base.z3/filter/f472d171.14396396463686982673.reseed.smt2 - unsat - 0.07
gen/fast_fail_53180e75f2.filtered/base.z3/filter/f472d171.9260839819564990718.reseed.smt2 - unsat - 0.07
gen/fast_fail_53180e75f2.filtered/base.z3/filter/f472d171.13961334023649320188.rename.smt2 - unsat - 0.07
gen/fast_fail_53180e75f2.filtered/base.z3/filter/f472d171.1357847857940033906.rename.smt2 - unsat - 0.07
gen/fast_fail_53180e75f2.filtered/base.z3/filter/f472d171.17997440789280314569.rename.smt2 - unsat - 0.07

Failed Mutants (3):
gen/fast_fail_53180e75f2.filtered/base.z3/filter/f472d171.2409651425101177654.shuffle.smt2 - unknown - 0.07
gen/fast_fail_53180e75f2.filtered/base.z3/filter/f472d171.1673695116783989789.shuffle.smt2 - unknown - 0.07
gen/fast_fail_53180e75f2.filtered/base.z3/filter/f472d171.13898957091921244372.shuffle.smt2 - unknown - 0.07
[92m[INFO] carving out query f6e0cf32 [0m
Passed Mutants (6):
gen/fast_fail_53180e75f2.filtered/base.z3/filter/f6e0cf32.9752151239844255132.rename.smt2 - unsat - 0.07
gen/fast_fail_53180e75f2.filtered/base.z3/filter/f6e0cf32.8905490834791949400.rename.smt2 - unsat - 0.07
data/projs/fast_fail_53180e75f2.filtered/base.z3/f6e0cf32.smt2 - unsat - 0.07
gen/fast_fail_53180e75f2.filtered/base.z3/filter/f6e0cf32.1370893226810614103.shuffle.smt2 - unsat - 0.07
gen/fast_fail_53180e75f2.filtered/base.z3/filter/f6e0cf32.7801562543162002029.rename.smt2 - unsat - 0.07
gen/fast_fail_53180e75f2.filtered/base.z3/filter/f6e0cf32.14070525068491793735.shuffle.smt2 - unsat - 0.07

Failed Mutants (4):
gen/fast_fail_53180e75f2.filtered/base.z3/filter/f6e0cf32.16860584723427169620.reseed.smt2 - unknown - 0.07
gen/fast_fail_53180e75f2.filtered/base.z3/filter/f6e0cf32.12914426688858769953.reseed.smt2 - unknown - 0.07
gen/fast_fail_53180e75f2.filtered/base.z3/filter/f6e0cf32.17102067077267347936.shuffle.smt2 - unknown - 0.07
gen/fast_fail_53180e75f2.filtered/base.z3/filter/f6e0cf32.11670351525163511555.reseed.smt2 - unknown - 0.07
[92m[INFO] removed 4 queries, 3 remaining [0m
Carved out unstable queries
Ran early-stop stability checks until a stable fix was found
Checking candidates by increasing vanilla verification time
Checking candidate 1/3 for stability: data/projs/fast_fail_53180e75f2.filtered/base.z3/0ba4f0ec.smt2
[92m[INFO] removing gen/sproj_single_2af51e0831 [0m
[92m[INFO] using 60s solver timeout (capped by analyzer 60sec) [0m
[94m[DEBUG] created table single_2af51e0831_base_z3_z3_4_16_0_exp [0m
[92m[INFO] running 1 original queries [0m
[94m[DEBUG] running ALL of single_2af51e0831.base.z3 [0m
[94m[DEBUG] adding 181 tasks [0m
[92m[INFO] criteria: vanilla=unsat@0.062s; groups: shuffle=[unknown@0.061s, unknown@0.068s, unknown@0.069s, unsat@0.085s, unsat@0.085s, unsat@0.066s, unknown@0.071s] (53 mutant result(s) pending); rename=[] (60 mutant result(s) pending); reseed=[] (60 mutant result(s) pending); possible final categories=[unsolvable, unstable] [0m
[92m[INFO] early decision: gen/sproj_single_2af51e0831/0ba4f0ec.smt2 -> not_stable; skipping 167 queued tasks [0m
=== stable (0) ===
Checking candidate 2/3 for stability: data/projs/fast_fail_53180e75f2.filtered/base.z3/c05f41ad.smt2
[92m[INFO] using 60s solver timeout (capped by analyzer 60sec) [0m
[94m[DEBUG] created table single_7e28ba1c2a_base_z3_z3_4_16_0_exp [0m
[92m[INFO] running 1 original queries [0m
[94m[DEBUG] running ALL of single_7e28ba1c2a.base.z3 [0m
[94m[DEBUG] adding 181 tasks [0m
=== stable (1) ===
query path: gen/sproj_single_7e28ba1c2a/c05f41ad.smt2
Found a stable fix; stopping further stability checks
Got list of fixes
Found 1 fix(es):
    c05f41ad: inst_replace prelude_u_clip -> data/projs/fast_fail_53180e75f2/base.z3/c05f41ad.smt2

=== Caza external-call time (wall clock) ===
    0.30s  initial stability check
    0.07s  build debugger trace and proof
    0.68s  finding fixes
    0.26s  verify candidates
    0.00s  filter broken candidates
    1.75s  filter candidates experiment
    0.87s  carve unstable candidates
    0.31s  early stability check 0ba4f0ec.smt2
    2.98s  early stability check c05f41ad.smt2
    7.22s  total

================================================================================
[19/73] Caza query finished 2026-08-25T14:57:13
exit status: 0
================================================================================

================================================================================
[20/73] Caza query started 2026-08-25T14:57:13
query: /home/youjia/mariposa/data/verita_bad/memory-allocator__page_organization__PageOrg__impl_%4__into_used_list_inductive.smt2
command: /usr/bin/python3 -u /home/youjia/mariposa/src/caza_wizard.py --set-seed 0x87654321 --early --fast-proof --sort time /home/youjia/mariposa/data/verita_bad/memory-allocator__page_organization__PageOrg__impl_%4__into_used_list_inductive.smt2
================================================================================
Parsing...
Checking whether the input query is already stable
[92m[INFO] using 60s solver timeout (capped by analyzer 60sec) [0m
[94m[DEBUG] created table single_4500c16732_base_z3_z3_4_16_0_exp [0m
[92m[INFO] running 1 original queries [0m
[94m[DEBUG] running ALL of single_4500c16732.base.z3 [0m
[94m[DEBUG] adding 181 tasks [0m
[94m[DEBUG] finished: 2/181, elapsed: 0.0 hours, estimated: 08-25 14:57 [0m
[94m[DEBUG] finished: 5/181, elapsed: 0.01 hours, estimated: 08-25 15:18 [0m
[94m[DEBUG] finished: 8/181, elapsed: 0.01 hours, estimated: 08-25 15:11 [0m
[94m[DEBUG] finished: 11/181, elapsed: 0.02 hours, estimated: 08-25 15:16 [0m
[94m[DEBUG] finished: 13/181, elapsed: 0.02 hours, estimated: 08-25 15:14 [0m
[94m[DEBUG] finished: 18/181, elapsed: 0.03 hours, estimated: 08-25 15:14 [0m
[94m[DEBUG] finished: 19/181, elapsed: 0.03 hours, estimated: 08-25 15:14 [0m
[94m[DEBUG] finished: 21/181, elapsed: 0.03 hours, estimated: 08-25 15:13 [0m
[94m[DEBUG] finished: 24/181, elapsed: 0.04 hours, estimated: 08-25 15:15 [0m
[92m[INFO] criteria: vanilla=unsat@45.120s; groups: shuffle=[unsat@9.838s, unsat@17.546s, unsat@20.640s, unsat@22.746s, unsat@16.032s, unsat@38.816s, unsat@10.397s, unsat@49.020s, unsat@43.044s, unsat@28.145s, unsat@17.146s, timeout@60.000s, unsat@34.081s, unsat@31.752s, timeout@60.000s, unsat@20.510s, unsat@44.071s, unsat@24.926s, unsat@21.106s, unsat@39.071s, unsat@33.400s, timeout@60.000s, unsat@57.725s, unsat@29.213s, timeout@60.000s] (35 mutant result(s) pending); rename=[] (60 mutant result(s) pending); reseed=[] (60 mutant result(s) pending); possible final categories=[unsolvable, unstable] [0m
[92m[INFO] early decision: gen/sproj_single_4500c16732/memory-allocator__page_organization__PageOrg__impl_%4__into_used_list_inductive.smt2 -> not_stable; skipping 149 queued tasks [0m
[94m[DEBUG] finished: 29/32, elapsed: 0.04 hours, estimated: 08-25 14:59 [0m
[94m[DEBUG] finished: 31/32, elapsed: 0.05 hours, estimated: 08-25 15:00 [0m
=== stable (0) ===
Starting Cazamariposas
[92m[INFO] [init] loaded cached artifacts: traces=5, cores=4, proofs=4 [0m
[92m[INFO] [init] cached-proofs-only: skipping trace, core, and proof construction [0m
[92m[INFO] [init] dbg root: dbg/4500c16732/ [0m
[92m[INFO] [init] 4500c16732 auto selected DbgMode.TIMEOUT [0m
Found failure trace and proof object
[92m[INFO] [graph] found dbg/4500c16732/graphs/reseed.14133853472351839148.txt [0m
[92m[INFO] [stats] found dbg/4500c16732/stats/reseed.14133853472351839148.txt [0m
[94m[DEBUG] [edit] proof path: dbg/4500c16732/proofs/rename.191134073603777486.proof [0m
[94m[DEBUG] [edit] trace path: dbg/4500c16732/traces/reseed.14133853472351839148 [0m
2dac57268c6855757913a63d2378d44d.pickle
[93m[WARN] [differ] qid constructor_accessor_axiom not found in dbg/4500c16732/orig.smt2 [0m
[92m[INFO] [edit] [inst] internal_core__option__Option_box_axiom_definition 54 instances [0m
[92m[INFO] [edit] written to data/projs/timeout_4500c16732/base.z3/47e38b79.smt2 [0m
[92m[INFO] [edit] [inst] internal_lib!page_organization.PageData./PageData/offset_accessor_definition 3 instances [0m
[92m[INFO] [edit] written to data/projs/timeout_4500c16732/base.z3/ef5ff4e5.smt2 [0m
[92m[INFO] [edit] [inst] internal_lib!page_organization.PageData./PageData/full_accessor_definition 10 instances [0m
[92m[INFO] [edit] written to data/projs/timeout_4500c16732/base.z3/ff86dab6.smt2 [0m
[92m[INFO] [edit] [inst] internal_lib!tokens.PageId./PageId/segment_id_accessor_definition 9 instances [0m
[92m[INFO] [edit] written to data/projs/timeout_4500c16732/base.z3/33e1eb1a.smt2 [0m
[92m[INFO] [edit] [inst] prelude_unbox_box_bool 3 instances [0m
[92m[INFO] [edit] [erase] prelude_unbox_box_bool [0m
[92m[INFO] [edit] written to data/projs/timeout_4500c16732/base.z3/bbfbdc60.smt2 [0m
[92m[INFO] [edit] [inst] internal_lib!page_organization.PageData./PageData/is_used_accessor_definition 3 instances [0m
[92m[INFO] [edit] written to data/projs/timeout_4500c16732/base.z3/b419cd06.smt2 [0m
[92m[INFO] [edit] [inst] internal_lib!page_organization.PageData./PageData/page_header_kind_accessor_definition 11 instances [0m
[92m[INFO] [edit] written to data/projs/timeout_4500c16732/base.z3/b7c942ca.smt2 [0m
[92m[INFO] [edit] [inst] internal_lib!page_organization.PageData./PageData/count_accessor_definition 7 instances [0m
[92m[INFO] [edit] written to data/projs/timeout_4500c16732/base.z3/e66c3b44.smt2 [0m
[92m[INFO] [edit] [inst] internal_lib!page_organization.PageData./PageData/dlist_entry_accessor_definition 14 instances [0m
[92m[INFO] [edit] [erase] internal_lib!page_organization.PageData./PageData/dlist_entry_accessor_definition [0m
[92m[INFO] [edit] written to data/projs/timeout_4500c16732/base.z3/d4ac2c98.smt2 [0m
[92m[INFO] [edit] [inst] prelude_unbox_box_int 26 instances [0m
[92m[INFO] [edit] written to data/projs/timeout_4500c16732/base.z3/7e1bcc27.smt2 [0m
Produced candidate smt2 files
[94m[DEBUG] created table timeout_4500c16732_base_z3_z3_4_16_0_exp [0m
[92m[INFO] running 10 original queries [0m
[94m[DEBUG] running ALL of timeout_4500c16732.base.z3 [0m
[94m[DEBUG] adding 10 tasks [0m
[92m[INFO] running 10 tasks [0m
[92m[INFO] there is 4 processors [0m
[94m[DEBUG] worker 3 finished in 62.88 seconds [0m
[94m[DEBUG] worker 0 finished in 64.02 seconds [0m
[94m[DEBUG] worker 1 finished in 77.32 seconds [0m
[94m[DEBUG] worker 2 finished in 83.11 seconds [0m
[92m[INFO] workers finished [0m
[92m[INFO] done post processing exp data [0m
verify candidate 33e1eb1a: 10.625s; rank=4; p=4; t=10.625
verify candidate d4ac2c98: 10.824s; rank=9; p=3; t=10.824
verify candidate bbfbdc60: 20.817s; rank=5; p=4; t=20.817
verify candidate b419cd06: 23.063s; rank=6; p=4; t=23.063
verify candidate 7e1bcc27: 24.234s; rank=10; p=3; t=24.234
verify candidate ef5ff4e5: 27.800s; rank=2; p=6; t=27.800
verify candidate 47e38b79: 29.934s; rank=1; p=8; t=29.934
verify candidate e66c3b44: 32.560s; rank=8; p=3; t=32.560
verify candidate b7c942ca: 47.376s; rank=7; p=4; t=47.376
selected 9 verified candidates to data/projs/timeout_4500c16732.filtered/base.z3 with 227.233s vanilla verification budget
[92m[INFO] running 9 original queries [0m
[92m[INFO] running 90 tasks [0m
[92m[INFO] there is 7 processors [0m
[94m[DEBUG] created table timeout_4500c16732_filtered_base_z3_z3_4_16_0_exp [0m
[94m[DEBUG] running ALL of timeout_4500c16732.filtered.base.z3 [0m
[94m[DEBUG] adding 90 tasks [0m
[94m[DEBUG] worker 6 finished in 408.51 seconds [0m
[94m[DEBUG] worker 4 finished in 421.41 seconds [0m
[94m[DEBUG] worker 2 finished in 428.9 seconds [0m
[94m[DEBUG] worker 3 finished in 441.55 seconds [0m
[94m[DEBUG] worker 1 finished in 447.16 seconds [0m
[94m[DEBUG] worker 5 finished in 447.86 seconds [0m
[94m[DEBUG] worker 0 finished in 458.45 seconds [0m
[92m[INFO] workers finished [0m
[92m[INFO] done post processing exp data [0m
=== Overall Report ===

project dir:	data/projs/timeout_4500c16732.filtered/base.z3
exper config:	filter
solver path:	bin/z3-4.16.0
analyzer:	default

| category   |   count | percentage   |
|------------|---------|--------------|
| unstable   |       6 | 66.67%       |
| stable     |       3 | 33.33%       |
| total      |       9 | 100.00 %     |

=== Report End ===
Ran mariposa on filtered queries
[92m[INFO] carving out query 33e1eb1a [0m
Passed Mutants (7):
gen/timeout_4500c16732.filtered/base.z3/filter/33e1eb1a.17333174097342324272.reseed.smt2 - unsat - 8.9
gen/timeout_4500c16732.filtered/base.z3/filter/33e1eb1a.14576878190256146113.rename.smt2 - unsat - 13.55
gen/timeout_4500c16732.filtered/base.z3/filter/33e1eb1a.9421358320352885876.reseed.smt2 - unsat - 8.98
data/projs/timeout_4500c16732.filtered/base.z3/33e1eb1a.smt2 - unsat - 13.65
gen/timeout_4500c16732.filtered/base.z3/filter/33e1eb1a.4512859215929951408.rename.smt2 - unsat - 13.27
gen/timeout_4500c16732.filtered/base.z3/filter/33e1eb1a.13369162121598475700.rename.smt2 - unsat - 13.5
gen/timeout_4500c16732.filtered/base.z3/filter/33e1eb1a.6623611584670782096.reseed.smt2 - unsat - 10.74

Failed Mutants (3):
gen/timeout_4500c16732.filtered/base.z3/filter/33e1eb1a.6207695530222574530.shuffle.smt2 - timeout - 60.02
gen/timeout_4500c16732.filtered/base.z3/filter/33e1eb1a.5683299805111672195.shuffle.smt2 - timeout - 60.02
gen/timeout_4500c16732.filtered/base.z3/filter/33e1eb1a.6064150523647645383.shuffle.smt2 - timeout - 60.02
[92m[INFO] carving out query 47e38b79 [0m
Passed Mutants (8):
gen/timeout_4500c16732.filtered/base.z3/filter/47e38b79.1006451386291291268.rename.smt2 - unsat - 40.76
gen/timeout_4500c16732.filtered/base.z3/filter/47e38b79.9207976724888068045.reseed.smt2 - unsat - 50.83
data/projs/timeout_4500c16732.filtered/base.z3/47e38b79.smt2 - unsat - 40.95
gen/timeout_4500c16732.filtered/base.z3/filter/47e38b79.12080290993054846360.rename.smt2 - unsat - 41.46
gen/timeout_4500c16732.filtered/base.z3/filter/47e38b79.4498977382362734723.rename.smt2 - unsat - 41.52
gen/timeout_4500c16732.filtered/base.z3/filter/47e38b79.2362837504553041240.shuffle.smt2 - unsat - 21.02
gen/timeout_4500c16732.filtered/base.z3/filter/47e38b79.3166673810518464458.shuffle.smt2 - unsat - 40.63
gen/timeout_4500c16732.filtered/base.z3/filter/47e38b79.12774591115742222708.shuffle.smt2 - unsat - 55.7

Failed Mutants (2):
gen/timeout_4500c16732.filtered/base.z3/filter/47e38b79.12885774828576179745.reseed.smt2 - timeout - 60.02
gen/timeout_4500c16732.filtered/base.z3/filter/47e38b79.15620842725982151040.reseed.smt2 - timeout - 60.02
[92m[INFO] carving out query 7e1bcc27 [0m
Passed Mutants (9):
gen/timeout_4500c16732.filtered/base.z3/filter/7e1bcc27.14119689246727617427.rename.smt2 - unsat - 29.67
gen/timeout_4500c16732.filtered/base.z3/filter/7e1bcc27.2298067001354343608.rename.smt2 - unsat - 29.99
data/projs/timeout_4500c16732.filtered/base.z3/7e1bcc27.smt2 - unsat - 29.25
gen/timeout_4500c16732.filtered/base.z3/filter/7e1bcc27.18262181320944344036.shuffle.smt2 - unsat - 45.94
gen/timeout_4500c16732.filtered/base.z3/filter/7e1bcc27.17871227244446768609.reseed.smt2 - unsat - 37.13
gen/timeout_4500c16732.filtered/base.z3/filter/7e1bcc27.2050939814229835506.reseed.smt2 - unsat - 35.26
gen/timeout_4500c16732.filtered/base.z3/filter/7e1bcc27.10687359011044377508.reseed.smt2 - unsat - 37.51
gen/timeout_4500c16732.filtered/base.z3/filter/7e1bcc27.1366543919636956838.shuffle.smt2 - unsat - 18.23
gen/timeout_4500c16732.filtered/base.z3/filter/7e1bcc27.14404207344360777313.rename.smt2 - unsat - 29.88

Failed Mutants (1):
gen/timeout_4500c16732.filtered/base.z3/filter/7e1bcc27.269511869559418237.shuffle.smt2 - timeout - 60.02
[92m[INFO] carving out query b7c942ca [0m
Passed Mutants (4):
gen/timeout_4500c16732.filtered/base.z3/filter/b7c942ca.10375980222505477110.rename.smt2 - unsat - 59.56
gen/timeout_4500c16732.filtered/base.z3/filter/b7c942ca.18207179039587597680.shuffle.smt2 - unsat - 56.41
gen/timeout_4500c16732.filtered/base.z3/filter/b7c942ca.7709016958216489608.shuffle.smt2 - unsat - 39.46
data/projs/timeout_4500c16732.filtered/base.z3/b7c942ca.smt2 - unsat - 52.3

Failed Mutants (6):
gen/timeout_4500c16732.filtered/base.z3/filter/b7c942ca.13697830739168765666.reseed.smt2 - timeout - 60.02
gen/timeout_4500c16732.filtered/base.z3/filter/b7c942ca.17952955716992408848.reseed.smt2 - timeout - 60.02
gen/timeout_4500c16732.filtered/base.z3/filter/b7c942ca.17895213567628758817.rename.smt2 - timeout - 60.02
gen/timeout_4500c16732.filtered/base.z3/filter/b7c942ca.12324137961696041520.rename.smt2 - timeout - 60.02
gen/timeout_4500c16732.filtered/base.z3/filter/b7c942ca.13573791467509363381.shuffle.smt2 - timeout - 60.02
gen/timeout_4500c16732.filtered/base.z3/filter/b7c942ca.7080057042960785430.reseed.smt2 - timeout - 60.02
[92m[INFO] carving out query bbfbdc60 [0m
Passed Mutants (9):
gen/timeout_4500c16732.filtered/base.z3/filter/bbfbdc60.11113910603472757089.shuffle.smt2 - unsat - 16.25
gen/timeout_4500c16732.filtered/base.z3/filter/bbfbdc60.4185764002804773713.reseed.smt2 - unsat - 42.79
gen/timeout_4500c16732.filtered/base.z3/filter/bbfbdc60.14450806612080215968.rename.smt2 - unsat - 26.67
gen/timeout_4500c16732.filtered/base.z3/filter/bbfbdc60.11171333892526084528.rename.smt2 - unsat - 26.42
gen/timeout_4500c16732.filtered/base.z3/filter/bbfbdc60.12648413182456106720.rename.smt2 - unsat - 26.49
data/projs/timeout_4500c16732.filtered/base.z3/bbfbdc60.smt2 - unsat - 26.81
gen/timeout_4500c16732.filtered/base.z3/filter/bbfbdc60.1107452373576648213.reseed.smt2 - unsat - 45.73
gen/timeout_4500c16732.filtered/base.z3/filter/bbfbdc60.7394615324817387980.shuffle.smt2 - unsat - 35.44
gen/timeout_4500c16732.filtered/base.z3/filter/bbfbdc60.13398346829392040978.reseed.smt2 - unsat - 39.14

Failed Mutants (1):
gen/timeout_4500c16732.filtered/base.z3/filter/bbfbdc60.14687621628594087684.shuffle.smt2 - timeout - 60.02
[92m[INFO] carving out query ef5ff4e5 [0m
Passed Mutants (9):
gen/timeout_4500c16732.filtered/base.z3/filter/ef5ff4e5.5139925846604195281.reseed.smt2 - unsat - 35.65
gen/timeout_4500c16732.filtered/base.z3/filter/ef5ff4e5.2375223952275398722.rename.smt2 - unsat - 33.13
gen/timeout_4500c16732.filtered/base.z3/filter/ef5ff4e5.13536434536947754284.reseed.smt2 - unsat - 28.26
gen/timeout_4500c16732.filtered/base.z3/filter/ef5ff4e5.5454634724563989153.reseed.smt2 - unsat - 38.28
data/projs/timeout_4500c16732.filtered/base.z3/ef5ff4e5.smt2 - unsat - 33.62
gen/timeout_4500c16732.filtered/base.z3/filter/ef5ff4e5.6092426376204442229.rename.smt2 - unsat - 33.15
gen/timeout_4500c16732.filtered/base.z3/filter/ef5ff4e5.6368367703100698797.shuffle.smt2 - unsat - 28.79
gen/timeout_4500c16732.filtered/base.z3/filter/ef5ff4e5.7924433775872506208.rename.smt2 - unsat - 34.42
gen/timeout_4500c16732.filtered/base.z3/filter/ef5ff4e5.15844664142007948229.shuffle.smt2 - unsat - 24.5

Failed Mutants (1):
gen/timeout_4500c16732.filtered/base.z3/filter/ef5ff4e5.500559851615830178.shuffle.smt2 - timeout - 60.02
[92m[INFO] removed 6 queries, 3 remaining [0m
Carved out unstable queries
Ran early-stop stability checks until a stable fix was found
Checking candidates by increasing vanilla verification time
Checking candidate 1/3 for stability: data/projs/timeout_4500c16732.filtered/base.z3/d4ac2c98.smt2
[92m[INFO] removing gen/sproj_single_2ea8d79078 [0m
[92m[INFO] using 60s solver timeout (capped by analyzer 60sec) [0m
[94m[DEBUG] created table single_2ea8d79078_base_z3_z3_4_16_0_exp [0m
[92m[INFO] running 1 original queries [0m
[94m[DEBUG] running ALL of single_2ea8d79078.base.z3 [0m
[94m[DEBUG] adding 181 tasks [0m
[94m[DEBUG] finished: 1/181, elapsed: 0.0 hours, estimated: 08-25 15:09 [0m
[94m[DEBUG] finished: 8/181, elapsed: 0.01 hours, estimated: 08-25 15:22 [0m
[94m[DEBUG] finished: 15/181, elapsed: 0.01 hours, estimated: 08-25 15:16 [0m
[94m[DEBUG] finished: 22/181, elapsed: 0.01 hours, estimated: 08-25 15:14 [0m
[94m[DEBUG] finished: 27/181, elapsed: 0.02 hours, estimated: 08-25 15:17 [0m
[94m[DEBUG] finished: 33/181, elapsed: 0.02 hours, estimated: 08-25 15:16 [0m
[94m[DEBUG] finished: 38/181, elapsed: 0.03 hours, estimated: 08-25 15:17 [0m
[94m[DEBUG] finished: 43/181, elapsed: 0.03 hours, estimated: 08-25 15:17 [0m
[94m[DEBUG] finished: 47/181, elapsed: 0.03 hours, estimated: 08-25 15:16 [0m
[94m[DEBUG] finished: 52/181, elapsed: 0.04 hours, estimated: 08-25 15:17 [0m
[94m[DEBUG] finished: 58/181, elapsed: 0.04 hours, estimated: 08-25 15:16 [0m
[94m[DEBUG] finished: 64/181, elapsed: 0.04 hours, estimated: 08-25 15:16 [0m
[94m[DEBUG] finished: 71/181, elapsed: 0.05 hours, estimated: 08-25 15:16 [0m
[94m[DEBUG] finished: 78/181, elapsed: 0.05 hours, estimated: 08-25 15:16 [0m
[94m[DEBUG] finished: 85/181, elapsed: 0.06 hours, estimated: 08-25 15:16 [0m
[94m[DEBUG] finished: 92/181, elapsed: 0.06 hours, estimated: 08-25 15:16 [0m
[94m[DEBUG] finished: 99/181, elapsed: 0.06 hours, estimated: 08-25 15:16 [0m
[94m[DEBUG] finished: 106/181, elapsed: 0.07 hours, estimated: 08-25 15:16 [0m
[94m[DEBUG] finished: 113/181, elapsed: 0.07 hours, estimated: 08-25 15:15 [0m
[94m[DEBUG] finished: 120/181, elapsed: 0.07 hours, estimated: 08-25 15:16 [0m
[94m[DEBUG] finished: 128/181, elapsed: 0.08 hours, estimated: 08-25 15:15 [0m
[94m[DEBUG] finished: 135/181, elapsed: 0.08 hours, estimated: 08-25 15:15 [0m
[94m[DEBUG] finished: 140/181, elapsed: 0.08 hours, estimated: 08-25 15:15 [0m
[94m[DEBUG] finished: 147/181, elapsed: 0.08 hours, estimated: 08-25 15:15 [0m
[94m[DEBUG] finished: 154/181, elapsed: 0.09 hours, estimated: 08-25 15:15 [0m
[94m[DEBUG] finished: 160/181, elapsed: 0.09 hours, estimated: 08-25 15:15 [0m
[94m[DEBUG] finished: 167/181, elapsed: 0.09 hours, estimated: 08-25 15:15 [0m
[94m[DEBUG] finished: 174/181, elapsed: 0.1 hours, estimated: 08-25 15:15 [0m
=== stable (1) ===
query path: gen/sproj_single_2ea8d79078/d4ac2c98.smt2
Found a stable fix; stopping further stability checks
Got list of fixes
Found 1 fix(es):
    d4ac2c98: inst_replace internal_lib!page_organization.PageData./PageData/dlist_entry_accessor_definition -> data/projs/timeout_4500c16732/base.z3/d4ac2c98.smt2

=== Caza external-call time (wall clock) ===
  178.81s  initial stability check
    0.05s  build debugger trace and proof
    3.39s  finding fixes
   83.16s  verify candidates
    0.00s  filter broken candidates
  459.03s  filter candidates experiment
    0.86s  carve unstable candidates
  358.41s  early stability check d4ac2c98.smt2
 1083.71s  total

================================================================================
[20/73] Caza query finished 2026-08-25T15:15:17
exit status: 0
================================================================================

================================================================================
[21/73] Caza query started 2026-08-25T15:15:17
query: /home/youjia/mariposa/data/verita_bad/memory-allocator__page_organization__PageOrg__impl_%4__merge_with_after_inductive.smt2
command: /usr/bin/python3 -u /home/youjia/mariposa/src/caza_wizard.py --set-seed 0x87654321 --early --fast-proof --sort time /home/youjia/mariposa/data/verita_bad/memory-allocator__page_organization__PageOrg__impl_%4__merge_with_after_inductive.smt2
================================================================================
Parsing...
Checking whether the input query is already stable
[92m[INFO] using 60s solver timeout (capped by analyzer 60sec) [0m
[94m[DEBUG] created table single_3a8d61465e_base_z3_z3_4_16_0_exp [0m
[92m[INFO] running 1 original queries [0m
[94m[DEBUG] running ALL of single_3a8d61465e.base.z3 [0m
[94m[DEBUG] adding 181 tasks [0m
[94m[DEBUG] finished: 1/181, elapsed: 0.0 hours, estimated: 08-25 15:15 [0m
[94m[DEBUG] finished: 6/181, elapsed: 0.01 hours, estimated: 08-25 15:33 [0m
[94m[DEBUG] finished: 10/181, elapsed: 0.01 hours, estimated: 08-25 15:26 [0m
[94m[DEBUG] finished: 14/181, elapsed: 0.02 hours, estimated: 08-25 15:30 [0m
[94m[DEBUG] finished: 17/181, elapsed: 0.02 hours, estimated: 08-25 15:27 [0m
[94m[DEBUG] finished: 19/181, elapsed: 0.02 hours, estimated: 08-25 15:26 [0m
[94m[DEBUG] finished: 21/181, elapsed: 0.03 hours, estimated: 08-25 15:30 [0m
[94m[DEBUG] finished: 24/181, elapsed: 0.03 hours, estimated: 08-25 15:29 [0m
[94m[DEBUG] finished: 28/181, elapsed: 0.03 hours, estimated: 08-25 15:26 [0m
[94m[DEBUG] finished: 30/181, elapsed: 0.04 hours, estimated: 08-25 15:29 [0m
[94m[DEBUG] finished: 34/181, elapsed: 0.04 hours, estimated: 08-25 15:27 [0m
[94m[DEBUG] finished: 37/181, elapsed: 0.04 hours, estimated: 08-25 15:27 [0m
[92m[INFO] criteria: vanilla=unsat@26.568s; groups: shuffle=[unsat@14.687s, unsat@15.827s, unsat@17.069s, unsat@17.254s, unsat@21.664s, unsat@27.916s, unsat@17.537s, unsat@19.147s, unsat@26.643s, unsat@15.328s, unsat@28.560s, unsat@19.171s, unsat@19.852s, unsat@16.972s, unsat@40.824s, unsat@22.532s, unsat@15.891s, unsat@41.357s, unsat@22.273s, timeout@60.000s, unsat@11.671s, unsat@34.247s, timeout@60.000s, unsat@25.426s, unsat@53.888s, unsat@19.105s, unsat@15.530s, unsat@26.418s, unsat@16.734s, unsat@12.401s, unsat@29.846s, timeout@60.000s, unsat@14.294s, unsat@15.672s, unsat@42.617s, unsat@31.742s, unsat@22.685s, unsat@16.618s, timeout@60.000s] (21 mutant result(s) pending); rename=[] (60 mutant result(s) pending); reseed=[] (60 mutant result(s) pending); possible final categories=[unstable] [0m
[92m[INFO] early decision: gen/sproj_single_3a8d61465e/memory-allocator__page_organization__PageOrg__impl_%4__merge_with_after_inductive.smt2 -> not_stable; skipping 135 queued tasks [0m
[94m[DEBUG] finished: 40/46, elapsed: 0.05 hours, estimated: 08-25 15:18 [0m
[94m[DEBUG] finished: 43/46, elapsed: 0.05 hours, estimated: 08-25 15:18 [0m
=== stable (0) ===
Starting Cazamariposas
[92m[INFO] [init] loaded cached artifacts: traces=5, cores=4, proofs=4 [0m
[92m[INFO] [init] cached-proofs-only: skipping trace, core, and proof construction [0m
[92m[INFO] [init] dbg root: dbg/3a8d61465e/ [0m
[92m[INFO] [init] 3a8d61465e auto selected DbgMode.TIMEOUT [0m
Found failure trace and proof object
[92m[INFO] [graph] found dbg/3a8d61465e/graphs/reseed.5937257372788757464.txt [0m
[92m[INFO] [stats] found dbg/3a8d61465e/stats/reseed.5937257372788757464.txt [0m
[94m[DEBUG] [edit] proof path: dbg/3a8d61465e/proofs/rename.191134073603777486.proof [0m
[94m[DEBUG] [edit] trace path: dbg/3a8d61465e/traces/reseed.5937257372788757464 [0m
ebcdbc231943a2b8f1400987fbe3ea06.pickle
[93m[WARN] [differ] qid constructor_accessor_axiom not found in dbg/3a8d61465e/orig.smt2 [0m
[92m[INFO] [edit] [inst] internal_lib!page_organization.PageData./PageData/is_used_accessor_definition 9 instances [0m
[92m[INFO] [edit] written to data/projs/timeout_3a8d61465e/base.z3/b419cd06.smt2 [0m
[92m[INFO] [edit] [inst] internal_lib!page_organization.PageData./PageData/dlist_entry_accessor_definition 7 instances [0m
[92m[INFO] [edit] written to data/projs/timeout_3a8d61465e/base.z3/55529d4f.smt2 [0m
[92m[INFO] [edit] [inst] internal_lib!page_organization.PageData./PageData/full_accessor_definition 2 instances [0m
[92m[INFO] [edit] written to data/projs/timeout_3a8d61465e/base.z3/ff86dab6.smt2 [0m
[92m[INFO] [edit] [inst] internal_lib!page_organization.PageData./PageData/page_header_kind_accessor_definition 2 instances [0m
[92m[INFO] [edit] written to data/projs/timeout_3a8d61465e/base.z3/b7c942ca.smt2 [0m
[92m[INFO] [edit] [inst] internal_lib!page_organization.PageData./PageData/offset_accessor_definition 11 instances [0m
[92m[INFO] [edit] written to data/projs/timeout_3a8d61465e/base.z3/ef5ff4e5.smt2 [0m
[92m[INFO] [edit] [inst] prelude_unbox_box_int 32 instances [0m
[92m[INFO] [edit] written to data/projs/timeout_3a8d61465e/base.z3/7e1bcc27.smt2 [0m
[92m[INFO] [edit] [inst] internal_lib!page_organization.PageOrg.impl&__4.attached_ranges_segment.?_definition 2 instances [0m
[92m[INFO] [edit] written to data/projs/timeout_3a8d61465e/base.z3/2d96aedb.smt2 [0m
[92m[INFO] [edit] [inst] internal_lib!tokens.PageId./PageId/segment_id_accessor_definition 10 instances [0m
[92m[INFO] [edit] written to data/projs/timeout_3a8d61465e/base.z3/33e1eb1a.smt2 [0m
[92m[INFO] [edit] [inst] prelude_unbox_box_bool 4 instances [0m
[92m[INFO] [edit] [erase] prelude_unbox_box_bool [0m
[92m[INFO] [edit] written to data/projs/timeout_3a8d61465e/base.z3/bbfbdc60.smt2 [0m
[92m[INFO] [edit] [inst] internal_lib__tokens__SegmentId_box_axiom_definition 7 instances [0m
[92m[INFO] [edit] written to data/projs/timeout_3a8d61465e/base.z3/132278ee.smt2 [0m
Produced candidate smt2 files
[94m[DEBUG] created table timeout_3a8d61465e_base_z3_z3_4_16_0_exp [0m
[92m[INFO] running 10 original queries [0m
[94m[DEBUG] running ALL of timeout_3a8d61465e.base.z3 [0m
[94m[DEBUG] adding 10 tasks [0m
[92m[INFO] running 10 tasks [0m
[92m[INFO] there is 4 processors [0m
[94m[DEBUG] worker 0 finished in 80.09 seconds [0m
[94m[DEBUG] worker 3 finished in 85.62 seconds [0m
[94m[DEBUG] worker 2 finished in 91.36 seconds [0m
[94m[DEBUG] worker 1 finished in 102.67 seconds [0m
[92m[INFO] workers finished [0m
[92m[INFO] done post processing exp data [0m
verify candidate ff86dab6: 11.849s; rank=3; p=5; t=11.849
verify candidate b419cd06: 14.546s; rank=1; p=8; t=14.546
verify candidate 132278ee: 15.985s; rank=10; p=3; t=15.985
verify candidate ef5ff4e5: 20.054s; rank=5; p=4; t=20.054
verify candidate 33e1eb1a: 26.636s; rank=8; p=3; t=26.636
verify candidate b7c942ca: 31.326s; rank=4; p=4; t=31.326
verify candidate 7e1bcc27: 59.207s; rank=6; p=4; t=59.207
selected 7 verified candidates to data/projs/timeout_3a8d61465e.filtered/base.z3 with 179.603s vanilla verification budget
[92m[INFO] running 7 original queries [0m
[92m[INFO] running 70 tasks [0m
[92m[INFO] there is 7 processors [0m
[94m[DEBUG] created table timeout_3a8d61465e_filtered_base_z3_z3_4_16_0_exp [0m
[94m[DEBUG] running ALL of timeout_3a8d61465e.filtered.base.z3 [0m
[94m[DEBUG] adding 70 tasks [0m
[94m[DEBUG] worker 1 finished in 279.68 seconds [0m
[94m[DEBUG] worker 6 finished in 282.93 seconds [0m
[94m[DEBUG] worker 0 finished in 289.76 seconds [0m
[94m[DEBUG] worker 3 finished in 296.97 seconds [0m
[94m[DEBUG] worker 5 finished in 303.58 seconds [0m
[94m[DEBUG] worker 4 finished in 304.37 seconds [0m
[94m[DEBUG] worker 2 finished in 318.27 seconds [0m
[92m[INFO] workers finished [0m
[92m[INFO] done post processing exp data [0m
=== Overall Report ===

project dir:	data/projs/timeout_3a8d61465e.filtered/base.z3
exper config:	filter
solver path:	bin/z3-4.16.0
analyzer:	default

| category   |   count | percentage   |
|------------|---------|--------------|
| stable     |       5 | 71.43%       |
| unstable   |       2 | 28.57%       |
| total      |       7 | 100.00 %     |

=== Report End ===
Ran mariposa on filtered queries
[92m[INFO] carving out query 7e1bcc27 [0m
Passed Mutants (4):
gen/timeout_3a8d61465e.filtered/base.z3/filter/7e1bcc27.14476524257285062067.shuffle.smt2 - unsat - 45.13
gen/timeout_3a8d61465e.filtered/base.z3/filter/7e1bcc27.4072253222737819299.reseed.smt2 - unsat - 56.66
gen/timeout_3a8d61465e.filtered/base.z3/filter/7e1bcc27.1595360593573841830.shuffle.smt2 - unsat - 44.45
gen/timeout_3a8d61465e.filtered/base.z3/filter/7e1bcc27.6808926413339312971.shuffle.smt2 - unsat - 45.67

Failed Mutants (6):
gen/timeout_3a8d61465e.filtered/base.z3/filter/7e1bcc27.1395731431508037525.rename.smt2 - timeout - 60.02
gen/timeout_3a8d61465e.filtered/base.z3/filter/7e1bcc27.15129188614410182319.reseed.smt2 - timeout - 60.02
gen/timeout_3a8d61465e.filtered/base.z3/filter/7e1bcc27.3244445195218237956.rename.smt2 - timeout - 60.02
gen/timeout_3a8d61465e.filtered/base.z3/filter/7e1bcc27.6481462949322104208.rename.smt2 - timeout - 60.02
gen/timeout_3a8d61465e.filtered/base.z3/filter/7e1bcc27.13086075018424632118.reseed.smt2 - timeout - 60.02
data/projs/timeout_3a8d61465e.filtered/base.z3/7e1bcc27.smt2 - timeout - 60.02
[92m[INFO] carving out query ef5ff4e5 [0m
Passed Mutants (9):
gen/timeout_3a8d61465e.filtered/base.z3/filter/ef5ff4e5.8474482907107544186.rename.smt2 - unsat - 24.99
gen/timeout_3a8d61465e.filtered/base.z3/filter/ef5ff4e5.6239769624024234943.reseed.smt2 - unsat - 19.23
gen/timeout_3a8d61465e.filtered/base.z3/filter/ef5ff4e5.215504489756426239.reseed.smt2 - unsat - 24.63
gen/timeout_3a8d61465e.filtered/base.z3/filter/ef5ff4e5.10365573908594880656.reseed.smt2 - unsat - 25.21
gen/timeout_3a8d61465e.filtered/base.z3/filter/ef5ff4e5.3079616865905104916.shuffle.smt2 - unsat - 23.37
gen/timeout_3a8d61465e.filtered/base.z3/filter/ef5ff4e5.10267967077776294176.shuffle.smt2 - unsat - 32.58
data/projs/timeout_3a8d61465e.filtered/base.z3/ef5ff4e5.smt2 - unsat - 24.59
gen/timeout_3a8d61465e.filtered/base.z3/filter/ef5ff4e5.5292131349083170790.rename.smt2 - unsat - 25.04
gen/timeout_3a8d61465e.filtered/base.z3/filter/ef5ff4e5.13597120242764625119.rename.smt2 - unsat - 21.87

Failed Mutants (1):
gen/timeout_3a8d61465e.filtered/base.z3/filter/ef5ff4e5.303225955042309592.shuffle.smt2 - timeout - 60.02
[92m[INFO] removed 2 queries, 5 remaining [0m
Carved out unstable queries
Ran early-stop stability checks until a stable fix was found
Checking candidates by increasing vanilla verification time
Checking candidate 1/5 for stability: data/projs/timeout_3a8d61465e.filtered/base.z3/ff86dab6.smt2
[92m[INFO] removing gen/sproj_single_fd4ab69bef [0m
[92m[INFO] using 60s solver timeout (capped by analyzer 60sec) [0m
[94m[DEBUG] created table single_fd4ab69bef_base_z3_z3_4_16_0_exp [0m
[92m[INFO] running 1 original queries [0m
[94m[DEBUG] running ALL of single_fd4ab69bef.base.z3 [0m
[94m[DEBUG] adding 181 tasks [0m
[94m[DEBUG] finished: 1/181, elapsed: 0.0 hours, estimated: 08-25 15:25 [0m
[94m[DEBUG] finished: 4/181, elapsed: 0.01 hours, estimated: 08-25 15:52 [0m
[94m[DEBUG] finished: 7/181, elapsed: 0.01 hours, estimated: 08-25 15:41 [0m
[94m[DEBUG] finished: 11/181, elapsed: 0.01 hours, estimated: 08-25 15:35 [0m
[94m[DEBUG] finished: 13/181, elapsed: 0.02 hours, estimated: 08-25 15:42 [0m
[94m[DEBUG] finished: 16/181, elapsed: 0.02 hours, estimated: 08-25 15:39 [0m
[94m[DEBUG] finished: 18/181, elapsed: 0.03 hours, estimated: 08-25 15:43 [0m
[94m[DEBUG] finished: 19/181, elapsed: 0.03 hours, estimated: 08-25 15:42 [0m
[94m[DEBUG] finished: 22/181, elapsed: 0.03 hours, estimated: 08-25 15:40 [0m
[94m[DEBUG] finished: 26/181, elapsed: 0.04 hours, estimated: 08-25 15:42 [0m
[94m[DEBUG] finished: 29/181, elapsed: 0.04 hours, estimated: 08-25 15:40 [0m
[94m[DEBUG] finished: 31/181, elapsed: 0.04 hours, estimated: 08-25 15:39 [0m
[94m[DEBUG] finished: 34/181, elapsed: 0.05 hours, estimated: 08-25 15:41 [0m
[94m[DEBUG] finished: 40/181, elapsed: 0.05 hours, estimated: 08-25 15:39 [0m
[94m[DEBUG] finished: 44/181, elapsed: 0.06 hours, estimated: 08-25 15:40 [0m
[94m[DEBUG] finished: 47/181, elapsed: 0.06 hours, estimated: 08-25 15:39 [0m
[94m[DEBUG] finished: 51/181, elapsed: 0.06 hours, estimated: 08-25 15:38 [0m
[94m[DEBUG] finished: 56/181, elapsed: 0.07 hours, estimated: 08-25 15:39 [0m
[94m[DEBUG] finished: 58/181, elapsed: 0.07 hours, estimated: 08-25 15:38 [0m
[94m[DEBUG] finished: 62/181, elapsed: 0.07 hours, estimated: 08-25 15:37 [0m
[94m[DEBUG] finished: 68/181, elapsed: 0.08 hours, estimated: 08-25 15:38 [0m
[94m[DEBUG] finished: 75/181, elapsed: 0.08 hours, estimated: 08-25 15:37 [0m
[94m[DEBUG] finished: 82/181, elapsed: 0.09 hours, estimated: 08-25 15:37 [0m
[94m[DEBUG] finished: 89/181, elapsed: 0.09 hours, estimated: 08-25 15:36 [0m
[94m[DEBUG] finished: 96/181, elapsed: 0.09 hours, estimated: 08-25 15:36 [0m
[94m[DEBUG] finished: 103/181, elapsed: 0.1 hours, estimated: 08-25 15:36 [0m
[94m[DEBUG] finished: 110/181, elapsed: 0.1 hours, estimated: 08-25 15:35 [0m
[94m[DEBUG] finished: 117/181, elapsed: 0.11 hours, estimated: 08-25 15:35 [0m
[94m[DEBUG] finished: 124/181, elapsed: 0.11 hours, estimated: 08-25 15:35 [0m
[94m[DEBUG] finished: 128/181, elapsed: 0.11 hours, estimated: 08-25 15:35 [0m
[94m[DEBUG] finished: 132/181, elapsed: 0.12 hours, estimated: 08-25 15:35 [0m
[94m[DEBUG] finished: 138/181, elapsed: 0.12 hours, estimated: 08-25 15:35 [0m
[94m[DEBUG] finished: 141/181, elapsed: 0.12 hours, estimated: 08-25 15:34 [0m
[94m[DEBUG] finished: 144/181, elapsed: 0.13 hours, estimated: 08-25 15:35 [0m
[94m[DEBUG] finished: 149/181, elapsed: 0.13 hours, estimated: 08-25 15:35 [0m
[94m[DEBUG] finished: 153/181, elapsed: 0.13 hours, estimated: 08-25 15:34 [0m
[94m[DEBUG] finished: 157/181, elapsed: 0.14 hours, estimated: 08-25 15:35 [0m
[94m[DEBUG] finished: 162/181, elapsed: 0.14 hours, estimated: 08-25 15:35 [0m
[94m[DEBUG] finished: 168/181, elapsed: 0.14 hours, estimated: 08-25 15:34 [0m
[94m[DEBUG] finished: 173/181, elapsed: 0.15 hours, estimated: 08-25 15:35 [0m
[94m[DEBUG] finished: 178/181, elapsed: 0.15 hours, estimated: 08-25 15:34 [0m
=== stable (1) ===
query path: gen/sproj_single_fd4ab69bef/ff86dab6.smt2
Found a stable fix; stopping further stability checks
Got list of fixes
Found 1 fix(es):
    ff86dab6: inst_keep internal_lib!page_organization.PageData./PageData/full_accessor_definition -> data/projs/timeout_3a8d61465e/base.z3/ff86dab6.smt2

=== Caza external-call time (wall clock) ===
  194.31s  initial stability check
    0.05s  build debugger trace and proof
    3.30s  finding fixes
  102.71s  verify candidates
    0.01s  filter broken candidates
  318.85s  filter candidates experiment
    0.88s  carve unstable candidates
  555.67s  early stability check ff86dab6.smt2
 1175.78s  total

================================================================================
[21/73] Caza query finished 2026-08-25T15:34:53
exit status: 0
================================================================================

================================================================================
[22/73] Caza query started 2026-08-25T15:34:53
query: /home/youjia/mariposa/data/verita_bad/memory-allocator__page_organization__PageOrg__impl_%4__out_of_used_list_inductive.smt2
command: /usr/bin/python3 -u /home/youjia/mariposa/src/caza_wizard.py --set-seed 0x87654321 --early --fast-proof --sort time /home/youjia/mariposa/data/verita_bad/memory-allocator__page_organization__PageOrg__impl_%4__out_of_used_list_inductive.smt2
================================================================================
Parsing...
Checking whether the input query is already stable
[92m[INFO] using 60s solver timeout (capped by analyzer 60sec) [0m
[94m[DEBUG] created table single_2b64dd5380_base_z3_z3_4_16_0_exp [0m
[92m[INFO] running 1 original queries [0m
[94m[DEBUG] running ALL of single_2b64dd5380.base.z3 [0m
[94m[DEBUG] adding 181 tasks [0m
[94m[DEBUG] finished: 4/181, elapsed: 0.0 hours, estimated: 08-25 15:35 [0m
[94m[DEBUG] finished: 11/181, elapsed: 0.01 hours, estimated: 08-25 15:44 [0m
[94m[DEBUG] finished: 21/181, elapsed: 0.01 hours, estimated: 08-25 15:40 [0m
[94m[DEBUG] finished: 30/181, elapsed: 0.01 hours, estimated: 08-25 15:38 [0m
[94m[DEBUG] finished: 38/181, elapsed: 0.01 hours, estimated: 08-25 15:38 [0m
[94m[DEBUG] finished: 46/181, elapsed: 0.02 hours, estimated: 08-25 15:39 [0m
[94m[DEBUG] finished: 53/181, elapsed: 0.02 hours, estimated: 08-25 15:39 [0m
[94m[DEBUG] finished: 60/181, elapsed: 0.02 hours, estimated: 08-25 15:38 [0m
[94m[DEBUG] finished: 67/181, elapsed: 0.03 hours, estimated: 08-25 15:39 [0m
[94m[DEBUG] finished: 74/181, elapsed: 0.03 hours, estimated: 08-25 15:39 [0m
[94m[DEBUG] finished: 81/181, elapsed: 0.03 hours, estimated: 08-25 15:39 [0m
[94m[DEBUG] finished: 88/181, elapsed: 0.04 hours, estimated: 08-25 15:39 [0m
[94m[DEBUG] finished: 95/181, elapsed: 0.04 hours, estimated: 08-25 15:39 [0m
[94m[DEBUG] finished: 102/181, elapsed: 0.04 hours, estimated: 08-25 15:39 [0m
[94m[DEBUG] finished: 109/181, elapsed: 0.04 hours, estimated: 08-25 15:39 [0m
[94m[DEBUG] finished: 116/181, elapsed: 0.05 hours, estimated: 08-25 15:39 [0m
[94m[DEBUG] finished: 123/181, elapsed: 0.05 hours, estimated: 08-25 15:39 [0m
[94m[DEBUG] finished: 130/181, elapsed: 0.05 hours, estimated: 08-25 15:39 [0m
[94m[DEBUG] finished: 137/181, elapsed: 0.06 hours, estimated: 08-25 15:39 [0m
[94m[DEBUG] finished: 144/181, elapsed: 0.06 hours, estimated: 08-25 15:39 [0m
[94m[DEBUG] finished: 151/181, elapsed: 0.06 hours, estimated: 08-25 15:39 [0m
[94m[DEBUG] finished: 157/181, elapsed: 0.07 hours, estimated: 08-25 15:39 [0m
[94m[DEBUG] finished: 165/181, elapsed: 0.07 hours, estimated: 08-25 15:39 [0m
[94m[DEBUG] finished: 172/181, elapsed: 0.07 hours, estimated: 08-25 15:39 [0m
[94m[DEBUG] finished: 180/181, elapsed: 0.07 hours, estimated: 08-25 15:39 [0m
=== stable (1) ===
query path: gen/sproj_single_2b64dd5380/memory-allocator__page_organization__PageOrg__impl_%4__out_of_used_list_inductive.smt2
Input query is already stable; skipping Caza debugging

=== Caza external-call time (wall clock) ===
  273.02s  initial stability check
  273.02s  total

================================================================================
[22/73] Caza query finished 2026-08-25T15:39:27
exit status: 0
================================================================================

================================================================================
[23/73] Caza query started 2026-08-25T15:39:27
query: /home/youjia/mariposa/data/verita_bad/memory-allocator__queues__page_queue_remove.smt2
command: /usr/bin/python3 -u /home/youjia/mariposa/src/caza_wizard.py --set-seed 0x87654321 --early --fast-proof --sort time /home/youjia/mariposa/data/verita_bad/memory-allocator__queues__page_queue_remove.smt2
================================================================================
Parsing...
Checking whether the input query is already stable
[92m[INFO] using 60s solver timeout (capped by analyzer 60sec) [0m
[94m[DEBUG] created table single_861a1a67db_base_z3_z3_4_16_0_exp [0m
[92m[INFO] running 1 original queries [0m
[94m[DEBUG] running ALL of single_861a1a67db.base.z3 [0m
[94m[DEBUG] adding 181 tasks [0m
[94m[DEBUG] finished: 1/181, elapsed: 0.02 hours, estimated: 08-25 19:16 [0m
[92m[INFO] criteria: vanilla=timeout@60.000s; groups: shuffle=[timeout@60.000s, timeout@60.000s, timeout@60.000s] (57 mutant result(s) pending); rename=[] (60 mutant result(s) pending); reseed=[] (60 mutant result(s) pending); possible final categories=[unsolvable, unstable] [0m
[92m[INFO] early decision: gen/sproj_single_861a1a67db/memory-allocator__queues__page_queue_remove.smt2 -> not_stable; skipping 171 queued tasks [0m
[94m[DEBUG] finished: 8/10, elapsed: 0.03 hours, estimated: 08-25 15:42 [0m
=== stable (0) ===
Starting Cazamariposas
[92m[INFO] [init] loaded cached artifacts: traces=5, cores=1, proofs=0 [0m
[92m[INFO] [init] cached-proofs-only: skipping trace, core, and proof construction [0m
[92m[INFO] [init] dbg root: dbg/861a1a67db/ [0m
[93m[WARN] [proof] no proofs available [0m
[92m[INFO] [init] 861a1a67db auto selected DbgMode.TIMEOUT [0m
ERROR:root::( could not get any mutant to produce a proof object

=== Caza external-call time (wall clock) ===
  120.22s  initial stability check
    0.00s  build debugger trace and proof
  120.22s  total

================================================================================
[23/73] Caza query finished 2026-08-25T15:41:28
exit status: 0
================================================================================

================================================================================
[24/73] Caza query started 2026-08-25T15:41:28
query: /home/youjia/mariposa/data/verita_bad/memory-allocator__segment__span_queue_delete.smt2
command: /usr/bin/python3 -u /home/youjia/mariposa/src/caza_wizard.py --set-seed 0x87654321 --early --fast-proof --sort time /home/youjia/mariposa/data/verita_bad/memory-allocator__segment__span_queue_delete.smt2
================================================================================
Parsing...
Checking whether the input query is already stable
[92m[INFO] using 60s solver timeout (capped by analyzer 60sec) [0m
[94m[DEBUG] created table single_1dded7b7a5_base_z3_z3_4_16_0_exp [0m
[92m[INFO] running 1 original queries [0m
[94m[DEBUG] running ALL of single_1dded7b7a5.base.z3 [0m
[94m[DEBUG] adding 181 tasks [0m
[94m[DEBUG] finished: 1/181, elapsed: 0.0 hours, estimated: 08-25 15:41 [0m
[94m[DEBUG] finished: 3/181, elapsed: 0.01 hours, estimated: 08-25 16:17 [0m
[94m[DEBUG] finished: 6/181, elapsed: 0.01 hours, estimated: 08-25 15:59 [0m
[94m[DEBUG] finished: 8/181, elapsed: 0.02 hours, estimated: 08-25 16:08 [0m
[94m[DEBUG] finished: 12/181, elapsed: 0.02 hours, estimated: 08-25 15:59 [0m
[94m[DEBUG] finished: 17/181, elapsed: 0.03 hours, estimated: 08-25 16:00 [0m
[94m[DEBUG] finished: 21/181, elapsed: 0.03 hours, estimated: 08-25 15:57 [0m
[94m[DEBUG] finished: 23/181, elapsed: 0.03 hours, estimated: 08-25 15:56 [0m
[94m[DEBUG] finished: 25/181, elapsed: 0.04 hours, estimated: 08-25 15:58 [0m
[94m[DEBUG] finished: 28/181, elapsed: 0.04 hours, estimated: 08-25 15:57 [0m
[92m[INFO] criteria: vanilla=unsat@37.713s; groups: shuffle=[unsat@16.455s, unsat@25.085s, unsat@27.465s, unsat@28.094s, unsat@29.628s, unsat@26.691s, unsat@32.228s, timeout@60.000s, unsat@37.161s, unsat@39.473s, unsat@14.584s, unsat@26.744s, timeout@60.000s, unsat@30.727s, unsat@28.190s, unsat@51.305s, timeout@60.000s, unsat@13.001s, unsat@13.742s, unsat@17.839s, unsat@26.816s, unsat@25.038s, unsat@32.692s, unsat@37.349s, unsat@57.662s, unsat@22.139s, unsat@14.356s, timeout@60.000s] (32 mutant result(s) pending); rename=[] (60 mutant result(s) pending); reseed=[] (60 mutant result(s) pending); possible final categories=[unstable] [0m
[92m[INFO] early decision: gen/sproj_single_1dded7b7a5/memory-allocator__segment__span_queue_delete.smt2 -> not_stable; skipping 146 queued tasks [0m
[94m[DEBUG] finished: 30/35, elapsed: 0.05 hours, estimated: 08-25 15:44 [0m
[94m[DEBUG] finished: 32/35, elapsed: 0.05 hours, estimated: 08-25 15:44 [0m
[94m[DEBUG] finished: 34/35, elapsed: 0.06 hours, estimated: 08-25 15:44 [0m
=== stable (0) ===
Starting Cazamariposas
[92m[INFO] [init] loaded cached artifacts: traces=5, cores=4, proofs=4 [0m
[92m[INFO] [init] cached-proofs-only: skipping trace, core, and proof construction [0m
[92m[INFO] [init] dbg root: dbg/1dded7b7a5/ [0m
[92m[INFO] [init] 1dded7b7a5 auto selected DbgMode.TIMEOUT [0m
Found failure trace and proof object
[92m[INFO] [graph] found dbg/1dded7b7a5/graphs/reseed.5937257372788757464.txt [0m
[92m[INFO] [stats] found dbg/1dded7b7a5/stats/reseed.5937257372788757464.txt [0m
[94m[DEBUG] [edit] proof path: dbg/1dded7b7a5/proofs/rename.191134073603777486.proof [0m
[94m[DEBUG] [edit] trace path: dbg/1dded7b7a5/traces/reseed.5937257372788757464 [0m
db8b53d2bd76c295b5bdbf0ba19f14f9.pickle
[93m[WARN] [differ] qid constructor_accessor_axiom not found in dbg/1dded7b7a5/orig.smt2 [0m
[92m[INFO] [edit] [inst] internal_lib!types.impl&__14.wf.?_definition 1 instances [0m
[92m[INFO] [edit] [erase] internal_lib!types.impl&__14.wf.?_definition [0m
[92m[INFO] [edit] written to data/projs/timeout_1dded7b7a5/base.z3/f857dd05.smt2 [0m
[92m[INFO] [edit] [inst] internal_lib!types.impl&__13.wf.?_definition 1 instances [0m
[92m[INFO] [edit] [erase] internal_lib!types.impl&__13.wf.?_definition [0m
[92m[INFO] [edit] written to data/projs/timeout_1dded7b7a5/base.z3/a6ffe6d9.smt2 [0m
[92m[INFO] [edit] [erase] internal_lib!os_mem_util.impl&__1.mem_chunk_good.?_definition [0m
[92m[INFO] [edit] written to data/projs/timeout_1dded7b7a5/base.z3/752c159c.smt2 [0m
[92m[INFO] [edit] [inst] internal_lib!types.impl&__12.wf.?_definition 1 instances [0m
[92m[INFO] [edit] [erase] internal_lib!types.impl&__12.wf.?_definition [0m
[92m[INFO] [edit] written to data/projs/timeout_1dded7b7a5/base.z3/1bcbdc73.smt2 [0m
[92m[INFO] [edit] [erase] internal_lib!os_mem_util.mem_chunk_good1.?_definition [0m
[92m[INFO] [edit] written to data/projs/timeout_1dded7b7a5/base.z3/7dc379b8.smt2 [0m
[92m[INFO] [edit] [inst] internal_lib!types.impl&__6.wf_unused.?_definition 5 instances [0m
[92m[INFO] [edit] written to data/projs/timeout_1dded7b7a5/base.z3/948736fa.smt2 [0m
[92m[INFO] [edit] [erase] internal_vstd__set__Set<int.>_box_axiom_definition [0m
[92m[INFO] [edit] written to data/projs/timeout_1dded7b7a5/base.z3/1cecbc56.smt2 [0m
[92m[INFO] [edit] [inst] internal_lib!types.page_organization_pages_match_data.?_definition 10 instances [0m
[92m[INFO] [edit] written to data/projs/timeout_1dded7b7a5/base.z3/bc97f7ea.smt2 [0m
[92m[INFO] [edit] [inst] internal_lib!linked_list.impl&__7.wf.?_definition 1 instances [0m
[92m[INFO] [edit] [erase] internal_lib!linked_list.impl&__7.wf.?_definition [0m
[92m[INFO] [edit] written to data/projs/timeout_1dded7b7a5/base.z3/21cc3672.smt2 [0m
[92m[INFO] [edit] [erase] internal_vstd!raw_ptr.PtrData./PtrData/addr_accessor_definition [0m
[92m[INFO] [edit] written to data/projs/timeout_1dded7b7a5/base.z3/f1e310f6.smt2 [0m
Produced candidate smt2 files
[94m[DEBUG] created table timeout_1dded7b7a5_base_z3_z3_4_16_0_exp [0m
[92m[INFO] running 10 original queries [0m
[94m[DEBUG] running ALL of timeout_1dded7b7a5.base.z3 [0m
[94m[DEBUG] adding 10 tasks [0m
[92m[INFO] running 10 tasks [0m
[92m[INFO] there is 4 processors [0m
[94m[DEBUG] worker 3 finished in 45.35 seconds [0m
[94m[DEBUG] worker 0 finished in 60.94 seconds [0m
[94m[DEBUG] worker 2 finished in 69.97 seconds [0m
[94m[DEBUG] worker 1 finished in 71.46 seconds [0m
[92m[INFO] workers finished [0m
[92m[INFO] done post processing exp data [0m
verify candidate 752c159c: 10.509s; rank=3; p=5; t=10.509
verify candidate 7dc379b8: 12.501s; rank=5; p=4; t=12.501
verify candidate 948736fa: 18.234s; rank=6; p=4; t=18.234
verify candidate a6ffe6d9: 18.898s; rank=2; p=6; t=18.898
verify candidate 1bcbdc73: 22.316s; rank=4; p=4; t=22.316
verify candidate bc97f7ea: 25.212s; rank=8; p=3; t=25.212
verify candidate 1cecbc56: 32.389s; rank=7; p=4; t=32.389
verify candidate 21cc3672: 32.813s; rank=9; p=3; t=32.813
verify candidate f1e310f6: 35.716s; rank=10; p=3; t=35.716
verify candidate f857dd05: 39.055s; rank=1; p=8; t=39.055
selected 10 verified candidates to data/projs/timeout_1dded7b7a5.filtered/base.z3 with 247.643s vanilla verification budget
[92m[INFO] running 10 original queries [0m
[92m[INFO] running 100 tasks [0m
[92m[INFO] there is 7 processors [0m
[94m[DEBUG] created table timeout_1dded7b7a5_filtered_base_z3_z3_4_16_0_exp [0m
[94m[DEBUG] running ALL of timeout_1dded7b7a5.filtered.base.z3 [0m
[94m[DEBUG] adding 100 tasks [0m
[94m[DEBUG] worker 3 finished in 433.47 seconds [0m
[94m[DEBUG] worker 0 finished in 438.54 seconds [0m
[94m[DEBUG] worker 1 finished in 443.5 seconds [0m
[94m[DEBUG] worker 2 finished in 448.54 seconds [0m
[94m[DEBUG] worker 6 finished in 451.11 seconds [0m
[94m[DEBUG] worker 4 finished in 456.56 seconds [0m
[94m[DEBUG] worker 5 finished in 458.34 seconds [0m
[92m[INFO] workers finished [0m
[92m[INFO] done post processing exp data [0m
=== Overall Report ===

project dir:	data/projs/timeout_1dded7b7a5.filtered/base.z3
exper config:	filter
solver path:	bin/z3-4.16.0
analyzer:	default

| category   |   count | percentage   |
|------------|---------|--------------|
| stable     |       6 | 60.0%        |
| unstable   |       4 | 40.0%        |
| total      |      10 | 100.00 %     |

=== Report End ===
Ran mariposa on filtered queries
[92m[INFO] carving out query 1cecbc56 [0m
Passed Mutants (9):
gen/timeout_1dded7b7a5.filtered/base.z3/filter/1cecbc56.14383891704998007963.shuffle.smt2 - unsat - 50.17
gen/timeout_1dded7b7a5.filtered/base.z3/filter/1cecbc56.2421056074348651199.rename.smt2 - unsat - 44.4
gen/timeout_1dded7b7a5.filtered/base.z3/filter/1cecbc56.18305410506263855757.reseed.smt2 - unsat - 56.72
gen/timeout_1dded7b7a5.filtered/base.z3/filter/1cecbc56.5248294043830165195.rename.smt2 - unsat - 43.54
gen/timeout_1dded7b7a5.filtered/base.z3/filter/1cecbc56.2770138594994401385.reseed.smt2 - unsat - 57.34
gen/timeout_1dded7b7a5.filtered/base.z3/filter/1cecbc56.10977145771324891970.reseed.smt2 - unsat - 56.79
data/projs/timeout_1dded7b7a5.filtered/base.z3/1cecbc56.smt2 - unsat - 43.56
gen/timeout_1dded7b7a5.filtered/base.z3/filter/1cecbc56.12633553020471670050.shuffle.smt2 - unsat - 14.78
gen/timeout_1dded7b7a5.filtered/base.z3/filter/1cecbc56.8424545757863468709.rename.smt2 - unsat - 43.69

Failed Mutants (1):
gen/timeout_1dded7b7a5.filtered/base.z3/filter/1cecbc56.3723532440169759770.shuffle.smt2 - timeout - 60.01
[92m[INFO] carving out query a6ffe6d9 [0m
Passed Mutants (9):
gen/timeout_1dded7b7a5.filtered/base.z3/filter/a6ffe6d9.12096179737037418206.shuffle.smt2 - unsat - 13.7
gen/timeout_1dded7b7a5.filtered/base.z3/filter/a6ffe6d9.4969234097873240349.reseed.smt2 - unsat - 24.65
gen/timeout_1dded7b7a5.filtered/base.z3/filter/a6ffe6d9.10677323118016615362.rename.smt2 - unsat - 23.06
gen/timeout_1dded7b7a5.filtered/base.z3/filter/a6ffe6d9.11574827842392051922.rename.smt2 - unsat - 23.06
gen/timeout_1dded7b7a5.filtered/base.z3/filter/a6ffe6d9.8412950633982757392.reseed.smt2 - unsat - 24.71
data/projs/timeout_1dded7b7a5.filtered/base.z3/a6ffe6d9.smt2 - unsat - 23.41
gen/timeout_1dded7b7a5.filtered/base.z3/filter/a6ffe6d9.8440257843678775314.shuffle.smt2 - unsat - 53.31
gen/timeout_1dded7b7a5.filtered/base.z3/filter/a6ffe6d9.8283180946916123663.rename.smt2 - unsat - 23.04
gen/timeout_1dded7b7a5.filtered/base.z3/filter/a6ffe6d9.1718076583109056779.shuffle.smt2 - unsat - 19.35

Failed Mutants (1):
gen/timeout_1dded7b7a5.filtered/base.z3/filter/a6ffe6d9.8631241337411717886.reseed.smt2 - timeout - 60.01
[92m[INFO] carving out query bc97f7ea [0m
Passed Mutants (9):
gen/timeout_1dded7b7a5.filtered/base.z3/filter/bc97f7ea.4989416127887081655.reseed.smt2 - unsat - 35.5
gen/timeout_1dded7b7a5.filtered/base.z3/filter/bc97f7ea.2186010168631916494.shuffle.smt2 - unsat - 44.15
gen/timeout_1dded7b7a5.filtered/base.z3/filter/bc97f7ea.11038166207835425636.rename.smt2 - unsat - 32.92
gen/timeout_1dded7b7a5.filtered/base.z3/filter/bc97f7ea.5407677802396124437.reseed.smt2 - unsat - 28.07
data/projs/timeout_1dded7b7a5.filtered/base.z3/bc97f7ea.smt2 - unsat - 33.09
gen/timeout_1dded7b7a5.filtered/base.z3/filter/bc97f7ea.11825448548202016852.shuffle.smt2 - unsat - 24.3
gen/timeout_1dded7b7a5.filtered/base.z3/filter/bc97f7ea.3764907290406867556.rename.smt2 - unsat - 33.32
gen/timeout_1dded7b7a5.filtered/base.z3/filter/bc97f7ea.11344439672121501954.reseed.smt2 - unsat - 39.3
gen/timeout_1dded7b7a5.filtered/base.z3/filter/bc97f7ea.5452811951875562255.rename.smt2 - unsat - 26.77

Failed Mutants (1):
gen/timeout_1dded7b7a5.filtered/base.z3/filter/bc97f7ea.7219246408079021816.shuffle.smt2 - timeout - 60.01
[92m[INFO] carving out query f857dd05 [0m
Passed Mutants (9):
gen/timeout_1dded7b7a5.filtered/base.z3/filter/f857dd05.17879318234542883137.shuffle.smt2 - unsat - 31.88
data/projs/timeout_1dded7b7a5.filtered/base.z3/f857dd05.smt2 - unsat - 48.96
gen/timeout_1dded7b7a5.filtered/base.z3/filter/f857dd05.15549144679722679931.rename.smt2 - unsat - 47.66
gen/timeout_1dded7b7a5.filtered/base.z3/filter/f857dd05.10644178171914563639.rename.smt2 - unsat - 48.16
gen/timeout_1dded7b7a5.filtered/base.z3/filter/f857dd05.11937258605623552268.reseed.smt2 - unsat - 23.32
gen/timeout_1dded7b7a5.filtered/base.z3/filter/f857dd05.10039916668501919666.shuffle.smt2 - unsat - 13.94
gen/timeout_1dded7b7a5.filtered/base.z3/filter/f857dd05.16919508912308628686.reseed.smt2 - unsat - 23.73
gen/timeout_1dded7b7a5.filtered/base.z3/filter/f857dd05.4990367288466990112.shuffle.smt2 - unsat - 12.8
gen/timeout_1dded7b7a5.filtered/base.z3/filter/f857dd05.11705786103710755345.rename.smt2 - unsat - 48.89

Failed Mutants (1):
gen/timeout_1dded7b7a5.filtered/base.z3/filter/f857dd05.4648666116804634958.reseed.smt2 - timeout - 60.02
[92m[INFO] removed 4 queries, 6 remaining [0m
Carved out unstable queries
Ran early-stop stability checks until a stable fix was found
Checking candidates by increasing vanilla verification time
Checking candidate 1/6 for stability: data/projs/timeout_1dded7b7a5.filtered/base.z3/752c159c.smt2
[92m[INFO] removing gen/sproj_single_ed185a888b [0m
[92m[INFO] using 60s solver timeout (capped by analyzer 60sec) [0m
[94m[DEBUG] created table single_ed185a888b_base_z3_z3_4_16_0_exp [0m
[92m[INFO] running 1 original queries [0m
[94m[DEBUG] running ALL of single_ed185a888b.base.z3 [0m
[94m[DEBUG] adding 181 tasks [0m
[94m[DEBUG] finished: 1/181, elapsed: 0.0 hours, estimated: 08-25 15:54 [0m
[94m[DEBUG] finished: 8/181, elapsed: 0.01 hours, estimated: 08-25 16:07 [0m
[94m[DEBUG] finished: 13/181, elapsed: 0.01 hours, estimated: 08-25 16:02 [0m
[94m[DEBUG] finished: 20/181, elapsed: 0.02 hours, estimated: 08-25 16:04 [0m
[94m[DEBUG] finished: 25/181, elapsed: 0.02 hours, estimated: 08-25 16:02 [0m
[94m[DEBUG] finished: 29/181, elapsed: 0.02 hours, estimated: 08-25 16:01 [0m
[94m[DEBUG] finished: 34/181, elapsed: 0.03 hours, estimated: 08-25 16:03 [0m
[94m[DEBUG] finished: 38/181, elapsed: 0.03 hours, estimated: 08-25 16:02 [0m
[94m[DEBUG] finished: 43/181, elapsed: 0.03 hours, estimated: 08-25 16:01 [0m
[94m[DEBUG] finished: 48/181, elapsed: 0.04 hours, estimated: 08-25 16:02 [0m
[94m[DEBUG] finished: 53/181, elapsed: 0.04 hours, estimated: 08-25 16:02 [0m
[94m[DEBUG] finished: 59/181, elapsed: 0.04 hours, estimated: 08-25 16:01 [0m
[94m[DEBUG] finished: 65/181, elapsed: 0.04 hours, estimated: 08-25 16:00 [0m
[94m[DEBUG] finished: 71/181, elapsed: 0.05 hours, estimated: 08-25 16:01 [0m
[94m[DEBUG] finished: 76/181, elapsed: 0.05 hours, estimated: 08-25 16:01 [0m
[94m[DEBUG] finished: 82/181, elapsed: 0.05 hours, estimated: 08-25 16:00 [0m
[94m[DEBUG] finished: 88/181, elapsed: 0.06 hours, estimated: 08-25 16:00 [0m
[94m[DEBUG] finished: 94/181, elapsed: 0.06 hours, estimated: 08-25 16:01 [0m
[94m[DEBUG] finished: 100/181, elapsed: 0.06 hours, estimated: 08-25 16:00 [0m
[94m[DEBUG] finished: 104/181, elapsed: 0.07 hours, estimated: 08-25 16:00 [0m
[94m[DEBUG] finished: 111/181, elapsed: 0.07 hours, estimated: 08-25 16:00 [0m
[94m[DEBUG] finished: 117/181, elapsed: 0.07 hours, estimated: 08-25 16:00 [0m
[94m[DEBUG] finished: 123/181, elapsed: 0.08 hours, estimated: 08-25 16:00 [0m
[94m[DEBUG] finished: 130/181, elapsed: 0.08 hours, estimated: 08-25 16:00 [0m
[94m[DEBUG] finished: 137/181, elapsed: 0.08 hours, estimated: 08-25 16:00 [0m
[94m[DEBUG] finished: 144/181, elapsed: 0.09 hours, estimated: 08-25 16:00 [0m
[94m[DEBUG] finished: 151/181, elapsed: 0.09 hours, estimated: 08-25 16:00 [0m
[94m[DEBUG] finished: 158/181, elapsed: 0.09 hours, estimated: 08-25 16:00 [0m
[94m[DEBUG] finished: 165/181, elapsed: 0.1 hours, estimated: 08-25 16:00 [0m
[94m[DEBUG] finished: 172/181, elapsed: 0.1 hours, estimated: 08-25 16:00 [0m
[94m[DEBUG] finished: 179/181, elapsed: 0.1 hours, estimated: 08-25 16:00 [0m
=== stable (1) ===
query path: gen/sproj_single_ed185a888b/752c159c.smt2
Found a stable fix; stopping further stability checks
Got list of fixes
Found 1 fix(es):
    752c159c: erase internal_lib!os_mem_util.impl&__1.mem_chunk_good.?_definition -> data/projs/timeout_1dded7b7a5/base.z3/752c159c.smt2

=== Caza external-call time (wall clock) ===
  209.76s  initial stability check
    0.05s  build debugger trace and proof
    4.66s  finding fixes
   71.52s  verify candidates
    0.01s  filter broken candidates
  458.93s  filter candidates experiment
    0.87s  carve unstable candidates
  374.80s  early stability check 752c159c.smt2
 1120.59s  total

================================================================================
[24/73] Caza query finished 2026-08-25T16:00:09
exit status: 0
================================================================================

================================================================================
[25/73] Caza query started 2026-08-25T16:00:09
query: /home/youjia/mariposa/data/verita_bad/node-replication__spec__cyclicbuffer.3.smt2
command: /usr/bin/python3 -u /home/youjia/mariposa/src/caza_wizard.py --set-seed 0x87654321 --early --fast-proof --sort time /home/youjia/mariposa/data/verita_bad/node-replication__spec__cyclicbuffer.3.smt2
================================================================================
Parsing...
Checking whether the input query is already stable
[92m[INFO] using 60s solver timeout (capped by analyzer 60sec) [0m
[94m[DEBUG] created table single_328390e468_base_z3_z3_4_16_0_exp [0m
[92m[INFO] running 1 original queries [0m
[94m[DEBUG] running ALL of single_328390e468.base.z3 [0m
[94m[DEBUG] adding 181 tasks [0m
[92m[INFO] criteria: vanilla=unsat@0.028s; groups: shuffle=[unknown@0.026s, unknown@0.026s, unsat@0.040s, unsat@0.027s, unknown@0.038s, unsat@0.028s, unknown@0.026s] (53 mutant result(s) pending); rename=[] (60 mutant result(s) pending); reseed=[] (60 mutant result(s) pending); possible final categories=[unsolvable, unstable] [0m
[92m[INFO] early decision: gen/sproj_single_328390e468/node-replication__spec__cyclicbuffer.3.smt2 -> not_stable; skipping 167 queued tasks [0m
=== stable (0) ===
Starting Cazamariposas
[92m[INFO] [init] loaded cached artifacts: traces=4, cores=3, proofs=3 [0m
[92m[INFO] [init] cached-proofs-only: skipping trace, core, and proof construction [0m
[92m[INFO] [init] dbg root: dbg/328390e468/ [0m
[92m[INFO] [init] 328390e468 auto selected DbgMode.FAST_FAIL [0m
Found failure trace and proof object
[94m[DEBUG] [edit] proof path: dbg/328390e468/proofs/rename.191134073603777486.proof [0m
[94m[DEBUG] [edit] trace path: dbg/328390e468/traces/shuffle.12973822379145794368 [0m
9ea05fb426f5b4a33c01565eb188d7f9.pickle
[93m[WARN] [differ] qid constructor_accessor_axiom not found in dbg/328390e468/orig.smt2 [0m
[92m[INFO] [edit] [inst] prelude_fuel_defaults 5 instances [0m
[92m[INFO] [edit] [erase] prelude_fuel_defaults [0m
[92m[INFO] [edit] written to data/projs/fast_fail_328390e468/base.z3/8ab12f96.smt2 [0m
[93m[WARN] [edit] qid prelude_eucmod has no feasible actions [0m
[94m[DEBUG] [edit] a5436336 failed [0m
[93m[WARN] [edit] qid internal_lib!spec.cyclicbuffer.log_entry_idx.?_definition has no feasible actions [0m
[94m[DEBUG] [edit] 0bfae874 failed [0m
[92m[INFO] [edit] [inst] prelude_unbox_box_int 1 instances [0m
[92m[INFO] [edit] written to data/projs/fast_fail_328390e468/base.z3/7e1bcc27.smt2 [0m
[93m[WARN] [edit] qid prelude_nat_clip has no feasible actions [0m
[94m[DEBUG] [edit] 5799b075 failed [0m
[93m[WARN] [edit] qid internal_lib!spec.cyclicbuffer.log_entry_alive_value.?_definition has no feasible actions [0m
[94m[DEBUG] [edit] c24d7703 failed [0m
[93m[WARN] [edit] qid internal_lib!spec.cyclicbuffer.log_entry_is_alive.?_definition has no feasible actions [0m
[94m[DEBUG] [edit] 6cbc631e failed [0m
[93m[WARN] [edit] qid prelude_eucdiv has no feasible actions [0m
[94m[DEBUG] [edit] 47551472 failed [0m
[92m[INFO] [edit] [inst] prelude_mul_nats 1 instances [0m
[92m[INFO] [edit] [erase] prelude_mul_nats [0m
[92m[INFO] [edit] written to data/projs/fast_fail_328390e468/base.z3/3d3f07b4.smt2 [0m
[92m[INFO] [edit] [inst] prelude_mul 1 instances [0m
[92m[INFO] [edit] [erase] prelude_mul [0m
[92m[INFO] [edit] written to data/projs/fast_fail_328390e468/base.z3/f472d171.smt2 [0m
[93m[WARN] [edit] qid prelude_add has no feasible actions [0m
[94m[DEBUG] [edit] ac8748b2 failed [0m
[93m[WARN] [edit] qid prelude_box_unbox_int has no feasible actions [0m
[94m[DEBUG] [edit] 30b5acb0 failed [0m
[93m[WARN] [edit] qid internal_lib!spec.cyclicbuffer.add_buffersize.?_definition has no feasible actions [0m
[94m[DEBUG] [edit] 445f7917 failed [0m
[92m[INFO] [edit] [inst] prelude_u_clip 1 instances [0m
[92m[INFO] [edit] [erase] prelude_u_clip [0m
[92m[INFO] [edit] written to data/projs/fast_fail_328390e468/base.z3/c05f41ad.smt2 [0m
[92m[INFO] [edit] [erase] prelude_unbox_box_bool [0m
[92m[INFO] [edit] written to data/projs/fast_fail_328390e468/base.z3/bf399e4e.smt2 [0m
[92m[INFO] [edit] [erase] internal_vstd__map__Map<nat./bool.>_has_type_always_definition [0m
[92m[INFO] [edit] written to data/projs/fast_fail_328390e468/base.z3/9d726aa9.smt2 [0m
[92m[INFO] [edit] [erase] prelude_div_unsigned_in_bounds [0m
[92m[INFO] [edit] written to data/projs/fast_fail_328390e468/base.z3/16733c69.smt2 [0m
[94m[DEBUG] [skolem] is in the goal! [0m
[94m[DEBUG] [skolem] i$!skolem_user_lib__spec__cyclicbuffer__log_entry_alive_wrap_around_20!0 -> skv_88fa58e2599b653c_1 [0m
[92m[INFO] [edit] [skolem] user_lib__spec__cyclicbuffer__log_entry_alive_wrap_around_20 creates 1 skolem funs, 2 asserts [0m
(assert (not (=> %%location_label%%0 (forall ((i$ Poly)) (! (=> (has_type i$ INT) (=> (let ((tmp%%$ low!)) (let ((tmp%%$1 (%I i$))) (let ((tmp%%$2 high!)) (and (<= tmp%%$ tmp%%$1) (< tmp%%$1 tmp%%$2))))) (= (lib!spec.cyclicbuffer.log_entry_is_alive.? (Poly%vstd!map.Map<nat./bool.>. alive_bits!) i$ (I buffer_size!)) (not (lib!spec.cyclicbuffer.log_entry_is_alive.? (Poly%vstd!map.Map<nat./bool.>. alive_bits!) (I (lib!spec.cyclicbuffer.add_buffersize.? i$ (I buffer_size!))) (I buffer_size!)))))) :pattern ((lib!spec.cyclicbuffer.log_entry_is_alive.? (Poly%vstd!map.Map<nat./bool.>. alive_bits!) (I (lib!spec.cyclicbuffer.add_buffersize.? i$ (I buffer_size!))) (I buffer_size!))) :qid user_lib__spec__cyclicbuffer__log_entry_alive_wrap_around_20 :skolemid skolem_user_lib__spec__cyclicbuffer__log_entry_alive_wrap_around_20)))))
[92m[INFO] [edit] [banish] user_lib__spec__cyclicbuffer__log_entry_alive_wrap_around_20 [0m
[92m[INFO] [edit] goal was modified! [0m
[92m[INFO] [edit] written to data/projs/fast_fail_328390e468/base.z3/c602d9d9.smt2 [0m
[92m[INFO] [edit] [erase] prelude_mod_unsigned_in_bounds [0m
[92m[INFO] [edit] written to data/projs/fast_fail_328390e468/base.z3/fe9e3de9.smt2 [0m
Produced candidate smt2 files
[94m[DEBUG] created table fast_fail_328390e468_base_z3_z3_4_16_0_exp [0m
[92m[INFO] running 10 original queries [0m
[94m[DEBUG] running ALL of fast_fail_328390e468.base.z3 [0m
[94m[DEBUG] adding 10 tasks [0m
[92m[INFO] running 10 tasks [0m
[92m[INFO] there is 4 processors [0m
[94m[DEBUG] worker 2 finished in 0.07 seconds [0m
[94m[DEBUG] worker 1 finished in 0.08 seconds [0m
[94m[DEBUG] worker 0 finished in 0.1 seconds [0m
[94m[DEBUG] worker 3 finished in 0.1 seconds [0m
[92m[INFO] workers finished [0m
[92m[INFO] done post processing exp data [0m
verify candidate bf399e4e: 0.024s; rank=6; p=4; t=0.024
verify candidate 8ab12f96: 0.025s; rank=1; p=8; t=0.025
verify candidate 3d3f07b4: 0.025s; rank=3; p=5; t=0.025
verify candidate 7e1bcc27: 0.026s; rank=2; p=6; t=0.026
verify candidate c05f41ad: 0.026s; rank=5; p=4; t=0.026
verify candidate 16733c69: 0.026s; rank=8; p=3; t=0.026
verify candidate 9d726aa9: 0.028s; rank=7; p=4; t=0.028
verify candidate c602d9d9: 0.028s; rank=9; p=3; t=0.028
verify candidate f472d171: 0.031s; rank=4; p=4; t=0.031
verify candidate fe9e3de9: 0.035s; rank=10; p=3; t=0.035
selected 10 verified candidates to data/projs/fast_fail_328390e468.filtered/base.z3 with 0.274s vanilla verification budget
[92m[INFO] running 10 original queries [0m
[92m[INFO] running 100 tasks [0m
[92m[INFO] there is 7 processors [0m
[94m[DEBUG] created table fast_fail_328390e468_filtered_base_z3_z3_4_16_0_exp [0m
[94m[DEBUG] running ALL of fast_fail_328390e468.filtered.base.z3 [0m
[94m[DEBUG] adding 100 tasks [0m
[94m[DEBUG] worker 0 finished in 0.83 seconds [0m
[94m[DEBUG] worker 2 finished in 0.84 seconds [0m
[94m[DEBUG] worker 3 finished in 0.85 seconds [0m
[94m[DEBUG] worker 5 finished in 0.85 seconds [0m
[94m[DEBUG] worker 1 finished in 0.86 seconds [0m
[94m[DEBUG] worker 6 finished in 0.86 seconds [0m
[94m[DEBUG] worker 4 finished in 0.87 seconds [0m
[92m[INFO] workers finished [0m
[92m[INFO] done post processing exp data [0m
=== Overall Report ===

project dir:	data/projs/fast_fail_328390e468.filtered/base.z3
exper config:	filter
solver path:	bin/z3-4.16.0
analyzer:	default

| category   |   count | percentage   |
|------------|---------|--------------|
| unstable   |       6 | 60.0%        |
| stable     |       4 | 40.0%        |
| total      |      10 | 100.00 %     |

=== Report End ===
Ran mariposa on filtered queries
[92m[INFO] carving out query 8ab12f96 [0m
Passed Mutants (7):
data/projs/fast_fail_328390e468.filtered/base.z3/8ab12f96.smt2 - unsat - 0.03
gen/fast_fail_328390e468.filtered/base.z3/filter/8ab12f96.14875785789634750222.rename.smt2 - unsat - 0.03
gen/fast_fail_328390e468.filtered/base.z3/filter/8ab12f96.2628972863146548258.reseed.smt2 - unsat - 0.03
gen/fast_fail_328390e468.filtered/base.z3/filter/8ab12f96.15077273894165646568.rename.smt2 - unsat - 0.03
gen/fast_fail_328390e468.filtered/base.z3/filter/8ab12f96.10531313886260462304.reseed.smt2 - unsat - 0.03
gen/fast_fail_328390e468.filtered/base.z3/filter/8ab12f96.18004943983434126707.rename.smt2 - unsat - 0.03
gen/fast_fail_328390e468.filtered/base.z3/filter/8ab12f96.704912286756555522.reseed.smt2 - unsat - 0.03

Failed Mutants (3):
gen/fast_fail_328390e468.filtered/base.z3/filter/8ab12f96.7531029624744332631.shuffle.smt2 - unknown - 0.03
gen/fast_fail_328390e468.filtered/base.z3/filter/8ab12f96.7447455175234975510.shuffle.smt2 - unknown - 0.03
gen/fast_fail_328390e468.filtered/base.z3/filter/8ab12f96.181959450632413079.shuffle.smt2 - unknown - 0.03
[92m[INFO] carving out query 9d726aa9 [0m
Passed Mutants (9):
gen/fast_fail_328390e468.filtered/base.z3/filter/9d726aa9.8317808410591453546.rename.smt2 - unsat - 0.03
gen/fast_fail_328390e468.filtered/base.z3/filter/9d726aa9.6323298330623175295.shuffle.smt2 - unsat - 0.03
gen/fast_fail_328390e468.filtered/base.z3/filter/9d726aa9.17322221388075751150.reseed.smt2 - unsat - 0.03
gen/fast_fail_328390e468.filtered/base.z3/filter/9d726aa9.8949681803359513642.rename.smt2 - unsat - 0.03
gen/fast_fail_328390e468.filtered/base.z3/filter/9d726aa9.7372954161328048798.rename.smt2 - unsat - 0.03
gen/fast_fail_328390e468.filtered/base.z3/filter/9d726aa9.2391667297813009791.reseed.smt2 - unsat - 0.03
data/projs/fast_fail_328390e468.filtered/base.z3/9d726aa9.smt2 - unsat - 0.03
gen/fast_fail_328390e468.filtered/base.z3/filter/9d726aa9.105868827780794124.shuffle.smt2 - unsat - 0.03
gen/fast_fail_328390e468.filtered/base.z3/filter/9d726aa9.9956541764118942108.reseed.smt2 - unsat - 0.03

Failed Mutants (1):
gen/fast_fail_328390e468.filtered/base.z3/filter/9d726aa9.12424757933037089696.shuffle.smt2 - unknown - 0.03
[92m[INFO] carving out query c05f41ad [0m
Passed Mutants (8):
gen/fast_fail_328390e468.filtered/base.z3/filter/c05f41ad.18217215883360952575.reseed.smt2 - unsat - 0.03
gen/fast_fail_328390e468.filtered/base.z3/filter/c05f41ad.7639255229304304847.reseed.smt2 - unsat - 0.03
gen/fast_fail_328390e468.filtered/base.z3/filter/c05f41ad.148802027123000793.rename.smt2 - unsat - 0.03
gen/fast_fail_328390e468.filtered/base.z3/filter/c05f41ad.11058955339278206128.rename.smt2 - unsat - 0.03
gen/fast_fail_328390e468.filtered/base.z3/filter/c05f41ad.16122902354280008393.shuffle.smt2 - unsat - 0.03
gen/fast_fail_328390e468.filtered/base.z3/filter/c05f41ad.6659050059056975658.reseed.smt2 - unsat - 0.02
data/projs/fast_fail_328390e468.filtered/base.z3/c05f41ad.smt2 - unsat - 0.03
gen/fast_fail_328390e468.filtered/base.z3/filter/c05f41ad.8334289509297549008.rename.smt2 - unsat - 0.03

Failed Mutants (2):
gen/fast_fail_328390e468.filtered/base.z3/filter/c05f41ad.16205144395324593660.shuffle.smt2 - unknown - 0.02
gen/fast_fail_328390e468.filtered/base.z3/filter/c05f41ad.1309290370451889548.shuffle.smt2 - unknown - 0.03
[92m[INFO] carving out query c602d9d9 [0m
Passed Mutants (8):
gen/fast_fail_328390e468.filtered/base.z3/filter/c602d9d9.7937516552232813001.rename.smt2 - unsat - 0.03
gen/fast_fail_328390e468.filtered/base.z3/filter/c602d9d9.10381754451141831217.reseed.smt2 - unsat - 0.03
gen/fast_fail_328390e468.filtered/base.z3/filter/c602d9d9.10511045054699528055.rename.smt2 - unsat - 0.03
gen/fast_fail_328390e468.filtered/base.z3/filter/c602d9d9.4398005055577349841.reseed.smt2 - unsat - 0.03
gen/fast_fail_328390e468.filtered/base.z3/filter/c602d9d9.11592290444689801590.shuffle.smt2 - unsat - 0.03
gen/fast_fail_328390e468.filtered/base.z3/filter/c602d9d9.4280168956717807388.rename.smt2 - unsat - 0.03
data/projs/fast_fail_328390e468.filtered/base.z3/c602d9d9.smt2 - unsat - 0.03
gen/fast_fail_328390e468.filtered/base.z3/filter/c602d9d9.7446497544088401309.reseed.smt2 - unsat - 0.03

Failed Mutants (2):
gen/fast_fail_328390e468.filtered/base.z3/filter/c602d9d9.17762353609193238080.shuffle.smt2 - unknown - 0.03
gen/fast_fail_328390e468.filtered/base.z3/filter/c602d9d9.15019670168895691498.shuffle.smt2 - unknown - 0.03
[92m[INFO] carving out query f472d171 [0m
Passed Mutants (9):
gen/fast_fail_328390e468.filtered/base.z3/filter/f472d171.10814176938716449858.shuffle.smt2 - unsat - 0.03
gen/fast_fail_328390e468.filtered/base.z3/filter/f472d171.1736954620446400385.rename.smt2 - unsat - 0.03
gen/fast_fail_328390e468.filtered/base.z3/filter/f472d171.17149898684406194422.rename.smt2 - unsat - 0.03
gen/fast_fail_328390e468.filtered/base.z3/filter/f472d171.3354573378441794501.reseed.smt2 - unsat - 0.03
gen/fast_fail_328390e468.filtered/base.z3/filter/f472d171.6241740554343731438.rename.smt2 - unsat - 0.03
gen/fast_fail_328390e468.filtered/base.z3/filter/f472d171.15373069041135580482.reseed.smt2 - unsat - 0.03
gen/fast_fail_328390e468.filtered/base.z3/filter/f472d171.8184669503582499118.shuffle.smt2 - unsat - 0.03
data/projs/fast_fail_328390e468.filtered/base.z3/f472d171.smt2 - unsat - 0.03
gen/fast_fail_328390e468.filtered/base.z3/filter/f472d171.2337361740829168017.reseed.smt2 - unsat - 0.03

Failed Mutants (1):
gen/fast_fail_328390e468.filtered/base.z3/filter/f472d171.12059385279529740300.shuffle.smt2 - unknown - 0.03
[92m[INFO] carving out query fe9e3de9 [0m
Passed Mutants (9):
gen/fast_fail_328390e468.filtered/base.z3/filter/fe9e3de9.4857466437275865002.rename.smt2 - unsat - 0.03
gen/fast_fail_328390e468.filtered/base.z3/filter/fe9e3de9.14205357326160106650.shuffle.smt2 - unsat - 0.03
gen/fast_fail_328390e468.filtered/base.z3/filter/fe9e3de9.3913619224670331989.rename.smt2 - unsat - 0.03
data/projs/fast_fail_328390e468.filtered/base.z3/fe9e3de9.smt2 - unsat - 0.03
gen/fast_fail_328390e468.filtered/base.z3/filter/fe9e3de9.16588789500110191892.reseed.smt2 - unsat - 0.03
gen/fast_fail_328390e468.filtered/base.z3/filter/fe9e3de9.16484726868284699194.rename.smt2 - unsat - 0.03
gen/fast_fail_328390e468.filtered/base.z3/filter/fe9e3de9.14940559584433079236.shuffle.smt2 - unsat - 0.03
gen/fast_fail_328390e468.filtered/base.z3/filter/fe9e3de9.16393519636883536799.reseed.smt2 - unsat - 0.03
gen/fast_fail_328390e468.filtered/base.z3/filter/fe9e3de9.1213644897303140507.reseed.smt2 - unsat - 0.03

Failed Mutants (1):
gen/fast_fail_328390e468.filtered/base.z3/filter/fe9e3de9.5264143515230676705.shuffle.smt2 - unknown - 0.03
[92m[INFO] removed 6 queries, 4 remaining [0m
Carved out unstable queries
Ran early-stop stability checks until a stable fix was found
Checking candidates by increasing vanilla verification time
Checking candidate 1/4 for stability: data/projs/fast_fail_328390e468.filtered/base.z3/bf399e4e.smt2
[92m[INFO] removing gen/sproj_single_f9fcaf0053 [0m
[92m[INFO] using 60s solver timeout (capped by analyzer 60sec) [0m
[94m[DEBUG] created table single_f9fcaf0053_base_z3_z3_4_16_0_exp [0m
[92m[INFO] running 1 original queries [0m
[94m[DEBUG] running ALL of single_f9fcaf0053.base.z3 [0m
[94m[DEBUG] adding 181 tasks [0m
[92m[INFO] criteria: vanilla=unsat@0.030s; groups: shuffle=[unknown@0.027s, unsat@0.028s, unsat@0.032s, unknown@0.027s, unknown@0.027s, unknown@0.027s] (54 mutant result(s) pending); rename=[] (60 mutant result(s) pending); reseed=[] (60 mutant result(s) pending); possible final categories=[unsolvable, unstable] [0m
[92m[INFO] early decision: gen/sproj_single_f9fcaf0053/bf399e4e.smt2 -> not_stable; skipping 168 queued tasks [0m
=== stable (0) ===
Checking candidate 2/4 for stability: data/projs/fast_fail_328390e468.filtered/base.z3/3d3f07b4.smt2
[92m[INFO] removing gen/sproj_single_dbc5714ee3 [0m
[92m[INFO] using 60s solver timeout (capped by analyzer 60sec) [0m
[94m[DEBUG] created table single_dbc5714ee3_base_z3_z3_4_16_0_exp [0m
[92m[INFO] running 1 original queries [0m
[94m[DEBUG] running ALL of single_dbc5714ee3.base.z3 [0m
[94m[DEBUG] adding 181 tasks [0m
[92m[INFO] criteria: vanilla=unsat@0.031s; groups: shuffle=[unknown@0.027s, unsat@0.028s, unsat@0.032s, unsat@0.029s, unsat@0.029s, unsat@0.026s, unsat@0.026s, unsat@0.029s, unknown@0.025s, unsat@0.035s, unsat@0.028s, unsat@0.028s, unsat@0.028s, unsat@0.030s, unknown@0.026s, unsat@0.032s, unsat@0.027s, unsat@0.029s, unknown@0.030s] (41 mutant result(s) pending); rename=[] (60 mutant result(s) pending); reseed=[] (60 mutant result(s) pending); possible final categories=[unstable] [0m
[92m[INFO] early decision: gen/sproj_single_dbc5714ee3/3d3f07b4.smt2 -> not_stable; skipping 155 queued tasks [0m
=== stable (0) ===
Checking candidate 3/4 for stability: data/projs/fast_fail_328390e468.filtered/base.z3/7e1bcc27.smt2
[92m[INFO] removing gen/sproj_single_9c0b72b977 [0m
[92m[INFO] using 60s solver timeout (capped by analyzer 60sec) [0m
[94m[DEBUG] created table single_9c0b72b977_base_z3_z3_4_16_0_exp [0m
[92m[INFO] running 1 original queries [0m
[94m[DEBUG] running ALL of single_9c0b72b977.base.z3 [0m
[94m[DEBUG] adding 181 tasks [0m
[92m[INFO] criteria: vanilla=unsat@0.036s; groups: shuffle=[unknown@0.028s, unsat@0.031s, unsat@0.031s, unsat@0.029s, unsat@0.029s, unsat@0.030s, unsat@0.026s, unsat@0.027s, unknown@0.027s, unsat@0.027s, unknown@0.026s, unsat@0.029s, unsat@0.027s, unsat@0.030s, unknown@0.030s] (45 mutant result(s) pending); rename=[] (60 mutant result(s) pending); reseed=[] (60 mutant result(s) pending); possible final categories=[unstable] [0m
[92m[INFO] early decision: gen/sproj_single_9c0b72b977/7e1bcc27.smt2 -> not_stable; skipping 159 queued tasks [0m
=== stable (0) ===
Checking candidate 4/4 for stability: data/projs/fast_fail_328390e468.filtered/base.z3/16733c69.smt2
[92m[INFO] removing gen/sproj_single_3c9810edae [0m
[92m[INFO] using 60s solver timeout (capped by analyzer 60sec) [0m
[94m[DEBUG] created table single_3c9810edae_base_z3_z3_4_16_0_exp [0m
[92m[INFO] running 1 original queries [0m
[94m[DEBUG] running ALL of single_3c9810edae.base.z3 [0m
[94m[DEBUG] adding 181 tasks [0m
[92m[INFO] criteria: vanilla=unsat@0.031s; groups: shuffle=[unsat@0.030s, unsat@0.032s, unsat@0.030s, unsat@0.057s, unsat@0.030s, unknown@0.027s, unsat@0.049s, unsat@0.030s, unsat@0.030s, unknown@0.031s, unsat@0.032s, unsat@0.034s, unknown@0.029s, unsat@0.032s, unsat@0.059s, unsat@0.037s, unknown@0.028s] (43 mutant result(s) pending); rename=[] (60 mutant result(s) pending); reseed=[] (60 mutant result(s) pending); possible final categories=[unstable] [0m
[92m[INFO] early decision: gen/sproj_single_3c9810edae/16733c69.smt2 -> not_stable; skipping 157 queued tasks [0m
=== stable (0) ===
Got list of fixes
No fixes were found :(

=== Caza external-call time (wall clock) ===
    0.20s  initial stability check
    0.09s  build debugger trace and proof
    0.27s  finding fixes
    0.15s  verify candidates
    0.00s  filter broken candidates
    1.46s  filter candidates experiment
    0.89s  carve unstable candidates
    0.19s  early stability check bf399e4e.smt2
    0.28s  early stability check 3d3f07b4.smt2
    0.30s  early stability check 7e1bcc27.smt2
    0.29s  early stability check 16733c69.smt2
    4.13s  total

================================================================================
[25/73] Caza query finished 2026-08-25T16:00:14
exit status: 0
================================================================================

================================================================================
[26/73] Caza query started 2026-08-25T16:00:14
query: /home/youjia/mariposa/data/verita_bad/node-replication__spec__cyclicbuffer.5.smt2
command: /usr/bin/python3 -u /home/youjia/mariposa/src/caza_wizard.py --set-seed 0x87654321 --early --fast-proof --sort time /home/youjia/mariposa/data/verita_bad/node-replication__spec__cyclicbuffer.5.smt2
================================================================================
Parsing...
Checking whether the input query is already stable
[92m[INFO] using 60s solver timeout (capped by analyzer 60sec) [0m
[94m[DEBUG] created table single_7ec2539ed7_base_z3_z3_4_16_0_exp [0m
[92m[INFO] running 1 original queries [0m
[94m[DEBUG] running ALL of single_7ec2539ed7.base.z3 [0m
[94m[DEBUG] adding 181 tasks [0m
[92m[INFO] criteria: vanilla=unsat@0.031s; groups: shuffle=[unknown@0.025s, unknown@0.026s, unknown@0.038s, unknown@0.026s] (56 mutant result(s) pending); rename=[] (60 mutant result(s) pending); reseed=[] (60 mutant result(s) pending); possible final categories=[unsolvable, unstable] [0m
[92m[INFO] early decision: gen/sproj_single_7ec2539ed7/node-replication__spec__cyclicbuffer.5.smt2 -> not_stable; skipping 170 queued tasks [0m
=== stable (0) ===
Starting Cazamariposas
[92m[INFO] [init] loaded cached artifacts: traces=3, cores=3, proofs=3 [0m
[92m[INFO] [init] cached-proofs-only: skipping trace, core, and proof construction [0m
[92m[INFO] [init] dbg root: dbg/7ec2539ed7/ [0m
[92m[INFO] [init] 7ec2539ed7 auto selected DbgMode.FAST_FAIL [0m
Found failure trace and proof object
[94m[DEBUG] [edit] proof path: dbg/7ec2539ed7/proofs/rename.191134073603777486.proof [0m
[94m[DEBUG] [edit] trace path: dbg/7ec2539ed7/traces/shuffle.12420925493754069455 [0m
f11c8809ae5cfe4f56aed8fcd8502cdf.pickle
[93m[WARN] [differ] qid constructor_accessor_axiom not found in dbg/7ec2539ed7/orig.smt2 [0m
[92m[INFO] [edit] [inst] prelude_nat_clip 2 instances [0m
[92m[INFO] [edit] written to data/projs/fast_fail_7ec2539ed7/base.z3/9689b33d.smt2 [0m
[92m[INFO] [edit] [inst] prelude_eucmod 1 instances [0m
[92m[INFO] [edit] written to data/projs/fast_fail_7ec2539ed7/base.z3/57536093.smt2 [0m
[92m[INFO] [edit] [inst] prelude_unbox_box_int 2 instances [0m
[92m[INFO] [edit] [erase] prelude_unbox_box_int [0m
[92m[INFO] [edit] written to data/projs/fast_fail_7ec2539ed7/base.z3/e8794a44.smt2 [0m
[92m[INFO] [edit] [inst] internal_lib!spec.cyclicbuffer.log_entry_idx.?_definition 1 instances [0m
[92m[INFO] [edit] written to data/projs/fast_fail_7ec2539ed7/base.z3/66bf0d33.smt2 [0m
[92m[INFO] [edit] [inst] prelude_fuel_defaults 2 instances [0m
[92m[INFO] [edit] [erase] prelude_fuel_defaults [0m
[92m[INFO] [edit] written to data/projs/fast_fail_7ec2539ed7/base.z3/8ab12f96.smt2 [0m
[92m[INFO] [edit] [inst] prelude_mul_nats 1 instances [0m
[92m[INFO] [edit] [erase] prelude_mul_nats [0m
[92m[INFO] [edit] written to data/projs/fast_fail_7ec2539ed7/base.z3/3d3f07b4.smt2 [0m
[93m[WARN] [edit] qid prelude_box_unbox_int has no feasible actions [0m
[94m[DEBUG] [edit] 30b5acb0 failed [0m
[92m[INFO] [edit] [inst] prelude_add 1 instances [0m
[92m[INFO] [edit] [erase] prelude_add [0m
[92m[INFO] [edit] written to data/projs/fast_fail_7ec2539ed7/base.z3/f6e0cf32.smt2 [0m
[92m[INFO] [edit] [inst] prelude_mul 1 instances [0m
[92m[INFO] [edit] [erase] prelude_mul [0m
[92m[INFO] [edit] written to data/projs/fast_fail_7ec2539ed7/base.z3/f472d171.smt2 [0m
[92m[INFO] [edit] [inst] prelude_u_clip 1 instances [0m
[92m[INFO] [edit] [erase] prelude_u_clip [0m
[92m[INFO] [edit] written to data/projs/fast_fail_7ec2539ed7/base.z3/c05f41ad.smt2 [0m
[92m[INFO] [edit] [erase] internal_lib!spec.cyclicbuffer.log_entry_idx.?_pre_post_definition [0m
[92m[INFO] [edit] written to data/projs/fast_fail_7ec2539ed7/base.z3/b54ce4a6.smt2 [0m
Produced candidate smt2 files
[94m[DEBUG] created table fast_fail_7ec2539ed7_base_z3_z3_4_16_0_exp [0m
[92m[INFO] running 10 original queries [0m
[94m[DEBUG] running ALL of fast_fail_7ec2539ed7.base.z3 [0m
[94m[DEBUG] adding 10 tasks [0m
[92m[INFO] running 10 tasks [0m
[92m[INFO] there is 4 processors [0m
[94m[DEBUG] worker 2 finished in 0.07 seconds [0m
[94m[DEBUG] worker 0 finished in 0.09 seconds [0m
[94m[DEBUG] worker 1 finished in 0.09 seconds [0m
[94m[DEBUG] worker 3 finished in 0.1 seconds [0m
[92m[INFO] workers finished [0m
[92m[INFO] done post processing exp data [0m
verify candidate b54ce4a6: 0.025s; rank=10; p=3; t=0.025
verify candidate c05f41ad: 0.026s; rank=9; p=3; t=0.026
verify candidate 57536093: 0.027s; rank=2; p=6; t=0.027
verify candidate e8794a44: 0.027s; rank=3; p=5; t=0.027
verify candidate f6e0cf32: 0.027s; rank=7; p=4; t=0.027
verify candidate f472d171: 0.028s; rank=8; p=3; t=0.028
verify candidate 3d3f07b4: 0.029s; rank=6; p=4; t=0.029
selected 7 verified candidates to data/projs/fast_fail_7ec2539ed7.filtered/base.z3 with 0.189s vanilla verification budget
[92m[INFO] running 7 original queries [0m
[92m[INFO] running 70 tasks [0m
[92m[INFO] there is 7 processors [0m
[94m[DEBUG] created table fast_fail_7ec2539ed7_filtered_base_z3_z3_4_16_0_exp [0m
[94m[DEBUG] running ALL of fast_fail_7ec2539ed7.filtered.base.z3 [0m
[94m[DEBUG] adding 70 tasks [0m
[94m[DEBUG] worker 3 finished in 0.62 seconds [0m
[94m[DEBUG] worker 0 finished in 0.63 seconds [0m
[94m[DEBUG] worker 1 finished in 0.64 seconds [0m
[94m[DEBUG] worker 6 finished in 0.64 seconds [0m
[94m[DEBUG] worker 2 finished in 0.65 seconds [0m
[94m[DEBUG] worker 4 finished in 0.66 seconds [0m
[94m[DEBUG] worker 5 finished in 0.68 seconds [0m
[92m[INFO] workers finished [0m
[92m[INFO] done post processing exp data [0m
=== Overall Report ===

project dir:	data/projs/fast_fail_7ec2539ed7.filtered/base.z3
exper config:	filter
solver path:	bin/z3-4.16.0
analyzer:	default

| category   |   count | percentage   |
|------------|---------|--------------|
| unstable   |       7 | 100.0%       |
| total      |       7 | 100.00 %     |

=== Report End ===
Ran mariposa on filtered queries
[92m[INFO] carving out query 3d3f07b4 [0m
Passed Mutants (9):
gen/fast_fail_7ec2539ed7.filtered/base.z3/filter/3d3f07b4.5323185702317497754.rename.smt2 - unsat - 0.03
gen/fast_fail_7ec2539ed7.filtered/base.z3/filter/3d3f07b4.11549960431107829076.rename.smt2 - unsat - 0.03
gen/fast_fail_7ec2539ed7.filtered/base.z3/filter/3d3f07b4.11172475248276161213.rename.smt2 - unsat - 0.03
gen/fast_fail_7ec2539ed7.filtered/base.z3/filter/3d3f07b4.6151889376572761610.reseed.smt2 - unsat - 0.03
gen/fast_fail_7ec2539ed7.filtered/base.z3/filter/3d3f07b4.13311157237708141846.shuffle.smt2 - unsat - 0.03
gen/fast_fail_7ec2539ed7.filtered/base.z3/filter/3d3f07b4.18417278672754496448.reseed.smt2 - unsat - 0.03
gen/fast_fail_7ec2539ed7.filtered/base.z3/filter/3d3f07b4.6825801378645304295.shuffle.smt2 - unsat - 0.03
data/projs/fast_fail_7ec2539ed7.filtered/base.z3/3d3f07b4.smt2 - unsat - 0.03
gen/fast_fail_7ec2539ed7.filtered/base.z3/filter/3d3f07b4.2534572080833694419.reseed.smt2 - unsat - 0.03

Failed Mutants (1):
gen/fast_fail_7ec2539ed7.filtered/base.z3/filter/3d3f07b4.2420432325799871062.shuffle.smt2 - unknown - 0.03
[92m[INFO] carving out query 57536093 [0m
Passed Mutants (9):
gen/fast_fail_7ec2539ed7.filtered/base.z3/filter/57536093.2454729358138867173.rename.smt2 - unsat - 0.03
gen/fast_fail_7ec2539ed7.filtered/base.z3/filter/57536093.11470644091043831862.shuffle.smt2 - unsat - 0.03
gen/fast_fail_7ec2539ed7.filtered/base.z3/filter/57536093.2445061857853491659.shuffle.smt2 - unsat - 0.03
gen/fast_fail_7ec2539ed7.filtered/base.z3/filter/57536093.3779411483526123587.rename.smt2 - unsat - 0.03
gen/fast_fail_7ec2539ed7.filtered/base.z3/filter/57536093.12390455402210343699.rename.smt2 - unsat - 0.03
gen/fast_fail_7ec2539ed7.filtered/base.z3/filter/57536093.7167262951515110106.reseed.smt2 - unsat - 0.03
data/projs/fast_fail_7ec2539ed7.filtered/base.z3/57536093.smt2 - unsat - 0.03
gen/fast_fail_7ec2539ed7.filtered/base.z3/filter/57536093.13450984637700161948.reseed.smt2 - unsat - 0.03
gen/fast_fail_7ec2539ed7.filtered/base.z3/filter/57536093.8227848182576237369.reseed.smt2 - unsat - 0.03

Failed Mutants (1):
gen/fast_fail_7ec2539ed7.filtered/base.z3/filter/57536093.336774452417897080.shuffle.smt2 - unknown - 0.03
[92m[INFO] carving out query b54ce4a6 [0m
Passed Mutants (9):
gen/fast_fail_7ec2539ed7.filtered/base.z3/filter/b54ce4a6.18065349331839293311.shuffle.smt2 - unsat - 0.03
gen/fast_fail_7ec2539ed7.filtered/base.z3/filter/b54ce4a6.12806635407015512880.shuffle.smt2 - unsat - 0.03
gen/fast_fail_7ec2539ed7.filtered/base.z3/filter/b54ce4a6.2491990856503929943.reseed.smt2 - unsat - 0.03
gen/fast_fail_7ec2539ed7.filtered/base.z3/filter/b54ce4a6.12681721410619432486.rename.smt2 - unsat - 0.03
gen/fast_fail_7ec2539ed7.filtered/base.z3/filter/b54ce4a6.16257163283996347499.reseed.smt2 - unsat - 0.03
gen/fast_fail_7ec2539ed7.filtered/base.z3/filter/b54ce4a6.7942071344186829247.rename.smt2 - unsat - 0.03
data/projs/fast_fail_7ec2539ed7.filtered/base.z3/b54ce4a6.smt2 - unsat - 0.03
gen/fast_fail_7ec2539ed7.filtered/base.z3/filter/b54ce4a6.6387607912254738400.reseed.smt2 - unsat - 0.02
gen/fast_fail_7ec2539ed7.filtered/base.z3/filter/b54ce4a6.4431514784255811425.rename.smt2 - unsat - 0.03

Failed Mutants (1):
gen/fast_fail_7ec2539ed7.filtered/base.z3/filter/b54ce4a6.3903535782224352549.shuffle.smt2 - unknown - 0.03
[92m[INFO] carving out query c05f41ad [0m
Passed Mutants (8):
gen/fast_fail_7ec2539ed7.filtered/base.z3/filter/c05f41ad.12226316141842844477.rename.smt2 - unsat - 0.03
gen/fast_fail_7ec2539ed7.filtered/base.z3/filter/c05f41ad.13710915149395763729.reseed.smt2 - unsat - 0.03
gen/fast_fail_7ec2539ed7.filtered/base.z3/filter/c05f41ad.1101986269627164009.rename.smt2 - unsat - 0.03
gen/fast_fail_7ec2539ed7.filtered/base.z3/filter/c05f41ad.12307788059273792708.rename.smt2 - unsat - 0.03
gen/fast_fail_7ec2539ed7.filtered/base.z3/filter/c05f41ad.11937854339479222754.shuffle.smt2 - unsat - 0.03
gen/fast_fail_7ec2539ed7.filtered/base.z3/filter/c05f41ad.7573043812114198411.reseed.smt2 - unsat - 0.03
data/projs/fast_fail_7ec2539ed7.filtered/base.z3/c05f41ad.smt2 - unsat - 0.02
gen/fast_fail_7ec2539ed7.filtered/base.z3/filter/c05f41ad.16020409738992317455.reseed.smt2 - unsat - 0.03

Failed Mutants (2):
gen/fast_fail_7ec2539ed7.filtered/base.z3/filter/c05f41ad.9317459237863488244.shuffle.smt2 - unknown - 0.03
gen/fast_fail_7ec2539ed7.filtered/base.z3/filter/c05f41ad.9222143820068107213.shuffle.smt2 - unknown - 0.02
[92m[INFO] carving out query e8794a44 [0m
Passed Mutants (9):
gen/fast_fail_7ec2539ed7.filtered/base.z3/filter/e8794a44.16730501541488268370.shuffle.smt2 - unsat - 0.03
gen/fast_fail_7ec2539ed7.filtered/base.z3/filter/e8794a44.14030894719162528061.shuffle.smt2 - unsat - 0.03
gen/fast_fail_7ec2539ed7.filtered/base.z3/filter/e8794a44.15529748892875140227.reseed.smt2 - unsat - 0.03
gen/fast_fail_7ec2539ed7.filtered/base.z3/filter/e8794a44.10076968983124081322.rename.smt2 - unsat - 0.03
gen/fast_fail_7ec2539ed7.filtered/base.z3/filter/e8794a44.5857638721242262515.rename.smt2 - unsat - 0.03
gen/fast_fail_7ec2539ed7.filtered/base.z3/filter/e8794a44.7081055528462472910.reseed.smt2 - unsat - 0.03
gen/fast_fail_7ec2539ed7.filtered/base.z3/filter/e8794a44.7003583154193291853.rename.smt2 - unsat - 0.03
gen/fast_fail_7ec2539ed7.filtered/base.z3/filter/e8794a44.16127193741399710186.reseed.smt2 - unsat - 0.03
data/projs/fast_fail_7ec2539ed7.filtered/base.z3/e8794a44.smt2 - unsat - 0.03

Failed Mutants (1):
gen/fast_fail_7ec2539ed7.filtered/base.z3/filter/e8794a44.2179528369187330030.shuffle.smt2 - unknown - 0.03
[92m[INFO] carving out query f472d171 [0m
Passed Mutants (9):
gen/fast_fail_7ec2539ed7.filtered/base.z3/filter/f472d171.2771987303559162544.shuffle.smt2 - unsat - 0.03
gen/fast_fail_7ec2539ed7.filtered/base.z3/filter/f472d171.10055410338374959410.rename.smt2 - unsat - 0.03
gen/fast_fail_7ec2539ed7.filtered/base.z3/filter/f472d171.4101983813224091045.rename.smt2 - unsat - 0.03
gen/fast_fail_7ec2539ed7.filtered/base.z3/filter/f472d171.4597754073806019974.reseed.smt2 - unsat - 0.03
gen/fast_fail_7ec2539ed7.filtered/base.z3/filter/f472d171.16201602033214886932.rename.smt2 - unsat - 0.03
gen/fast_fail_7ec2539ed7.filtered/base.z3/filter/f472d171.2882597692559584788.reseed.smt2 - unsat - 0.03
gen/fast_fail_7ec2539ed7.filtered/base.z3/filter/f472d171.9628961069654054149.reseed.smt2 - unsat - 0.02
gen/fast_fail_7ec2539ed7.filtered/base.z3/filter/f472d171.4845355113198650990.shuffle.smt2 - unsat - 0.03
data/projs/fast_fail_7ec2539ed7.filtered/base.z3/f472d171.smt2 - unsat - 0.03

Failed Mutants (1):
gen/fast_fail_7ec2539ed7.filtered/base.z3/filter/f472d171.3843450675291797405.shuffle.smt2 - unknown - 0.03
[92m[INFO] carving out query f6e0cf32 [0m
Passed Mutants (8):
gen/fast_fail_7ec2539ed7.filtered/base.z3/filter/f6e0cf32.8425156783014184804.reseed.smt2 - unsat - 0.03
gen/fast_fail_7ec2539ed7.filtered/base.z3/filter/f6e0cf32.17315803616378719096.rename.smt2 - unsat - 0.03
gen/fast_fail_7ec2539ed7.filtered/base.z3/filter/f6e0cf32.12124511530719177198.rename.smt2 - unsat - 0.03
gen/fast_fail_7ec2539ed7.filtered/base.z3/filter/f6e0cf32.17575627284073949423.rename.smt2 - unsat - 0.03
data/projs/fast_fail_7ec2539ed7.filtered/base.z3/f6e0cf32.smt2 - unsat - 0.03
gen/fast_fail_7ec2539ed7.filtered/base.z3/filter/f6e0cf32.11829621432573539943.reseed.smt2 - unsat - 0.03
gen/fast_fail_7ec2539ed7.filtered/base.z3/filter/f6e0cf32.10856994989436380608.reseed.smt2 - unsat - 0.03
gen/fast_fail_7ec2539ed7.filtered/base.z3/filter/f6e0cf32.6719480950431824835.shuffle.smt2 - unsat - 0.03

Failed Mutants (2):
gen/fast_fail_7ec2539ed7.filtered/base.z3/filter/f6e0cf32.6984602478635613820.shuffle.smt2 - unknown - 0.02
gen/fast_fail_7ec2539ed7.filtered/base.z3/filter/f6e0cf32.13289668405768100.shuffle.smt2 - unknown - 0.02
[92m[INFO] removed 7 queries, 0 remaining [0m
Carved out unstable queries
Ran early-stop stability checks until a stable fix was found
Checking candidates by increasing vanilla verification time
Got list of fixes
No fixes were found :(

=== Caza external-call time (wall clock) ===
    0.19s  initial stability check
    0.08s  build debugger trace and proof
    0.27s  finding fixes
    0.14s  verify candidates
    0.01s  filter broken candidates
    1.35s  filter candidates experiment
    0.88s  carve unstable candidates
    2.92s  total

================================================================================
[26/73] Caza query finished 2026-08-25T16:00:17
exit status: 0
================================================================================

================================================================================
[27/73] Caza query started 2026-08-25T16:00:17
query: /home/youjia/mariposa/data/verita_bad/page-table__definitions_ulib_definitions_u.impl_%3.lemma_entry_sizes_aligned._02.smt2
command: /usr/bin/python3 -u /home/youjia/mariposa/src/caza_wizard.py --set-seed 0x87654321 --early --fast-proof --sort time /home/youjia/mariposa/data/verita_bad/page-table__definitions_ulib_definitions_u.impl_%3.lemma_entry_sizes_aligned._02.smt2
================================================================================
Parsing...
Checking whether the input query is already stable
[92m[INFO] using 60s solver timeout (capped by analyzer 60sec) [0m
[94m[DEBUG] created table single_9c218a4be2_base_z3_z3_4_16_0_exp [0m
[92m[INFO] running 1 original queries [0m
[94m[DEBUG] running ALL of single_9c218a4be2.base.z3 [0m
[94m[DEBUG] adding 181 tasks [0m
[94m[DEBUG] finished: 1/181, elapsed: 0.02 hours, estimated: 08-25 19:37 [0m
[92m[INFO] criteria: vanilla=timeout@60.000s; groups: shuffle=[timeout@60.000s, timeout@60.000s, timeout@60.000s] (57 mutant result(s) pending); rename=[] (60 mutant result(s) pending); reseed=[] (60 mutant result(s) pending); possible final categories=[unsolvable, unstable] [0m
[92m[INFO] early decision: gen/sproj_single_9c218a4be2/page-table__definitions_ulib_definitions_u.impl_%3.lemma_entry_sizes_aligned._02.smt2 -> not_stable; skipping 171 queued tasks [0m
[94m[DEBUG] finished: 8/10, elapsed: 0.03 hours, estimated: 08-25 16:02 [0m
=== stable (0) ===
Starting Cazamariposas
[92m[INFO] [init] loaded cached artifacts: traces=5, cores=0, proofs=0 [0m
[92m[INFO] [init] cached-proofs-only: skipping trace, core, and proof construction [0m
[92m[INFO] [init] dbg root: dbg/9c218a4be2/ [0m
[93m[WARN] [proof] no proofs available [0m
[92m[INFO] [init] 9c218a4be2 auto selected DbgMode.TIMEOUT [0m
ERROR:root::( could not get any mutant to produce a proof object

=== Caza external-call time (wall clock) ===
  120.12s  initial stability check
    0.00s  build debugger trace and proof
  120.12s  total

================================================================================
[27/73] Caza query finished 2026-08-25T16:02:18
exit status: 0
================================================================================

================================================================================
[28/73] Caza query started 2026-08-25T16:02:18
query: /home/youjia/mariposa/data/verita_bad/page-table__impl_u__l2_impl__PT__map_frame_aux.smt2
command: /usr/bin/python3 -u /home/youjia/mariposa/src/caza_wizard.py --set-seed 0x87654321 --early --fast-proof --sort time /home/youjia/mariposa/data/verita_bad/page-table__impl_u__l2_impl__PT__map_frame_aux.smt2
================================================================================
Parsing...
Checking whether the input query is already stable
[92m[INFO] using 60s solver timeout (capped by analyzer 60sec) [0m
[94m[DEBUG] created table single_0aacfd2496_base_z3_z3_4_16_0_exp [0m
[92m[INFO] running 1 original queries [0m
[94m[DEBUG] running ALL of single_0aacfd2496.base.z3 [0m
[94m[DEBUG] adding 181 tasks [0m
[94m[DEBUG] finished: 1/181, elapsed: 0.02 hours, estimated: 08-25 19:39 [0m
[92m[INFO] criteria: vanilla=timeout@60.000s; groups: shuffle=[timeout@60.000s, timeout@60.000s, timeout@60.000s] (57 mutant result(s) pending); rename=[] (60 mutant result(s) pending); reseed=[] (60 mutant result(s) pending); possible final categories=[unsolvable, unstable] [0m
[92m[INFO] early decision: gen/sproj_single_0aacfd2496/page-table__impl_u__l2_impl__PT__map_frame_aux.smt2 -> not_stable; skipping 171 queued tasks [0m
[94m[DEBUG] finished: 8/10, elapsed: 0.03 hours, estimated: 08-25 16:04 [0m
=== stable (0) ===
Starting Cazamariposas
[92m[INFO] [init] loaded cached artifacts: traces=5, cores=0, proofs=0 [0m
[92m[INFO] [init] cached-proofs-only: skipping trace, core, and proof construction [0m
[92m[INFO] [init] dbg root: dbg/0aacfd2496/ [0m
[93m[WARN] [proof] no proofs available [0m
[92m[INFO] [init] 0aacfd2496 auto selected DbgMode.TIMEOUT [0m
ERROR:root::( could not get any mutant to produce a proof object

=== Caza external-call time (wall clock) ===
  120.21s  initial stability check
    0.00s  build debugger trace and proof
  120.21s  total

================================================================================
[28/73] Caza query finished 2026-08-25T16:04:19
exit status: 0
================================================================================

================================================================================
[29/73] Caza query started 2026-08-25T16:04:19
query: /home/youjia/mariposa/data/verita_bad/page-table__impl_u__os_refinement.31.smt2
command: /usr/bin/python3 -u /home/youjia/mariposa/src/caza_wizard.py --set-seed 0x87654321 --early --fast-proof --sort time /home/youjia/mariposa/data/verita_bad/page-table__impl_u__os_refinement.31.smt2
================================================================================
Parsing...
Checking whether the input query is already stable
[92m[INFO] removing gen/sproj_single_046942264c [0m
[92m[INFO] using 60s solver timeout (capped by analyzer 60sec) [0m
[94m[DEBUG] created table single_046942264c_base_z3_z3_4_16_0_exp [0m
[92m[INFO] running 1 original queries [0m
[94m[DEBUG] running ALL of single_046942264c.base.z3 [0m
[94m[DEBUG] adding 181 tasks [0m
[94m[DEBUG] finished: 14/181, elapsed: 0.0 hours, estimated: 08-25 16:04 [0m
[94m[DEBUG] finished: 31/181, elapsed: 0.01 hours, estimated: 08-25 16:07 [0m
[94m[DEBUG] finished: 48/181, elapsed: 0.01 hours, estimated: 08-25 16:06 [0m
[94m[DEBUG] finished: 63/181, elapsed: 0.01 hours, estimated: 08-25 16:06 [0m
[94m[DEBUG] finished: 87/181, elapsed: 0.01 hours, estimated: 08-25 16:05 [0m
[94m[DEBUG] finished: 111/181, elapsed: 0.02 hours, estimated: 08-25 16:05 [0m
[94m[DEBUG] finished: 138/181, elapsed: 0.02 hours, estimated: 08-25 16:06 [0m
[94m[DEBUG] finished: 166/181, elapsed: 0.02 hours, estimated: 08-25 16:05 [0m
=== stable (1) ===
query path: gen/sproj_single_046942264c/page-table__impl_u__os_refinement.31.smt2
Input query is already stable; skipping Caza debugging

=== Caza external-call time (wall clock) ===
   88.32s  initial stability check
   88.32s  total

================================================================================
[29/73] Caza query finished 2026-08-25T16:05:47
exit status: 0
================================================================================

================================================================================
[30/73] Caza query started 2026-08-25T16:05:47
query: /home/youjia/mariposa/data/verita_bad/page-table__impl_u__os_refinement__next_step_refines_hl_next_step.smt2
command: /usr/bin/python3 -u /home/youjia/mariposa/src/caza_wizard.py --set-seed 0x87654321 --early --fast-proof --sort time /home/youjia/mariposa/data/verita_bad/page-table__impl_u__os_refinement__next_step_refines_hl_next_step.smt2
================================================================================
Parsing...
Checking whether the input query is already stable
[92m[INFO] removing gen/sproj_single_b6948c3cd7 [0m
[92m[INFO] using 60s solver timeout (capped by analyzer 60sec) [0m
[94m[DEBUG] created table single_b6948c3cd7_base_z3_z3_4_16_0_exp [0m
[92m[INFO] running 1 original queries [0m
[94m[DEBUG] running ALL of single_b6948c3cd7.base.z3 [0m
[94m[DEBUG] adding 181 tasks [0m
[94m[DEBUG] finished: 1/181, elapsed: 0.02 hours, estimated: 08-25 19:42 [0m
[92m[INFO] criteria: vanilla=timeout@60.000s; groups: shuffle=[timeout@60.000s, timeout@60.000s, timeout@60.000s] (57 mutant result(s) pending); rename=[] (60 mutant result(s) pending); reseed=[] (60 mutant result(s) pending); possible final categories=[unsolvable, unstable] [0m
[92m[INFO] early decision: gen/sproj_single_b6948c3cd7/page-table__impl_u__os_refinement__next_step_refines_hl_next_step.smt2 -> not_stable; skipping 171 queued tasks [0m
[94m[DEBUG] finished: 8/10, elapsed: 0.03 hours, estimated: 08-25 16:08 [0m
=== stable (0) ===
Starting Cazamariposas
[92m[INFO] [init] loaded cached artifacts: traces=5, cores=2, proofs=0 [0m
[92m[INFO] [init] cached-proofs-only: skipping trace, core, and proof construction [0m
[92m[INFO] [init] dbg root: dbg/b6948c3cd7/ [0m
[93m[WARN] [proof] no proofs available [0m
[92m[INFO] [init] b6948c3cd7 auto selected DbgMode.TIMEOUT [0m
ERROR:root::( could not get any mutant to produce a proof object

=== Caza external-call time (wall clock) ===
  120.26s  initial stability check
    0.00s  build debugger trace and proof
  120.26s  total

================================================================================
[30/73] Caza query finished 2026-08-25T16:07:48
exit status: 0
================================================================================

================================================================================
[31/73] Caza query started 2026-08-25T16:07:48
query: /home/youjia/mariposa/data/verita_bad/page-table__impl_u__wrapped_token__impl_%1__lemma_interps_match_aux1.smt2
command: /usr/bin/python3 -u /home/youjia/mariposa/src/caza_wizard.py --set-seed 0x87654321 --early --fast-proof --sort time /home/youjia/mariposa/data/verita_bad/page-table__impl_u__wrapped_token__impl_%1__lemma_interps_match_aux1.smt2
================================================================================
Parsing...
Checking whether the input query is already stable
[92m[INFO] removing gen/sproj_single_4c4ea14014 [0m
[92m[INFO] using 60s solver timeout (capped by analyzer 60sec) [0m
[94m[DEBUG] created table single_4c4ea14014_base_z3_z3_4_16_0_exp [0m
[92m[INFO] running 1 original queries [0m
[94m[DEBUG] running ALL of single_4c4ea14014.base.z3 [0m
[94m[DEBUG] adding 181 tasks [0m
[92m[INFO] criteria: vanilla=pending; groups: shuffle=[unknown@0.562s, unknown@0.566s, unknown@0.572s, unknown@0.635s] (56 mutant result(s) pending); rename=[] (60 mutant result(s) pending); reseed=[] (60 mutant result(s) pending); possible final categories=[unsolvable, unstable] [0m
[92m[INFO] early decision: gen/sproj_single_4c4ea14014/page-table__impl_u__wrapped_token__impl_%1__lemma_interps_match_aux1.smt2 -> not_stable; skipping 171 queued tasks [0m
[94m[DEBUG] finished: 10/10, elapsed: 0.0 hours, estimated: 08-25 16:08 [0m
=== stable (0) ===
Starting Cazamariposas
[92m[INFO] [init] loaded cached artifacts: traces=5, cores=2, proofs=2 [0m
[92m[INFO] [init] cached-proofs-only: skipping trace, core, and proof construction [0m
[92m[INFO] [init] dbg root: dbg/4c4ea14014/ [0m
[92m[INFO] [init] 4c4ea14014 auto selected DbgMode.TIMEOUT [0m
Found failure trace and proof object
[92m[INFO] [graph] found dbg/4c4ea14014/graphs/reseed.14133853472351839148.txt [0m
[92m[INFO] [stats] found dbg/4c4ea14014/stats/reseed.14133853472351839148.txt [0m
[94m[DEBUG] [edit] proof path: dbg/4c4ea14014/proofs/rename.191134073603777486.proof [0m
[94m[DEBUG] [edit] trace path: dbg/4c4ea14014/traces/reseed.14133853472351839148 [0m
0f393fb148c398331ec759b12d025e0a.pickle
[93m[WARN] [differ] qid unknown_82 not found in dbg/4c4ea14014/orig.smt2 [0m
[93m[WARN] [differ] qid constructor_accessor_axiom not found in dbg/4c4ea14014/orig.smt2 [0m
[93m[WARN] [differ] qid <null> not found in dbg/4c4ea14014/orig.smt2 [0m
[93m[WARN] [differ] qid mariposa_qid_24 not found in dbg/4c4ea14014/orig.smt2 [0m
[93m[WARN] [differ] qid mariposa_qid_30 not found in dbg/4c4ea14014/orig.smt2 [0m
[93m[WARN] [differ] qid mariposa_qid_28 not found in dbg/4c4ea14014/orig.smt2 [0m
[93m[WARN] [differ] qid mariposa_qid_26 not found in dbg/4c4ea14014/orig.smt2 [0m
[93m[WARN] [differ] qid internal_proj__vstd!view.View./V_assoc_type_impl_false_definition not found in dbg/4c4ea14014/orig.smt2 [0m
[93m[WARN] [differ] qid mariposa_qid_23 not found in dbg/4c4ea14014/orig.smt2 [0m
[93m[WARN] [differ] qid mariposa_qid_29 not found in dbg/4c4ea14014/orig.smt2 [0m
[93m[WARN] [differ] qid mariposa_qid_27 not found in dbg/4c4ea14014/orig.smt2 [0m
[93m[WARN] [differ] qid internal_vstd!view.View.view.?_definition not found in dbg/4c4ea14014/orig.smt2 [0m
[93m[WARN] [differ] qid mariposa_qid_31 not found in dbg/4c4ea14014/orig.smt2 [0m
[93m[WARN] [differ] qid mariposa_qid_25 not found in dbg/4c4ea14014/orig.smt2 [0m
[93m[WARN] [differ] qid mariposa_qid_43 not found in dbg/4c4ea14014/orig.smt2 [0m
[92m[INFO] [edit] [inst] internal_lib!impl_u.l1.impl&__2.interp_of_entry.?_definition 7 instances [0m
[92m[INFO] [edit] [erase] internal_lib!impl_u.l1.impl&__2.interp_of_entry.?_definition [0m
[92m[INFO] [edit] written to data/projs/timeout_4c4ea14014/base.z3/6f8596bc.smt2 [0m
[92m[INFO] [edit] [inst] internal_lib!impl_u.l1.impl&__2.interp_of_entry._fuel_to_body_definition 7 instances [0m
[92m[INFO] [edit] [erase] internal_lib!impl_u.l1.impl&__2.interp_of_entry._fuel_to_body_definition [0m
[92m[INFO] [edit] written to data/projs/timeout_4c4ea14014/base.z3/8f7f133c.smt2 [0m
[92m[INFO] [edit] [inst] internal_lib!impl_u.l1.impl&__2.entry_base.?_definition 10 instances [0m
[92m[INFO] [edit] [erase] internal_lib!impl_u.l1.impl&__2.entry_base.?_definition [0m
[92m[INFO] [edit] written to data/projs/timeout_4c4ea14014/base.z3/d7f3da74.smt2 [0m
[92m[INFO] [edit] [inst] internal_vstd!iset_lib.impl&__0.map.?_definition 1 instances [0m
[92m[INFO] [edit] [erase] internal_vstd!iset_lib.impl&__0.map.?_definition [0m
[92m[INFO] [edit] written to data/projs/timeout_4c4ea14014/base.z3/79a8cf4f.smt2 [0m
[92m[INFO] [edit] [inst] internal_lib!impl_u.l2_impl.PT.interp_at_entry._fuel_to_body_definition 8 instances [0m
[92m[INFO] [edit] [erase] internal_lib!impl_u.l2_impl.PT.interp_at_entry._fuel_to_body_definition [0m
[92m[INFO] [edit] written to data/projs/timeout_4c4ea14014/base.z3/36c0dcd2.smt2 [0m
[92m[INFO] [edit] [inst] internal_lib!impl_u.l2_impl.PT.interp.?_definition 1 instances [0m
[92m[INFO] [edit] [erase] internal_lib!impl_u.l2_impl.PT.interp.?_definition [0m
[92m[INFO] [edit] written to data/projs/timeout_4c4ea14014/base.z3/5cf64fbe.smt2 [0m
[92m[INFO] [edit] [inst] internal_lib!impl_u.l2_impl.PT.interp_at.?_definition 5 instances [0m
[92m[INFO] [edit] [erase] internal_lib!impl_u.l2_impl.PT.interp_at.?_definition [0m
[92m[INFO] [edit] written to data/projs/timeout_4c4ea14014/base.z3/2a02fc58.smt2 [0m
[92m[INFO] [edit] [erase] internal_lib!spec_t.mmu.translation.GPDE./Directory/addr_accessor_definition [0m
[92m[INFO] [edit] written to data/projs/timeout_4c4ea14014/base.z3/5326c540.smt2 [0m
[92m[INFO] [edit] [inst] internal_lib!spec_t.mmu.pt_mem.impl&__0.is_base_pt_walk.?_definition 1 instances [0m
[92m[INFO] [edit] [erase] internal_lib!spec_t.mmu.pt_mem.impl&__0.is_base_pt_walk.?_definition [0m
[92m[INFO] [edit] written to data/projs/timeout_4c4ea14014/base.z3/d30ac7af.smt2 [0m
[92m[INFO] [edit] [erase] internal_lib!impl_u.l2_impl.PT.interp_at_aux._fuel_to_body_definition [0m
[92m[INFO] [edit] written to data/projs/timeout_4c4ea14014/base.z3/4939bfff.smt2 [0m
Produced candidate smt2 files
[94m[DEBUG] created table timeout_4c4ea14014_base_z3_z3_4_16_0_exp [0m
[92m[INFO] running 10 original queries [0m
[94m[DEBUG] running ALL of timeout_4c4ea14014.base.z3 [0m
[94m[DEBUG] adding 10 tasks [0m
[92m[INFO] running 10 tasks [0m
[92m[INFO] there is 4 processors [0m
[94m[DEBUG] worker 3 finished in 23.44 seconds [0m
[94m[DEBUG] worker 1 finished in 30.52 seconds [0m
[94m[DEBUG] worker 2 finished in 60.02 seconds [0m
[94m[DEBUG] worker 0 finished in 72.9 seconds [0m
[92m[INFO] workers finished [0m
[92m[INFO] done post processing exp data [0m
verify candidate d30ac7af: 8.828s; rank=9; p=3; t=8.828
verify candidate 5cf64fbe: 11.378s; rank=6; p=4; t=11.378
verify candidate 5326c540: 12.859s; rank=8; p=3; t=12.859
verify candidate 79a8cf4f: 12.942s; rank=4; p=4; t=12.942
selected 4 verified candidates to data/projs/timeout_4c4ea14014.filtered/base.z3 with 46.007s vanilla verification budget
[92m[INFO] running 4 original queries [0m
[92m[INFO] running 40 tasks [0m
[92m[INFO] there is 7 processors [0m
[94m[DEBUG] created table timeout_4c4ea14014_filtered_base_z3_z3_4_16_0_exp [0m
[94m[DEBUG] running ALL of timeout_4c4ea14014.filtered.base.z3 [0m
[94m[DEBUG] adding 40 tasks [0m
[94m[DEBUG] worker 0 finished in 53.84 seconds [0m
[94m[DEBUG] worker 4 finished in 59.41 seconds [0m
[94m[DEBUG] worker 5 finished in 61.11 seconds [0m
[94m[DEBUG] worker 1 finished in 62.09 seconds [0m
[94m[DEBUG] worker 6 finished in 63.0 seconds [0m
[94m[DEBUG] worker 2 finished in 64.89 seconds [0m
[94m[DEBUG] worker 3 finished in 77.66 seconds [0m
[92m[INFO] workers finished [0m
[92m[INFO] done post processing exp data [0m
=== Overall Report ===

project dir:	data/projs/timeout_4c4ea14014.filtered/base.z3
exper config:	filter
solver path:	bin/z3-4.16.0
analyzer:	default

| category   |   count | percentage   |
|------------|---------|--------------|
| unstable   |       4 | 100.0%       |
| total      |       4 | 100.00 %     |

=== Report End ===
Ran mariposa on filtered queries
[92m[INFO] carving out query 5326c540 [0m
Passed Mutants (7):
gen/timeout_4c4ea14014.filtered/base.z3/filter/5326c540.2528391290654765087.rename.smt2 - unsat - 15.57
gen/timeout_4c4ea14014.filtered/base.z3/filter/5326c540.12535779292812118622.reseed.smt2 - unsat - 15.42
data/projs/timeout_4c4ea14014.filtered/base.z3/5326c540.smt2 - unsat - 15.24
gen/timeout_4c4ea14014.filtered/base.z3/filter/5326c540.6596165875793855262.rename.smt2 - unsat - 15.13
gen/timeout_4c4ea14014.filtered/base.z3/filter/5326c540.17153897802263609874.reseed.smt2 - unsat - 15.46
gen/timeout_4c4ea14014.filtered/base.z3/filter/5326c540.1881339392248564408.reseed.smt2 - unsat - 12.08
gen/timeout_4c4ea14014.filtered/base.z3/filter/5326c540.6625050980032857440.rename.smt2 - unsat - 13.73

Failed Mutants (3):
gen/timeout_4c4ea14014.filtered/base.z3/filter/5326c540.13951920034414723321.shuffle.smt2 - unknown - 0.57
gen/timeout_4c4ea14014.filtered/base.z3/filter/5326c540.16316732595386454213.shuffle.smt2 - unknown - 0.59
gen/timeout_4c4ea14014.filtered/base.z3/filter/5326c540.162950305268346603.shuffle.smt2 - unknown - 0.59
[92m[INFO] carving out query 5cf64fbe [0m
Passed Mutants (7):
gen/timeout_4c4ea14014.filtered/base.z3/filter/5cf64fbe.6381548172037112863.rename.smt2 - unsat - 13.56
gen/timeout_4c4ea14014.filtered/base.z3/filter/5cf64fbe.9403261405631126927.reseed.smt2 - unsat - 13.62
gen/timeout_4c4ea14014.filtered/base.z3/filter/5cf64fbe.4824763139590571702.reseed.smt2 - unsat - 13.13
gen/timeout_4c4ea14014.filtered/base.z3/filter/5cf64fbe.17032771885304934941.rename.smt2 - unsat - 13.46
gen/timeout_4c4ea14014.filtered/base.z3/filter/5cf64fbe.4450156205247006114.reseed.smt2 - unsat - 12.97
gen/timeout_4c4ea14014.filtered/base.z3/filter/5cf64fbe.17230436126415176236.rename.smt2 - unsat - 13.76
data/projs/timeout_4c4ea14014.filtered/base.z3/5cf64fbe.smt2 - unsat - 13.27

Failed Mutants (3):
gen/timeout_4c4ea14014.filtered/base.z3/filter/5cf64fbe.14228383584358974957.shuffle.smt2 - unknown - 0.57
gen/timeout_4c4ea14014.filtered/base.z3/filter/5cf64fbe.7524326005557322596.shuffle.smt2 - unknown - 0.58
gen/timeout_4c4ea14014.filtered/base.z3/filter/5cf64fbe.2214509561059151671.shuffle.smt2 - unknown - 0.52
[92m[INFO] carving out query 79a8cf4f [0m
Passed Mutants (7):
gen/timeout_4c4ea14014.filtered/base.z3/filter/79a8cf4f.15798265320676246394.reseed.smt2 - unsat - 21.57
data/projs/timeout_4c4ea14014.filtered/base.z3/79a8cf4f.smt2 - unsat - 15.1
gen/timeout_4c4ea14014.filtered/base.z3/filter/79a8cf4f.7099448502263416825.rename.smt2 - unsat - 14.94
gen/timeout_4c4ea14014.filtered/base.z3/filter/79a8cf4f.11403162296326582812.rename.smt2 - unsat - 15.2
gen/timeout_4c4ea14014.filtered/base.z3/filter/79a8cf4f.4864824548260341899.rename.smt2 - unsat - 15.15
gen/timeout_4c4ea14014.filtered/base.z3/filter/79a8cf4f.16533811911747466001.reseed.smt2 - unsat - 21.35
gen/timeout_4c4ea14014.filtered/base.z3/filter/79a8cf4f.2176509197083906757.reseed.smt2 - unsat - 24.3

Failed Mutants (3):
gen/timeout_4c4ea14014.filtered/base.z3/filter/79a8cf4f.13029311140750955561.shuffle.smt2 - unknown - 1.13
gen/timeout_4c4ea14014.filtered/base.z3/filter/79a8cf4f.4472635486322412673.shuffle.smt2 - unknown - 1.31
gen/timeout_4c4ea14014.filtered/base.z3/filter/79a8cf4f.13750651197836258008.shuffle.smt2 - unknown - 1.23
[92m[INFO] carving out query d30ac7af [0m
Passed Mutants (7):
gen/timeout_4c4ea14014.filtered/base.z3/filter/d30ac7af.13904333935004764748.rename.smt2 - unsat - 11.23
gen/timeout_4c4ea14014.filtered/base.z3/filter/d30ac7af.5093190647844964906.reseed.smt2 - unsat - 21.67
gen/timeout_4c4ea14014.filtered/base.z3/filter/d30ac7af.10250017996600020532.rename.smt2 - unsat - 11.36
gen/timeout_4c4ea14014.filtered/base.z3/filter/d30ac7af.9760776188342271361.reseed.smt2 - unsat - 18.71
gen/timeout_4c4ea14014.filtered/base.z3/filter/d30ac7af.7740059690098952771.rename.smt2 - unsat - 11.72
gen/timeout_4c4ea14014.filtered/base.z3/filter/d30ac7af.10009462137337370763.reseed.smt2 - unsat - 18.09
data/projs/timeout_4c4ea14014.filtered/base.z3/d30ac7af.smt2 - unsat - 10.58

Failed Mutants (3):
gen/timeout_4c4ea14014.filtered/base.z3/filter/d30ac7af.11728182175069375672.shuffle.smt2 - unknown - 1.99
gen/timeout_4c4ea14014.filtered/base.z3/filter/d30ac7af.5344814491125501826.shuffle.smt2 - unknown - 1.47
gen/timeout_4c4ea14014.filtered/base.z3/filter/d30ac7af.14026766226286051919.shuffle.smt2 - unknown - 2.59
[92m[INFO] removed 4 queries, 0 remaining [0m
Carved out unstable queries
Ran early-stop stability checks until a stable fix was found
Checking candidates by increasing vanilla verification time
Got list of fixes
No fixes were found :(

=== Caza external-call time (wall clock) ===
   11.19s  initial stability check
    0.05s  build debugger trace and proof
    3.17s  finding fixes
   72.94s  verify candidates
    0.00s  filter broken candidates
   78.24s  filter candidates experiment
    0.87s  carve unstable candidates
  166.45s  total

================================================================================
[31/73] Caza query finished 2026-08-25T16:10:35
exit status: 0
================================================================================

================================================================================
[32/73] Caza query started 2026-08-25T16:10:35
query: /home/youjia/mariposa/data/verita_bad/page-table__impl_u__wrapped_token__impl_%1__lemma_interps_match_aux2.smt2
command: /usr/bin/python3 -u /home/youjia/mariposa/src/caza_wizard.py --set-seed 0x87654321 --early --fast-proof --sort time /home/youjia/mariposa/data/verita_bad/page-table__impl_u__wrapped_token__impl_%1__lemma_interps_match_aux2.smt2
================================================================================
Parsing...
Checking whether the input query is already stable
[92m[INFO] removing gen/sproj_single_db26a48fdb [0m
[92m[INFO] using 60s solver timeout (capped by analyzer 60sec) [0m
[94m[DEBUG] created table single_db26a48fdb_base_z3_z3_4_16_0_exp [0m
[92m[INFO] running 1 original queries [0m
[94m[DEBUG] running ALL of single_db26a48fdb.base.z3 [0m
[94m[DEBUG] adding 181 tasks [0m
[92m[INFO] criteria: vanilla=pending; groups: shuffle=[unknown@2.406s, unknown@2.596s, unknown@2.666s, unknown@2.677s] (56 mutant result(s) pending); rename=[] (60 mutant result(s) pending); reseed=[] (60 mutant result(s) pending); possible final categories=[unsolvable, unstable] [0m
[92m[INFO] early decision: gen/sproj_single_db26a48fdb/page-table__impl_u__wrapped_token__impl_%1__lemma_interps_match_aux2.smt2 -> not_stable; skipping 171 queued tasks [0m
=== stable (0) ===
Starting Cazamariposas
[92m[INFO] [init] loaded cached artifacts: traces=3, cores=2, proofs=2 [0m
[92m[INFO] [init] cached-proofs-only: skipping trace, core, and proof construction [0m
[92m[INFO] [init] dbg root: dbg/db26a48fdb/ [0m
[92m[INFO] [init] db26a48fdb auto selected DbgMode.FAST_FAIL [0m
Found failure trace and proof object
[94m[DEBUG] [edit] proof path: dbg/db26a48fdb/proofs/rename.191134073603777486.proof [0m
[94m[DEBUG] [edit] trace path: dbg/db26a48fdb/traces/shuffle.12420925493754069455 [0m
d3a780339bcdfff3ddff436e62c1e389.pickle
[93m[WARN] [differ] qid constructor_accessor_axiom not found in dbg/db26a48fdb/orig.smt2 [0m
[92m[INFO] [edit] [inst] prelude_unbox_box_int 83 instances [0m
[92m[INFO] [edit] written to data/projs/fast_fail_db26a48fdb/base.z3/7e1bcc27.smt2 [0m
[92m[INFO] [edit] [inst] prelude_fuel_defaults 64 instances [0m
[92m[INFO] [edit] [erase] prelude_fuel_defaults [0m
[92m[INFO] [edit] written to data/projs/fast_fail_db26a48fdb/base.z3/8ab12f96.smt2 [0m
[92m[INFO] [edit] [inst] prelude_u_clip 43 instances [0m
[92m[INFO] [edit] written to data/projs/fast_fail_db26a48fdb/base.z3/2184a143.smt2 [0m
[92m[INFO] [edit] [inst] prelude_unbox_box_bool 36 instances [0m
[92m[INFO] [edit] [erase] prelude_unbox_box_bool [0m
[92m[INFO] [edit] written to data/projs/fast_fail_db26a48fdb/base.z3/bbfbdc60.smt2 [0m
[92m[INFO] [edit] [inst] prelude_u_inv 22 instances [0m
[92m[INFO] [edit] written to data/projs/fast_fail_db26a48fdb/base.z3/6babc434.smt2 [0m
[92m[INFO] [edit] [inst] prelude_nat_clip 18 instances [0m
[92m[INFO] [edit] [erase] prelude_nat_clip [0m
[92m[INFO] [edit] written to data/projs/fast_fail_db26a48fdb/base.z3/0bbd00e5.smt2 [0m
[92m[INFO] [edit] [inst] user_vstd__seq__lemma_seq_new_index_3 17 instances [0m
[92m[INFO] [edit] [erase] user_vstd__seq__lemma_seq_new_index_3 [0m
[92m[INFO] [edit] written to data/projs/fast_fail_db26a48fdb/base.z3/72042c1f.smt2 [0m
[92m[INFO] [edit] [inst] mariposa_qid_1 13 instances [0m
[92m[INFO] [edit] written to data/projs/fast_fail_db26a48fdb/base.z3/6234b668.smt2 [0m
[92m[INFO] [edit] [inst] prelude_mul 16 instances [0m
[92m[INFO] [edit] [erase] prelude_mul [0m
[92m[INFO] [edit] written to data/projs/fast_fail_db26a48fdb/base.z3/f472d171.smt2 [0m
[92m[INFO] [edit] [inst] prelude_has_type_nat 15 instances [0m
[92m[INFO] [edit] [erase] prelude_has_type_nat [0m
[92m[INFO] [edit] written to data/projs/fast_fail_db26a48fdb/base.z3/310cc5cf.smt2 [0m
Produced candidate smt2 files
[94m[DEBUG] created table fast_fail_db26a48fdb_base_z3_z3_4_16_0_exp [0m
[92m[INFO] running 10 original queries [0m
[94m[DEBUG] running ALL of fast_fail_db26a48fdb.base.z3 [0m
[94m[DEBUG] adding 10 tasks [0m
[92m[INFO] running 10 tasks [0m
[92m[INFO] there is 4 processors [0m
[94m[DEBUG] worker 0 finished in 6.73 seconds [0m
[94m[DEBUG] worker 3 finished in 6.9 seconds [0m
[94m[DEBUG] worker 2 finished in 7.39 seconds [0m
[94m[DEBUG] worker 1 finished in 63.16 seconds [0m
[92m[INFO] workers finished [0m
[92m[INFO] done post processing exp data [0m
verify candidate 310cc5cf: 3.122s; rank=10; p=3; t=3.122
verify candidate 72042c1f: 3.127s; rank=7; p=4; t=3.127
verify candidate f472d171: 3.301s; rank=9; p=3; t=3.301
verify candidate 6234b668: 3.351s; rank=8; p=3; t=3.351
verify candidate bbfbdc60: 3.411s; rank=4; p=4; t=3.411
verify candidate 6babc434: 3.629s; rank=5; p=4; t=3.629
selected 6 verified candidates to data/projs/fast_fail_db26a48fdb.filtered/base.z3 with 19.941s vanilla verification budget
[92m[INFO] running 6 original queries [0m
[92m[INFO] running 60 tasks [0m
[92m[INFO] there is 7 processors [0m
[94m[DEBUG] created table fast_fail_db26a48fdb_filtered_base_z3_z3_4_16_0_exp [0m
[94m[DEBUG] running ALL of fast_fail_db26a48fdb.filtered.base.z3 [0m
[94m[DEBUG] adding 60 tasks [0m
[94m[DEBUG] worker 0 finished in 36.97 seconds [0m
[94m[DEBUG] worker 6 finished in 36.97 seconds [0m
[94m[DEBUG] worker 4 finished in 39.41 seconds [0m
[94m[DEBUG] worker 1 finished in 40.07 seconds [0m
[94m[DEBUG] worker 3 finished in 40.56 seconds [0m
[94m[DEBUG] worker 5 finished in 73.1 seconds [0m
[94m[DEBUG] worker 2 finished in 73.28 seconds [0m
[92m[INFO] workers finished [0m
[92m[INFO] done post processing exp data [0m
=== Overall Report ===

project dir:	data/projs/fast_fail_db26a48fdb.filtered/base.z3
exper config:	filter
solver path:	bin/z3-4.16.0
analyzer:	default

| category   |   count | percentage   |
|------------|---------|--------------|
| unstable   |       5 | 83.33%       |
| stable     |       1 | 16.67%       |
| total      |       6 | 100.00 %     |

=== Report End ===
Ran mariposa on filtered queries
[92m[INFO] carving out query 310cc5cf [0m
Passed Mutants (7):
gen/fast_fail_db26a48fdb.filtered/base.z3/filter/310cc5cf.16800856653350798436.reseed.smt2 - unsat - 3.52
gen/fast_fail_db26a48fdb.filtered/base.z3/filter/310cc5cf.4429930713825564135.rename.smt2 - unsat - 3.72
gen/fast_fail_db26a48fdb.filtered/base.z3/filter/310cc5cf.2354042680347415740.reseed.smt2 - unsat - 3.83
gen/fast_fail_db26a48fdb.filtered/base.z3/filter/310cc5cf.2226770020989151444.reseed.smt2 - unsat - 3.77
gen/fast_fail_db26a48fdb.filtered/base.z3/filter/310cc5cf.4558721669362362897.rename.smt2 - unsat - 3.77
gen/fast_fail_db26a48fdb.filtered/base.z3/filter/310cc5cf.4055075459896624777.rename.smt2 - unsat - 3.75
data/projs/fast_fail_db26a48fdb.filtered/base.z3/310cc5cf.smt2 - unsat - 3.28

Failed Mutants (3):
gen/fast_fail_db26a48fdb.filtered/base.z3/filter/310cc5cf.14956886136710458585.shuffle.smt2 - unknown - 1.96
gen/fast_fail_db26a48fdb.filtered/base.z3/filter/310cc5cf.9546513173355548839.shuffle.smt2 - unknown - 1.64
gen/fast_fail_db26a48fdb.filtered/base.z3/filter/310cc5cf.8646313373481661730.shuffle.smt2 - unknown - 2.46
[92m[INFO] carving out query 6234b668 [0m
Passed Mutants (9):
gen/fast_fail_db26a48fdb.filtered/base.z3/filter/6234b668.13695988842919197876.rename.smt2 - unsat - 3.97
gen/fast_fail_db26a48fdb.filtered/base.z3/filter/6234b668.18374912639270531394.rename.smt2 - unsat - 4.01
gen/fast_fail_db26a48fdb.filtered/base.z3/filter/6234b668.17813447731561036499.reseed.smt2 - unsat - 4.69
gen/fast_fail_db26a48fdb.filtered/base.z3/filter/6234b668.18332916778057001788.shuffle.smt2 - unsat - 5.05
gen/fast_fail_db26a48fdb.filtered/base.z3/filter/6234b668.15716708590324728535.shuffle.smt2 - unsat - 4.61
gen/fast_fail_db26a48fdb.filtered/base.z3/filter/6234b668.12209999139240066420.reseed.smt2 - unsat - 4.66
data/projs/fast_fail_db26a48fdb.filtered/base.z3/6234b668.smt2 - unsat - 3.99
gen/fast_fail_db26a48fdb.filtered/base.z3/filter/6234b668.16896911730390614813.reseed.smt2 - unsat - 4.6
gen/fast_fail_db26a48fdb.filtered/base.z3/filter/6234b668.13355681046122070155.rename.smt2 - unsat - 3.98

Failed Mutants (1):
gen/fast_fail_db26a48fdb.filtered/base.z3/filter/6234b668.5267644221000922658.shuffle.smt2 - unknown - 2.78
[92m[INFO] carving out query 6babc434 [0m
Passed Mutants (7):
gen/fast_fail_db26a48fdb.filtered/base.z3/filter/6babc434.17508019027033219701.rename.smt2 - unsat - 4.33
gen/fast_fail_db26a48fdb.filtered/base.z3/filter/6babc434.458478846816122440.rename.smt2 - unsat - 4.34
data/projs/fast_fail_db26a48fdb.filtered/base.z3/6babc434.smt2 - unsat - 4.42
gen/fast_fail_db26a48fdb.filtered/base.z3/filter/6babc434.11196226297675494173.reseed.smt2 - unsat - 3.33
gen/fast_fail_db26a48fdb.filtered/base.z3/filter/6babc434.14233281889460271015.reseed.smt2 - unsat - 3.35
gen/fast_fail_db26a48fdb.filtered/base.z3/filter/6babc434.11952056158291476210.rename.smt2 - unsat - 4.3
gen/fast_fail_db26a48fdb.filtered/base.z3/filter/6babc434.14771497766192359581.reseed.smt2 - unsat - 3.34

Failed Mutants (3):
gen/fast_fail_db26a48fdb.filtered/base.z3/filter/6babc434.14163780471466339275.shuffle.smt2 - unknown - 2.34
gen/fast_fail_db26a48fdb.filtered/base.z3/filter/6babc434.12345547625320384881.shuffle.smt2 - unknown - 4.2
gen/fast_fail_db26a48fdb.filtered/base.z3/filter/6babc434.1719938660622808065.shuffle.smt2 - unknown - 7.04
[92m[INFO] carving out query 72042c1f [0m
Passed Mutants (7):
gen/fast_fail_db26a48fdb.filtered/base.z3/filter/72042c1f.18107869247212030076.reseed.smt2 - unsat - 4.08
gen/fast_fail_db26a48fdb.filtered/base.z3/filter/72042c1f.12116187862439604545.rename.smt2 - unsat - 3.75
data/projs/fast_fail_db26a48fdb.filtered/base.z3/72042c1f.smt2 - unsat - 3.72
gen/fast_fail_db26a48fdb.filtered/base.z3/filter/72042c1f.15750362853817303130.rename.smt2 - unsat - 3.79
gen/fast_fail_db26a48fdb.filtered/base.z3/filter/72042c1f.680803614367889579.rename.smt2 - unsat - 3.72
gen/fast_fail_db26a48fdb.filtered/base.z3/filter/72042c1f.15284866556246567037.reseed.smt2 - unsat - 4.05
gen/fast_fail_db26a48fdb.filtered/base.z3/filter/72042c1f.4213076977539748549.reseed.smt2 - unsat - 3.52

Failed Mutants (3):
gen/fast_fail_db26a48fdb.filtered/base.z3/filter/72042c1f.602131126996462465.shuffle.smt2 - unknown - 8.85
gen/fast_fail_db26a48fdb.filtered/base.z3/filter/72042c1f.12826322283672873030.shuffle.smt2 - unknown - 6.76
gen/fast_fail_db26a48fdb.filtered/base.z3/filter/72042c1f.4091468089393250463.shuffle.smt2 - timeout - 60.01
[92m[INFO] carving out query bbfbdc60 [0m
Passed Mutants (7):
gen/fast_fail_db26a48fdb.filtered/base.z3/filter/bbfbdc60.4043758592242524975.rename.smt2 - unsat - 4.18
gen/fast_fail_db26a48fdb.filtered/base.z3/filter/bbfbdc60.15412096622065850274.reseed.smt2 - unsat - 3.72
gen/fast_fail_db26a48fdb.filtered/base.z3/filter/bbfbdc60.7984386574635237148.reseed.smt2 - unsat - 4.05
gen/fast_fail_db26a48fdb.filtered/base.z3/filter/bbfbdc60.16380052598433734363.rename.smt2 - unsat - 4.14
gen/fast_fail_db26a48fdb.filtered/base.z3/filter/bbfbdc60.16422599264973526791.reseed.smt2 - unsat - 3.72
gen/fast_fail_db26a48fdb.filtered/base.z3/filter/bbfbdc60.7526561467073269881.rename.smt2 - unsat - 4.13
data/projs/fast_fail_db26a48fdb.filtered/base.z3/bbfbdc60.smt2 - unsat - 4.22

Failed Mutants (3):
gen/fast_fail_db26a48fdb.filtered/base.z3/filter/bbfbdc60.1545444944442065761.shuffle.smt2 - unknown - 3.35
gen/fast_fail_db26a48fdb.filtered/base.z3/filter/bbfbdc60.11777359347810075414.shuffle.smt2 - unknown - 2.95
gen/fast_fail_db26a48fdb.filtered/base.z3/filter/bbfbdc60.900610799062457406.shuffle.smt2 - unknown - 46.28
[92m[INFO] removed 5 queries, 1 remaining [0m
Carved out unstable queries
Ran early-stop stability checks until a stable fix was found
Checking candidates by increasing vanilla verification time
Checking candidate 1/1 for stability: data/projs/fast_fail_db26a48fdb.filtered/base.z3/f472d171.smt2
[92m[INFO] removing gen/sproj_single_d33212ff16 [0m
[92m[INFO] using 60s solver timeout (capped by analyzer 60sec) [0m
[94m[DEBUG] created table single_d33212ff16_base_z3_z3_4_16_0_exp [0m
[92m[INFO] running 1 original queries [0m
[94m[DEBUG] running ALL of single_d33212ff16.base.z3 [0m
[94m[DEBUG] adding 181 tasks [0m
[94m[DEBUG] finished: 15/181, elapsed: 0.0 hours, estimated: 08-25 16:13 [0m
[94m[DEBUG] finished: 35/181, elapsed: 0.01 hours, estimated: 08-25 16:15 [0m
[94m[DEBUG] finished: 52/181, elapsed: 0.01 hours, estimated: 08-25 16:14 [0m
[94m[DEBUG] finished: 70/181, elapsed: 0.01 hours, estimated: 08-25 16:14 [0m
[94m[DEBUG] finished: 88/181, elapsed: 0.01 hours, estimated: 08-25 16:14 [0m
[94m[DEBUG] finished: 105/181, elapsed: 0.02 hours, estimated: 08-25 16:14 [0m
[94m[DEBUG] finished: 123/181, elapsed: 0.02 hours, estimated: 08-25 16:14 [0m
[94m[DEBUG] finished: 141/181, elapsed: 0.02 hours, estimated: 08-25 16:15 [0m
[94m[DEBUG] finished: 160/181, elapsed: 0.03 hours, estimated: 08-25 16:14 [0m
[94m[DEBUG] finished: 177/181, elapsed: 0.03 hours, estimated: 08-25 16:14 [0m
=== stable (1) ===
query path: gen/sproj_single_d33212ff16/f472d171.smt2
Found a stable fix; stopping further stability checks
Got list of fixes
Found 1 fix(es):
    f472d171: inst_replace prelude_mul -> data/projs/fast_fail_db26a48fdb/base.z3/f472d171.smt2

=== Caza external-call time (wall clock) ===
    5.16s  initial stability check
    0.05s  build debugger trace and proof
    2.03s  finding fixes
   63.20s  verify candidates
    0.00s  filter broken candidates
   73.88s  filter candidates experiment
    0.86s  carve unstable candidates
  105.76s  early stability check f472d171.smt2
  250.96s  total

================================================================================
[32/73] Caza query finished 2026-08-25T16:14:47
exit status: 0
================================================================================

================================================================================
[33/73] Caza query started 2026-08-25T16:14:47
query: /home/youjia/mariposa/data/verita_bad/page-table__impl_u__wrapped_token__impl_%3__deallocate.smt2
command: /usr/bin/python3 -u /home/youjia/mariposa/src/caza_wizard.py --set-seed 0x87654321 --early --fast-proof --sort time /home/youjia/mariposa/data/verita_bad/page-table__impl_u__wrapped_token__impl_%3__deallocate.smt2
================================================================================
Parsing...
Checking whether the input query is already stable
[92m[INFO] removing gen/sproj_single_895dd63d9d [0m
[92m[INFO] using 60s solver timeout (capped by analyzer 60sec) [0m
[94m[DEBUG] created table single_895dd63d9d_base_z3_z3_4_16_0_exp [0m
[92m[INFO] running 1 original queries [0m
[94m[DEBUG] running ALL of single_895dd63d9d.base.z3 [0m
[94m[DEBUG] adding 181 tasks [0m
[94m[DEBUG] finished: 1/181, elapsed: 0.0 hours, estimated: 08-25 16:14 [0m
[94m[DEBUG] finished: 2/181, elapsed: 0.01 hours, estimated: 08-25 17:09 [0m
[94m[DEBUG] finished: 4/181, elapsed: 0.01 hours, estimated: 08-25 16:41 [0m
[94m[DEBUG] finished: 6/181, elapsed: 0.02 hours, estimated: 08-25 16:50 [0m
[92m[INFO] criteria: vanilla=timeout@60.000s; groups: shuffle=[unsat@11.725s, unsat@12.137s, unsat@30.163s, unsat@40.009s, unsat@16.377s, unsat@24.018s, timeout@60.000s, timeout@60.000s, timeout@60.000s] (51 mutant result(s) pending); rename=[] (60 mutant result(s) pending); reseed=[] (60 mutant result(s) pending); possible final categories=[unsolvable, unstable] [0m
[92m[INFO] early decision: gen/sproj_single_895dd63d9d/page-table__impl_u__wrapped_token__impl_%3__deallocate.smt2 -> not_stable; skipping 165 queued tasks [0m
[94m[DEBUG] finished: 12/16, elapsed: 0.02 hours, estimated: 08-25 16:16 [0m
[94m[DEBUG] finished: 15/16, elapsed: 0.02 hours, estimated: 08-25 16:16 [0m
[94m[DEBUG] finished: 16/16, elapsed: 0.03 hours, estimated: 08-25 16:16 [0m
=== stable (0) ===
Starting Cazamariposas
[92m[INFO] [init] loaded cached artifacts: traces=5, cores=4, proofs=4 [0m
[92m[INFO] [init] cached-proofs-only: skipping trace, core, and proof construction [0m
[92m[INFO] [init] dbg root: dbg/895dd63d9d/ [0m
[92m[INFO] [init] 895dd63d9d auto selected DbgMode.TIMEOUT [0m
Found failure trace and proof object
[92m[INFO] [graph] found dbg/895dd63d9d/graphs/reseed.5937257372788757464.txt [0m
[92m[INFO] [stats] found dbg/895dd63d9d/stats/reseed.5937257372788757464.txt [0m
[94m[DEBUG] [edit] proof path: dbg/895dd63d9d/proofs/rename.191134073603777486.proof [0m
[94m[DEBUG] [edit] trace path: dbg/895dd63d9d/traces/reseed.5937257372788757464 [0m
286c7123ccb39ac89becceddd4bec69f.pickle
[93m[WARN] [differ] qid constructor_accessor_axiom not found in dbg/895dd63d9d/orig.smt2 [0m
[93m[WARN] [differ] qid <null> not found in dbg/895dd63d9d/orig.smt2 [0m
[92m[INFO] [edit] [inst] prelude_unbox_box_bool 4 instances [0m
[92m[INFO] [edit] written to data/projs/timeout_895dd63d9d/base.z3/4aa1acb7.smt2 [0m
[92m[INFO] [edit] [inst] prelude_unbox_box_int 14 instances [0m
[92m[INFO] [edit] written to data/projs/timeout_895dd63d9d/base.z3/7e1bcc27.smt2 [0m
[92m[INFO] [edit] [erase] internal_lib!spec_t.mmu.impl&__2.result.?_definition [0m
[92m[INFO] [edit] written to data/projs/timeout_895dd63d9d/base.z3/3373e441.smt2 [0m
[92m[INFO] [edit] [erase] internal_lib!spec_t.mmu.pt_mem.impl&__0.pt_walk.?_definition [0m
[92m[INFO] [edit] written to data/projs/timeout_895dd63d9d/base.z3/76bf6c9e.smt2 [0m
[92m[INFO] [edit] [erase] internal_lib!spec_t.mmu.translation.impl&__1.view.?_definition [0m
[92m[INFO] [edit] written to data/projs/timeout_895dd63d9d/base.z3/de5d8bf1.smt2 [0m
[92m[INFO] [edit] [erase] prelude_array_index_trigger [0m
[92m[INFO] [edit] written to data/projs/timeout_895dd63d9d/base.z3/209e04a1.smt2 [0m
[92m[INFO] [edit] [erase] mariposa_qid_1 [0m
[92m[INFO] [edit] written to data/projs/timeout_895dd63d9d/base.z3/5d48a5e7.smt2 [0m
[92m[INFO] [edit] [erase] internal_tuple__2./tuple__2/1_accessor_definition [0m
[92m[INFO] [edit] written to data/projs/timeout_895dd63d9d/base.z3/ba160b11.smt2 [0m
[92m[INFO] [edit] [erase] internal_lib!spec_t.mmu.translation.PDE./PDE/entry_accessor_definition [0m
[92m[INFO] [edit] written to data/projs/timeout_895dd63d9d/base.z3/ee67a6b1.smt2 [0m
[92m[INFO] [edit] [erase] internal_lib!spec_t.mmu.translation.PDE./PDE/layer_accessor_definition [0m
[92m[INFO] [edit] written to data/projs/timeout_895dd63d9d/base.z3/418ffe8c.smt2 [0m
Produced candidate smt2 files
[94m[DEBUG] created table timeout_895dd63d9d_base_z3_z3_4_16_0_exp [0m
[92m[INFO] running 10 original queries [0m
[94m[DEBUG] running ALL of timeout_895dd63d9d.base.z3 [0m
[94m[DEBUG] adding 10 tasks [0m
[92m[INFO] running 10 tasks [0m
[92m[INFO] there is 4 processors [0m
[94m[DEBUG] worker 3 finished in 92.32 seconds [0m
[94m[DEBUG] worker 0 finished in 103.58 seconds [0m
[94m[DEBUG] worker 1 finished in 110.74 seconds [0m
[94m[DEBUG] worker 2 finished in 138.43 seconds [0m
[92m[INFO] workers finished [0m
[92m[INFO] done post processing exp data [0m
verify candidate 76bf6c9e: 1.856s; rank=4; p=4; t=1.856
verify candidate 4aa1acb7: 16.509s; rank=1; p=8; t=16.509
verify candidate 5d48a5e7: 32.285s; rank=7; p=4; t=32.285
verify candidate de5d8bf1: 43.552s; rank=5; p=4; t=43.552
verify candidate 7e1bcc27: 50.709s; rank=2; p=6; t=50.709
selected 5 verified candidates to data/projs/timeout_895dd63d9d.filtered/base.z3 with 144.911s vanilla verification budget
[92m[INFO] running 5 original queries [0m
[92m[INFO] running 50 tasks [0m
[92m[INFO] there is 7 processors [0m
[94m[DEBUG] created table timeout_895dd63d9d_filtered_base_z3_z3_4_16_0_exp [0m
[94m[DEBUG] running ALL of timeout_895dd63d9d.filtered.base.z3 [0m
[94m[DEBUG] adding 50 tasks [0m
[94m[DEBUG] worker 5 finished in 226.48 seconds [0m
[94m[DEBUG] worker 4 finished in 232.91 seconds [0m
[94m[DEBUG] worker 0 finished in 237.94 seconds [0m
[94m[DEBUG] worker 2 finished in 238.77 seconds [0m
[94m[DEBUG] worker 6 finished in 242.08 seconds [0m
[94m[DEBUG] worker 3 finished in 250.65 seconds [0m
[94m[DEBUG] worker 1 finished in 286.34 seconds [0m
[92m[INFO] workers finished [0m
[92m[INFO] done post processing exp data [0m
=== Overall Report ===

project dir:	data/projs/timeout_895dd63d9d.filtered/base.z3
exper config:	filter
solver path:	bin/z3-4.16.0
analyzer:	default

| category   |   count | percentage   |
|------------|---------|--------------|
| unstable   |       5 | 100.0%       |
| total      |       5 | 100.00 %     |

=== Report End ===
Ran mariposa on filtered queries
[92m[INFO] carving out query 4aa1acb7 [0m
Passed Mutants (6):
gen/timeout_895dd63d9d.filtered/base.z3/filter/4aa1acb7.14215097306437106806.rename.smt2 - unsat - 18.98
gen/timeout_895dd63d9d.filtered/base.z3/filter/4aa1acb7.17660551274977905559.rename.smt2 - unsat - 18.93
gen/timeout_895dd63d9d.filtered/base.z3/filter/4aa1acb7.15740246210258842143.shuffle.smt2 - unsat - 28.77
gen/timeout_895dd63d9d.filtered/base.z3/filter/4aa1acb7.11866004904414368338.rename.smt2 - unsat - 19.46
data/projs/timeout_895dd63d9d.filtered/base.z3/4aa1acb7.smt2 - unsat - 20.09
gen/timeout_895dd63d9d.filtered/base.z3/filter/4aa1acb7.10662513140051476520.shuffle.smt2 - unsat - 36.41

Failed Mutants (4):
gen/timeout_895dd63d9d.filtered/base.z3/filter/4aa1acb7.14252193823142195346.reseed.smt2 - timeout - 60.01
gen/timeout_895dd63d9d.filtered/base.z3/filter/4aa1acb7.5206297059383931245.shuffle.smt2 - timeout - 60.02
gen/timeout_895dd63d9d.filtered/base.z3/filter/4aa1acb7.8632395220578847516.reseed.smt2 - timeout - 60.02
gen/timeout_895dd63d9d.filtered/base.z3/filter/4aa1acb7.16987016863583101446.reseed.smt2 - timeout - 60.02
[92m[INFO] carving out query 5d48a5e7 [0m
Passed Mutants (6):
gen/timeout_895dd63d9d.filtered/base.z3/filter/5d48a5e7.6430604607957236083.rename.smt2 - unsat - 37.96
gen/timeout_895dd63d9d.filtered/base.z3/filter/5d48a5e7.2088662189282794596.rename.smt2 - unsat - 38.42
gen/timeout_895dd63d9d.filtered/base.z3/filter/5d48a5e7.2945167522081401471.shuffle.smt2 - unsat - 8.46
gen/timeout_895dd63d9d.filtered/base.z3/filter/5d48a5e7.12866705353905356150.rename.smt2 - unsat - 38.39
gen/timeout_895dd63d9d.filtered/base.z3/filter/5d48a5e7.10493482172790852128.shuffle.smt2 - unsat - 32.38
data/projs/timeout_895dd63d9d.filtered/base.z3/5d48a5e7.smt2 - unsat - 39.62

Failed Mutants (4):
gen/timeout_895dd63d9d.filtered/base.z3/filter/5d48a5e7.16171063957241538816.reseed.smt2 - timeout - 60.01
gen/timeout_895dd63d9d.filtered/base.z3/filter/5d48a5e7.3317571848605959546.reseed.smt2 - timeout - 60.02
gen/timeout_895dd63d9d.filtered/base.z3/filter/5d48a5e7.12803449469797902797.shuffle.smt2 - timeout - 60.02
gen/timeout_895dd63d9d.filtered/base.z3/filter/5d48a5e7.8734279595728476069.reseed.smt2 - timeout - 60.02
[92m[INFO] carving out query 76bf6c9e [0m
Passed Mutants (9):
gen/timeout_895dd63d9d.filtered/base.z3/filter/76bf6c9e.10439046090227454184.shuffle.smt2 - unsat - 1.18
gen/timeout_895dd63d9d.filtered/base.z3/filter/76bf6c9e.3191567956386538704.reseed.smt2 - unsat - 5.92
gen/timeout_895dd63d9d.filtered/base.z3/filter/76bf6c9e.8784822989824476087.shuffle.smt2 - unsat - 1.09
gen/timeout_895dd63d9d.filtered/base.z3/filter/76bf6c9e.437887553888175138.rename.smt2 - unsat - 2.2
gen/timeout_895dd63d9d.filtered/base.z3/filter/76bf6c9e.9909515315059744497.rename.smt2 - unsat - 2.22
gen/timeout_895dd63d9d.filtered/base.z3/filter/76bf6c9e.196842450315023080.rename.smt2 - unsat - 2.24
gen/timeout_895dd63d9d.filtered/base.z3/filter/76bf6c9e.4674357850296271800.reseed.smt2 - unsat - 1.46
gen/timeout_895dd63d9d.filtered/base.z3/filter/76bf6c9e.4459819133991976071.shuffle.smt2 - unsat - 1.04
data/projs/timeout_895dd63d9d.filtered/base.z3/76bf6c9e.smt2 - unsat - 2.2

Failed Mutants (1):
gen/timeout_895dd63d9d.filtered/base.z3/filter/76bf6c9e.13709436842219200926.reseed.smt2 - timeout - 60.01
[92m[INFO] carving out query 7e1bcc27 [0m
Passed Mutants (2):
gen/timeout_895dd63d9d.filtered/base.z3/filter/7e1bcc27.8500524872403877978.shuffle.smt2 - unsat - 27.47
gen/timeout_895dd63d9d.filtered/base.z3/filter/7e1bcc27.15360530178794223072.shuffle.smt2 - unsat - 8.8

Failed Mutants (8):
gen/timeout_895dd63d9d.filtered/base.z3/filter/7e1bcc27.13907307200272469026.rename.smt2 - timeout - 60.01
gen/timeout_895dd63d9d.filtered/base.z3/filter/7e1bcc27.6650318798847424334.reseed.smt2 - timeout - 60.02
gen/timeout_895dd63d9d.filtered/base.z3/filter/7e1bcc27.14363692300831570965.rename.smt2 - timeout - 60.02
gen/timeout_895dd63d9d.filtered/base.z3/filter/7e1bcc27.4409443138894764411.reseed.smt2 - timeout - 60.02
gen/timeout_895dd63d9d.filtered/base.z3/filter/7e1bcc27.18434109283198836784.shuffle.smt2 - timeout - 60.02
gen/timeout_895dd63d9d.filtered/base.z3/filter/7e1bcc27.12125794861242895210.reseed.smt2 - timeout - 60.01
data/projs/timeout_895dd63d9d.filtered/base.z3/7e1bcc27.smt2 - timeout - 60.02
gen/timeout_895dd63d9d.filtered/base.z3/filter/7e1bcc27.3200856026854303567.rename.smt2 - timeout - 60.02
[92m[INFO] carving out query de5d8bf1 [0m
Passed Mutants (9):
gen/timeout_895dd63d9d.filtered/base.z3/filter/de5d8bf1.6901124124067343735.shuffle.smt2 - unsat - 11.43
gen/timeout_895dd63d9d.filtered/base.z3/filter/de5d8bf1.11142565130736714547.reseed.smt2 - unsat - 9.01
gen/timeout_895dd63d9d.filtered/base.z3/filter/de5d8bf1.1431412623425417600.shuffle.smt2 - unsat - 5.73
gen/timeout_895dd63d9d.filtered/base.z3/filter/de5d8bf1.14220062780339535531.rename.smt2 - unsat - 50.44
gen/timeout_895dd63d9d.filtered/base.z3/filter/de5d8bf1.16373493839545820788.rename.smt2 - unsat - 49.78
gen/timeout_895dd63d9d.filtered/base.z3/filter/de5d8bf1.6774593892773606343.shuffle.smt2 - unsat - 6.19
gen/timeout_895dd63d9d.filtered/base.z3/filter/de5d8bf1.16710710518385700419.rename.smt2 - unsat - 50.88
data/projs/timeout_895dd63d9d.filtered/base.z3/de5d8bf1.smt2 - unsat - 50.24
gen/timeout_895dd63d9d.filtered/base.z3/filter/de5d8bf1.4969621390946196399.reseed.smt2 - unsat - 4.39

Failed Mutants (1):
gen/timeout_895dd63d9d.filtered/base.z3/filter/de5d8bf1.8177240046966936842.reseed.smt2 - timeout - 60.01
[92m[INFO] removed 5 queries, 0 remaining [0m
Carved out unstable queries
Ran early-stop stability checks until a stable fix was found
Checking candidates by increasing vanilla verification time
Got list of fixes
No fixes were found :(

=== Caza external-call time (wall clock) ===
  100.25s  initial stability check
    0.05s  build debugger trace and proof
    3.81s  finding fixes
  138.49s  verify candidates
    0.00s  filter broken candidates
  286.96s  filter candidates experiment
    0.88s  carve unstable candidates
  530.43s  total

================================================================================
[33/73] Caza query finished 2026-08-25T16:23:38
exit status: 0
================================================================================

================================================================================
[34/73] Caza query started 2026-08-25T16:23:38
query: /home/youjia/mariposa/data/verita_bad/page-table__impl_u__wrapped_token__impl_%4__finish_protect_and_release_lock.smt2
command: /usr/bin/python3 -u /home/youjia/mariposa/src/caza_wizard.py --set-seed 0x87654321 --early --fast-proof --sort time /home/youjia/mariposa/data/verita_bad/page-table__impl_u__wrapped_token__impl_%4__finish_protect_and_release_lock.smt2
================================================================================
Parsing...
Checking whether the input query is already stable
[92m[INFO] removing gen/sproj_single_4aafc9c404 [0m
[92m[INFO] using 60s solver timeout (capped by analyzer 60sec) [0m
[94m[DEBUG] created table single_4aafc9c404_base_z3_z3_4_16_0_exp [0m
[92m[INFO] running 1 original queries [0m
[94m[DEBUG] running ALL of single_4aafc9c404.base.z3 [0m
[94m[DEBUG] adding 181 tasks [0m
[94m[DEBUG] finished: 1/181, elapsed: 0.01 hours, estimated: 08-25 18:11 [0m
[94m[DEBUG] finished: 2/181, elapsed: 0.02 hours, estimated: 08-25 18:12 [0m
[92m[INFO] criteria: vanilla=unsat@20.984s; groups: shuffle=[timeout@60.000s, timeout@60.000s, timeout@60.000s, timeout@60.000s] (56 mutant result(s) pending); rename=[] (60 mutant result(s) pending); reseed=[] (60 mutant result(s) pending); possible final categories=[unsolvable, unstable] [0m
[92m[INFO] early decision: gen/sproj_single_4aafc9c404/page-table__impl_u__wrapped_token__impl_%4__finish_protect_and_release_lock.smt2 -> not_stable; skipping 170 queued tasks [0m
[94m[DEBUG] finished: 8/11, elapsed: 0.02 hours, estimated: 08-25 16:25 [0m
[94m[DEBUG] finished: 9/11, elapsed: 0.03 hours, estimated: 08-25 16:26 [0m
=== stable (0) ===
Starting Cazamariposas
[92m[INFO] [init] loaded cached artifacts: traces=5, cores=2, proofs=2 [0m
[92m[INFO] [init] cached-proofs-only: skipping trace, core, and proof construction [0m
[92m[INFO] [init] dbg root: dbg/4aafc9c404/ [0m
[92m[INFO] [init] 4aafc9c404 auto selected DbgMode.TIMEOUT [0m
Found failure trace and proof object
[92m[INFO] [graph] found dbg/4aafc9c404/graphs/reseed.14133853472351839148.txt [0m
[92m[INFO] [stats] found dbg/4aafc9c404/stats/reseed.14133853472351839148.txt [0m
[94m[DEBUG] [edit] proof path: dbg/4aafc9c404/proofs/rename.191134073603777486.proof [0m
[94m[DEBUG] [edit] trace path: dbg/4aafc9c404/traces/reseed.14133853472351839148 [0m
7d77957b8912a14311c2c67ef7e188ed.pickle
[93m[WARN] [differ] qid constructor_accessor_axiom not found in dbg/4aafc9c404/orig.smt2 [0m
[93m[WARN] [differ] qid <null> not found in dbg/4aafc9c404/orig.smt2 [0m
[92m[INFO] [edit] [inst] prelude_unbox_box_int 19 instances [0m
[92m[INFO] [edit] written to data/projs/timeout_4aafc9c404/base.z3/7e1bcc27.smt2 [0m
[92m[INFO] [edit] [inst] prelude_unbox_box_bool 11 instances [0m
[92m[INFO] [edit] written to data/projs/timeout_4aafc9c404/base.z3/4aa1acb7.smt2 [0m
[92m[INFO] [edit] [inst] internal_lib!spec_t.mmu.rl3.refinement.to_rl1.impl&__0.view.?_definition 11 instances [0m
[92m[INFO] [edit] [erase] internal_lib!spec_t.mmu.rl3.refinement.to_rl1.impl&__0.view.?_definition [0m
[92m[INFO] [edit] written to data/projs/timeout_4aafc9c404/base.z3/69e1d824.smt2 [0m
[92m[INFO] [edit] [inst] internal_lib!spec_t.mmu.rl2.refinement.impl&__0.interp.?_definition 5 instances [0m
[92m[INFO] [edit] [erase] internal_lib!spec_t.mmu.rl2.refinement.impl&__0.interp.?_definition [0m
[92m[INFO] [edit] written to data/projs/timeout_4aafc9c404/base.z3/79a30a84.smt2 [0m
[92m[INFO] [edit] [erase] mariposa_qid_2 [0m
[92m[INFO] [edit] written to data/projs/timeout_4aafc9c404/base.z3/47ef3ca7.smt2 [0m
[92m[INFO] [edit] [erase] internal_lib!spec_t.mmu.rl2.impl&__1.core_mem.?_definition [0m
[92m[INFO] [edit] written to data/projs/timeout_4aafc9c404/base.z3/cbdb5da7.smt2 [0m
[92m[INFO] [edit] [erase] internal_lib!spec_t.mmu.pt_mem.impl&__0.write_seq.?_definition [0m
[92m[INFO] [edit] written to data/projs/timeout_4aafc9c404/base.z3/63140920.smt2 [0m
[92m[INFO] [edit] [erase] internal_vstd!seq_lib.impl&__0.fold_left.?_definition [0m
[92m[INFO] [edit] written to data/projs/timeout_4aafc9c404/base.z3/52a7a109.smt2 [0m
[92m[INFO] [edit] [inst] internal_lib__spec_t__mmu__pt_mem__PTMem_box_axiom_definition 4 instances [0m
[92m[INFO] [edit] [erase] internal_lib__spec_t__mmu__pt_mem__PTMem_box_axiom_definition [0m
[92m[INFO] [edit] written to data/projs/timeout_4aafc9c404/base.z3/04d51be2.smt2 [0m
[92m[INFO] [edit] [erase] internal_vstd!seq_lib.impl&__0.fold_left._fuel_to_zero_definition [0m
[92m[INFO] [edit] written to data/projs/timeout_4aafc9c404/base.z3/6bce3125.smt2 [0m
Produced candidate smt2 files
[94m[DEBUG] created table timeout_4aafc9c404_base_z3_z3_4_16_0_exp [0m
[92m[INFO] running 10 original queries [0m
[94m[DEBUG] running ALL of timeout_4aafc9c404.base.z3 [0m
[94m[DEBUG] adding 10 tasks [0m
[92m[INFO] running 10 tasks [0m
[92m[INFO] there is 4 processors [0m
[94m[DEBUG] worker 3 finished in 29.81 seconds [0m
[94m[DEBUG] worker 0 finished in 29.96 seconds [0m
[94m[DEBUG] worker 1 finished in 33.07 seconds [0m
[94m[DEBUG] worker 2 finished in 35.18 seconds [0m
[92m[INFO] workers finished [0m
[92m[INFO] done post processing exp data [0m
verify candidate 69e1d824: 10.261s; rank=3; p=5; t=10.261
verify candidate cbdb5da7: 10.733s; rank=6; p=4; t=10.733
verify candidate 63140920: 11.326s; rank=7; p=4; t=11.326
verify candidate 47ef3ca7: 11.451s; rank=5; p=4; t=11.451
verify candidate 52a7a109: 11.534s; rank=8; p=3; t=11.534
verify candidate 4aa1acb7: 11.812s; rank=2; p=6; t=11.812
verify candidate 79a30a84: 12.060s; rank=4; p=4; t=12.060
verify candidate 6bce3125: 12.388s; rank=10; p=3; t=12.388
verify candidate 04d51be2: 17.988s; rank=9; p=3; t=17.988
verify candidate 7e1bcc27: 18.418s; rank=1; p=8; t=18.418
selected 10 verified candidates to data/projs/timeout_4aafc9c404.filtered/base.z3 with 127.971s vanilla verification budget
[92m[INFO] running 10 original queries [0m
[92m[INFO] running 100 tasks [0m
[92m[INFO] there is 7 processors [0m
[94m[DEBUG] created table timeout_4aafc9c404_filtered_base_z3_z3_4_16_0_exp [0m
[94m[DEBUG] running ALL of timeout_4aafc9c404.filtered.base.z3 [0m
[94m[DEBUG] adding 100 tasks [0m
[94m[DEBUG] worker 4 finished in 392.49 seconds [0m
[94m[DEBUG] worker 1 finished in 393.43 seconds [0m
[94m[DEBUG] worker 5 finished in 393.53 seconds [0m
[94m[DEBUG] worker 3 finished in 393.72 seconds [0m
[94m[DEBUG] worker 0 finished in 397.03 seconds [0m
[94m[DEBUG] worker 2 finished in 404.34 seconds [0m
[94m[DEBUG] worker 6 finished in 407.03 seconds [0m
[92m[INFO] workers finished [0m
[92m[INFO] done post processing exp data [0m
=== Overall Report ===

project dir:	data/projs/timeout_4aafc9c404.filtered/base.z3
exper config:	filter
solver path:	bin/z3-4.16.0
analyzer:	default

| category   |   count | percentage   |
|------------|---------|--------------|
| unstable   |       9 | 90.0%        |
| stable     |       1 | 10.0%        |
| total      |      10 | 100.00 %     |

=== Report End ===
Ran mariposa on filtered queries
[92m[INFO] carving out query 04d51be2 [0m
Passed Mutants (7):
gen/timeout_4aafc9c404.filtered/base.z3/filter/04d51be2.16772462168449103327.reseed.smt2 - unsat - 20.77
gen/timeout_4aafc9c404.filtered/base.z3/filter/04d51be2.11321312674142980511.reseed.smt2 - unsat - 21.39
gen/timeout_4aafc9c404.filtered/base.z3/filter/04d51be2.9098245669085891945.rename.smt2 - unsat - 20.57
gen/timeout_4aafc9c404.filtered/base.z3/filter/04d51be2.25737764150581229.reseed.smt2 - unsat - 19.51
gen/timeout_4aafc9c404.filtered/base.z3/filter/04d51be2.7254695696428094676.rename.smt2 - unsat - 20.1
gen/timeout_4aafc9c404.filtered/base.z3/filter/04d51be2.2421627489398368619.rename.smt2 - unsat - 20.37
data/projs/timeout_4aafc9c404.filtered/base.z3/04d51be2.smt2 - unsat - 19.91

Failed Mutants (3):
gen/timeout_4aafc9c404.filtered/base.z3/filter/04d51be2.16148004880451337116.shuffle.smt2 - timeout - 60.03
gen/timeout_4aafc9c404.filtered/base.z3/filter/04d51be2.10828114048841466663.shuffle.smt2 - timeout - 60.02
gen/timeout_4aafc9c404.filtered/base.z3/filter/04d51be2.6633365913989047125.shuffle.smt2 - timeout - 60.02
[92m[INFO] carving out query 47ef3ca7 [0m
Passed Mutants (7):
data/projs/timeout_4aafc9c404.filtered/base.z3/47ef3ca7.smt2 - unsat - 14.3
gen/timeout_4aafc9c404.filtered/base.z3/filter/47ef3ca7.12939887006593443970.reseed.smt2 - unsat - 14.51
gen/timeout_4aafc9c404.filtered/base.z3/filter/47ef3ca7.7909854783411722000.reseed.smt2 - unsat - 13.12
gen/timeout_4aafc9c404.filtered/base.z3/filter/47ef3ca7.4117713337801814918.reseed.smt2 - unsat - 13.15
gen/timeout_4aafc9c404.filtered/base.z3/filter/47ef3ca7.730761794379369145.rename.smt2 - unsat - 13.39
gen/timeout_4aafc9c404.filtered/base.z3/filter/47ef3ca7.7630730377451864496.rename.smt2 - unsat - 13.33
gen/timeout_4aafc9c404.filtered/base.z3/filter/47ef3ca7.18303805098831456372.rename.smt2 - unsat - 13.02

Failed Mutants (3):
gen/timeout_4aafc9c404.filtered/base.z3/filter/47ef3ca7.15602894358050381904.shuffle.smt2 - timeout - 60.03
gen/timeout_4aafc9c404.filtered/base.z3/filter/47ef3ca7.16672891278992982040.shuffle.smt2 - timeout - 60.02
gen/timeout_4aafc9c404.filtered/base.z3/filter/47ef3ca7.13624689510985196496.shuffle.smt2 - timeout - 60.03
[92m[INFO] carving out query 4aa1acb7 [0m
Passed Mutants (7):
data/projs/timeout_4aafc9c404.filtered/base.z3/4aa1acb7.smt2 - unsat - 14.52
gen/timeout_4aafc9c404.filtered/base.z3/filter/4aa1acb7.2911102428366619711.reseed.smt2 - unsat - 14.52
gen/timeout_4aafc9c404.filtered/base.z3/filter/4aa1acb7.15605326098554809180.rename.smt2 - unsat - 14.75
gen/timeout_4aafc9c404.filtered/base.z3/filter/4aa1acb7.1259182663682802248.rename.smt2 - unsat - 14.62
gen/timeout_4aafc9c404.filtered/base.z3/filter/4aa1acb7.17022229201458175466.reseed.smt2 - unsat - 14.97
gen/timeout_4aafc9c404.filtered/base.z3/filter/4aa1acb7.2030792731613013533.rename.smt2 - unsat - 14.99
gen/timeout_4aafc9c404.filtered/base.z3/filter/4aa1acb7.7720029663084518798.reseed.smt2 - unsat - 15.79

Failed Mutants (3):
gen/timeout_4aafc9c404.filtered/base.z3/filter/4aa1acb7.11911120007805321944.shuffle.smt2 - timeout - 60.02
gen/timeout_4aafc9c404.filtered/base.z3/filter/4aa1acb7.17399317522765963338.shuffle.smt2 - timeout - 60.03
gen/timeout_4aafc9c404.filtered/base.z3/filter/4aa1acb7.13754749543909253451.shuffle.smt2 - timeout - 60.03
[92m[INFO] carving out query 52a7a109 [0m
Passed Mutants (7):
gen/timeout_4aafc9c404.filtered/base.z3/filter/52a7a109.16999984602666653669.rename.smt2 - unsat - 14.1
gen/timeout_4aafc9c404.filtered/base.z3/filter/52a7a109.16988160471243489815.rename.smt2 - unsat - 15.07
data/projs/timeout_4aafc9c404.filtered/base.z3/52a7a109.smt2 - unsat - 14.67
gen/timeout_4aafc9c404.filtered/base.z3/filter/52a7a109.17322075070614005044.rename.smt2 - unsat - 14.58
gen/timeout_4aafc9c404.filtered/base.z3/filter/52a7a109.18323420445033522783.reseed.smt2 - unsat - 12.74
gen/timeout_4aafc9c404.filtered/base.z3/filter/52a7a109.11187092375133628644.reseed.smt2 - unsat - 12.69
gen/timeout_4aafc9c404.filtered/base.z3/filter/52a7a109.11848759458590858730.reseed.smt2 - unsat - 12.77

Failed Mutants (3):
gen/timeout_4aafc9c404.filtered/base.z3/filter/52a7a109.2174800788609682975.shuffle.smt2 - timeout - 60.02
gen/timeout_4aafc9c404.filtered/base.z3/filter/52a7a109.12925280518225154359.shuffle.smt2 - timeout - 60.02
gen/timeout_4aafc9c404.filtered/base.z3/filter/52a7a109.9304924593512719661.shuffle.smt2 - timeout - 60.02
[92m[INFO] carving out query 63140920 [0m
Passed Mutants (7):
gen/timeout_4aafc9c404.filtered/base.z3/filter/63140920.624242000389606938.rename.smt2 - unsat - 13.82
gen/timeout_4aafc9c404.filtered/base.z3/filter/63140920.15879656619910121808.reseed.smt2 - unsat - 13.8
gen/timeout_4aafc9c404.filtered/base.z3/filter/63140920.4253495110247335453.reseed.smt2 - unsat - 14.33
data/projs/timeout_4aafc9c404.filtered/base.z3/63140920.smt2 - unsat - 14.1
gen/timeout_4aafc9c404.filtered/base.z3/filter/63140920.434351926803479921.rename.smt2 - unsat - 14.08
gen/timeout_4aafc9c404.filtered/base.z3/filter/63140920.6360422679792912995.reseed.smt2 - unsat - 12.93
gen/timeout_4aafc9c404.filtered/base.z3/filter/63140920.3276008699620648556.rename.smt2 - unsat - 12.89

Failed Mutants (3):
gen/timeout_4aafc9c404.filtered/base.z3/filter/63140920.7251460664522530426.shuffle.smt2 - timeout - 60.02
gen/timeout_4aafc9c404.filtered/base.z3/filter/63140920.16320347357232312565.shuffle.smt2 - timeout - 60.02
gen/timeout_4aafc9c404.filtered/base.z3/filter/63140920.12985788672599295553.shuffle.smt2 - timeout - 60.03
[92m[INFO] carving out query 69e1d824 [0m
Passed Mutants (7):
data/projs/timeout_4aafc9c404.filtered/base.z3/69e1d824.smt2 - unsat - 12.99
gen/timeout_4aafc9c404.filtered/base.z3/filter/69e1d824.14714124365869305345.reseed.smt2 - unsat - 12.71
gen/timeout_4aafc9c404.filtered/base.z3/filter/69e1d824.8845083788907186970.rename.smt2 - unsat - 13.02
gen/timeout_4aafc9c404.filtered/base.z3/filter/69e1d824.10366459885756451096.reseed.smt2 - unsat - 13.13
gen/timeout_4aafc9c404.filtered/base.z3/filter/69e1d824.10423900539062325063.rename.smt2 - unsat - 13.09
gen/timeout_4aafc9c404.filtered/base.z3/filter/69e1d824.2832825646416737796.reseed.smt2 - unsat - 11.36
gen/timeout_4aafc9c404.filtered/base.z3/filter/69e1d824.513502098861030970.rename.smt2 - unsat - 10.97

Failed Mutants (3):
gen/timeout_4aafc9c404.filtered/base.z3/filter/69e1d824.1404270175255385244.shuffle.smt2 - timeout - 60.03
gen/timeout_4aafc9c404.filtered/base.z3/filter/69e1d824.15942827557458029993.shuffle.smt2 - timeout - 60.03
gen/timeout_4aafc9c404.filtered/base.z3/filter/69e1d824.7029003296025131791.shuffle.smt2 - timeout - 60.03
[92m[INFO] carving out query 6bce3125 [0m
Passed Mutants (7):
gen/timeout_4aafc9c404.filtered/base.z3/filter/6bce3125.17919081054629181476.rename.smt2 - unsat - 17.31
data/projs/timeout_4aafc9c404.filtered/base.z3/6bce3125.smt2 - unsat - 17.07
gen/timeout_4aafc9c404.filtered/base.z3/filter/6bce3125.5815881555516957521.reseed.smt2 - unsat - 17.11
gen/timeout_4aafc9c404.filtered/base.z3/filter/6bce3125.4899240711247499331.rename.smt2 - unsat - 17.03
gen/timeout_4aafc9c404.filtered/base.z3/filter/6bce3125.11158915120064304651.rename.smt2 - unsat - 17.16
gen/timeout_4aafc9c404.filtered/base.z3/filter/6bce3125.4813495726243726850.reseed.smt2 - unsat - 14.83
gen/timeout_4aafc9c404.filtered/base.z3/filter/6bce3125.3382148692002472309.reseed.smt2 - unsat - 15.28

Failed Mutants (3):
gen/timeout_4aafc9c404.filtered/base.z3/filter/6bce3125.9780575654609387339.shuffle.smt2 - timeout - 60.02
gen/timeout_4aafc9c404.filtered/base.z3/filter/6bce3125.8769438233835787205.shuffle.smt2 - timeout - 60.03
gen/timeout_4aafc9c404.filtered/base.z3/filter/6bce3125.3670413286541069887.shuffle.smt2 - timeout - 60.02
[92m[INFO] carving out query 7e1bcc27 [0m
Passed Mutants (7):
gen/timeout_4aafc9c404.filtered/base.z3/filter/7e1bcc27.18170299586639684333.reseed.smt2 - unsat - 22.26
gen/timeout_4aafc9c404.filtered/base.z3/filter/7e1bcc27.15366953532842003429.rename.smt2 - unsat - 22.91
gen/timeout_4aafc9c404.filtered/base.z3/filter/7e1bcc27.2394297205332025582.rename.smt2 - unsat - 23.06
gen/timeout_4aafc9c404.filtered/base.z3/filter/7e1bcc27.6854328978887050139.rename.smt2 - unsat - 21.72
gen/timeout_4aafc9c404.filtered/base.z3/filter/7e1bcc27.11596250933342165175.reseed.smt2 - unsat - 20.35
gen/timeout_4aafc9c404.filtered/base.z3/filter/7e1bcc27.2678768252354859019.reseed.smt2 - unsat - 20.47
data/projs/timeout_4aafc9c404.filtered/base.z3/7e1bcc27.smt2 - unsat - 20.5

Failed Mutants (3):
gen/timeout_4aafc9c404.filtered/base.z3/filter/7e1bcc27.10822750349410303086.shuffle.smt2 - timeout - 60.02
gen/timeout_4aafc9c404.filtered/base.z3/filter/7e1bcc27.15197520885513790015.shuffle.smt2 - timeout - 60.03
gen/timeout_4aafc9c404.filtered/base.z3/filter/7e1bcc27.13927593235966034661.shuffle.smt2 - timeout - 60.03
[92m[INFO] carving out query cbdb5da7 [0m
Passed Mutants (7):
gen/timeout_4aafc9c404.filtered/base.z3/filter/cbdb5da7.3346607352101916948.reseed.smt2 - unsat - 14.33
gen/timeout_4aafc9c404.filtered/base.z3/filter/cbdb5da7.15293215407472322434.reseed.smt2 - unsat - 13.9
gen/timeout_4aafc9c404.filtered/base.z3/filter/cbdb5da7.10723765674806289205.rename.smt2 - unsat - 14.52
data/projs/timeout_4aafc9c404.filtered/base.z3/cbdb5da7.smt2 - unsat - 14.19
gen/timeout_4aafc9c404.filtered/base.z3/filter/cbdb5da7.12388217611719995871.reseed.smt2 - unsat - 12.76
gen/timeout_4aafc9c404.filtered/base.z3/filter/cbdb5da7.11757782495316958088.rename.smt2 - unsat - 12.79
gen/timeout_4aafc9c404.filtered/base.z3/filter/cbdb5da7.12972776666455768288.rename.smt2 - unsat - 13.03

Failed Mutants (3):
gen/timeout_4aafc9c404.filtered/base.z3/filter/cbdb5da7.4646537810662098928.shuffle.smt2 - timeout - 60.02
gen/timeout_4aafc9c404.filtered/base.z3/filter/cbdb5da7.4414503284342892372.shuffle.smt2 - timeout - 60.03
gen/timeout_4aafc9c404.filtered/base.z3/filter/cbdb5da7.3482176975634362217.shuffle.smt2 - timeout - 60.03
[92m[INFO] removed 9 queries, 1 remaining [0m
Carved out unstable queries
Ran early-stop stability checks until a stable fix was found
Checking candidates by increasing vanilla verification time
Checking candidate 1/1 for stability: data/projs/timeout_4aafc9c404.filtered/base.z3/79a30a84.smt2
[92m[INFO] removing gen/sproj_single_cf0ff149fd [0m
[92m[INFO] using 60s solver timeout (capped by analyzer 60sec) [0m
[94m[DEBUG] created table single_cf0ff149fd_base_z3_z3_4_16_0_exp [0m
[92m[INFO] running 1 original queries [0m
[94m[DEBUG] running ALL of single_cf0ff149fd.base.z3 [0m
[94m[DEBUG] adding 181 tasks [0m
[94m[DEBUG] finished: 1/181, elapsed: 0.0 hours, estimated: 08-25 16:33 [0m
[94m[DEBUG] finished: 3/181, elapsed: 0.01 hours, estimated: 08-25 17:08 [0m
[94m[DEBUG] finished: 5/181, elapsed: 0.01 hours, estimated: 08-25 16:54 [0m
[94m[DEBUG] finished: 9/181, elapsed: 0.01 hours, estimated: 08-25 16:45 [0m
[94m[DEBUG] finished: 12/181, elapsed: 0.02 hours, estimated: 08-25 16:51 [0m
[94m[DEBUG] finished: 16/181, elapsed: 0.02 hours, estimated: 08-25 16:47 [0m
[94m[DEBUG] finished: 19/181, elapsed: 0.03 hours, estimated: 08-25 16:50 [0m
[94m[DEBUG] finished: 22/181, elapsed: 0.03 hours, estimated: 08-25 16:48 [0m
[94m[DEBUG] finished: 26/181, elapsed: 0.04 hours, estimated: 08-25 16:49 [0m
[94m[DEBUG] finished: 29/181, elapsed: 0.04 hours, estimated: 08-25 16:48 [0m
[94m[DEBUG] finished: 33/181, elapsed: 0.04 hours, estimated: 08-25 16:46 [0m
[94m[DEBUG] finished: 35/181, elapsed: 0.05 hours, estimated: 08-25 16:48 [0m
[94m[DEBUG] finished: 38/181, elapsed: 0.05 hours, estimated: 08-25 16:47 [0m
[94m[DEBUG] finished: 41/181, elapsed: 0.05 hours, estimated: 08-25 16:46 [0m
[94m[DEBUG] finished: 43/181, elapsed: 0.06 hours, estimated: 08-25 16:47 [0m
[94m[DEBUG] finished: 48/181, elapsed: 0.06 hours, estimated: 08-25 16:47 [0m
[94m[DEBUG] finished: 53/181, elapsed: 0.07 hours, estimated: 08-25 16:47 [0m
[94m[DEBUG] finished: 55/181, elapsed: 0.07 hours, estimated: 08-25 16:46 [0m
[94m[DEBUG] finished: 58/181, elapsed: 0.07 hours, estimated: 08-25 16:46 [0m
[94m[DEBUG] finished: 62/181, elapsed: 0.08 hours, estimated: 08-25 16:46 [0m
[94m[DEBUG] finished: 69/181, elapsed: 0.08 hours, estimated: 08-25 16:45 [0m
[94m[DEBUG] finished: 76/181, elapsed: 0.08 hours, estimated: 08-25 16:44 [0m
[94m[DEBUG] finished: 83/181, elapsed: 0.09 hours, estimated: 08-25 16:44 [0m
[94m[DEBUG] finished: 90/181, elapsed: 0.09 hours, estimated: 08-25 16:44 [0m
[94m[DEBUG] finished: 97/181, elapsed: 0.09 hours, estimated: 08-25 16:43 [0m
[94m[DEBUG] finished: 104/181, elapsed: 0.1 hours, estimated: 08-25 16:43 [0m
[94m[DEBUG] finished: 111/181, elapsed: 0.1 hours, estimated: 08-25 16:42 [0m
[94m[DEBUG] finished: 118/181, elapsed: 0.11 hours, estimated: 08-25 16:43 [0m
[94m[DEBUG] finished: 125/181, elapsed: 0.11 hours, estimated: 08-25 16:42 [0m
[94m[DEBUG] finished: 132/181, elapsed: 0.11 hours, estimated: 08-25 16:42 [0m
[94m[DEBUG] finished: 139/181, elapsed: 0.12 hours, estimated: 08-25 16:42 [0m
[94m[DEBUG] finished: 146/181, elapsed: 0.12 hours, estimated: 08-25 16:42 [0m
[94m[DEBUG] finished: 152/181, elapsed: 0.12 hours, estimated: 08-25 16:41 [0m
[94m[DEBUG] finished: 158/181, elapsed: 0.12 hours, estimated: 08-25 16:41 [0m
[94m[DEBUG] finished: 165/181, elapsed: 0.13 hours, estimated: 08-25 16:41 [0m
[94m[DEBUG] finished: 172/181, elapsed: 0.13 hours, estimated: 08-25 16:41 [0m
[94m[DEBUG] finished: 179/181, elapsed: 0.13 hours, estimated: 08-25 16:41 [0m
=== stable (1) ===
query path: gen/sproj_single_cf0ff149fd/79a30a84.smt2
Found a stable fix; stopping further stability checks
Got list of fixes
Found 1 fix(es):
    79a30a84: inst_replace internal_lib!spec_t.mmu.rl2.refinement.impl&__0.interp.?_definition -> data/projs/timeout_4aafc9c404/base.z3/79a30a84.smt2

=== Caza external-call time (wall clock) ===
  120.27s  initial stability check
    0.07s  build debugger trace and proof
    5.39s  finding fixes
   35.24s  verify candidates
    0.01s  filter broken candidates
  407.66s  filter candidates experiment
    0.88s  carve unstable candidates
  487.13s  early stability check 79a30a84.smt2
 1056.65s  total

================================================================================
[34/73] Caza query finished 2026-08-25T16:41:15
exit status: 0
================================================================================

================================================================================
[35/73] Caza query started 2026-08-25T16:41:15
query: /home/youjia/mariposa/data/verita_bad/page-table__spec_t__mmu__rl2.16.smt2
command: /usr/bin/python3 -u /home/youjia/mariposa/src/caza_wizard.py --set-seed 0x87654321 --early --fast-proof --sort time /home/youjia/mariposa/data/verita_bad/page-table__spec_t__mmu__rl2.16.smt2
================================================================================
Parsing...
Checking whether the input query is already stable
[92m[INFO] removing gen/sproj_single_dfdcc6ab3a [0m
[92m[INFO] using 60s solver timeout (capped by analyzer 60sec) [0m
[94m[DEBUG] created table single_dfdcc6ab3a_base_z3_z3_4_16_0_exp [0m
[92m[INFO] running 1 original queries [0m
[94m[DEBUG] running ALL of single_dfdcc6ab3a.base.z3 [0m
[94m[DEBUG] adding 181 tasks [0m
[92m[INFO] criteria: vanilla=unsat@0.439s; groups: shuffle=[unsat@0.349s, unknown@0.380s, unknown@0.385s, unknown@0.395s, unsat@0.415s, unknown@0.382s] (54 mutant result(s) pending); rename=[] (60 mutant result(s) pending); reseed=[] (60 mutant result(s) pending); possible final categories=[unsolvable, unstable] [0m
[92m[INFO] early decision: gen/sproj_single_dfdcc6ab3a/page-table__spec_t__mmu__rl2.16.smt2 -> not_stable; skipping 168 queued tasks [0m
=== stable (0) ===
Starting Cazamariposas
[92m[INFO] [init] loaded cached artifacts: traces=3, cores=2, proofs=2 [0m
[92m[INFO] [init] cached-proofs-only: skipping trace, core, and proof construction [0m
[92m[INFO] [init] dbg root: dbg/dfdcc6ab3a/ [0m
[92m[INFO] [init] dfdcc6ab3a auto selected DbgMode.FAST_FAIL [0m
Found failure trace and proof object
[94m[DEBUG] [edit] proof path: dbg/dfdcc6ab3a/proofs/rename.191134073603777486.proof [0m
[94m[DEBUG] [edit] trace path: dbg/dfdcc6ab3a/traces/shuffle.12420925493754069455 [0m
b66798466316084935f15e5abbbc1976.pickle
[93m[WARN] [differ] qid constructor_accessor_axiom not found in dbg/dfdcc6ab3a/orig.smt2 [0m
[93m[WARN] [differ] qid <null> not found in dbg/dfdcc6ab3a/orig.smt2 [0m
[92m[INFO] [edit] [inst] prelude_unbox_box_int 34 instances [0m
[92m[INFO] [edit] [erase] prelude_unbox_box_int [0m
[92m[INFO] [edit] written to data/projs/fast_fail_dfdcc6ab3a/base.z3/e8794a44.smt2 [0m
[92m[INFO] [edit] [inst] prelude_fuel_defaults 19 instances [0m
[92m[INFO] [edit] [erase] prelude_fuel_defaults [0m
[92m[INFO] [edit] written to data/projs/fast_fail_dfdcc6ab3a/base.z3/8ab12f96.smt2 [0m
[92m[INFO] [edit] [inst] internal_tuple__2./tuple__2/1_accessor_definition 15 instances [0m
[92m[INFO] [edit] [erase] internal_tuple__2./tuple__2/1_accessor_definition [0m
[92m[INFO] [edit] written to data/projs/fast_fail_dfdcc6ab3a/base.z3/60a0c328.smt2 [0m
[92m[INFO] [edit] [inst] prelude_u_clip 9 instances [0m
[92m[INFO] [edit] [erase] prelude_u_clip [0m
[92m[INFO] [edit] written to data/projs/fast_fail_dfdcc6ab3a/base.z3/c05f41ad.smt2 [0m
[92m[INFO] [edit] [inst] prelude_u_inv 8 instances [0m
[92m[INFO] [edit] [erase] prelude_u_inv [0m
[92m[INFO] [edit] written to data/projs/fast_fail_dfdcc6ab3a/base.z3/0ba4f0ec.smt2 [0m
[92m[INFO] [edit] [inst] internal_lib__spec_t__mmu__Walk_box_axiom_definition 6 instances [0m
[92m[INFO] [edit] [erase] internal_lib__spec_t__mmu__Walk_box_axiom_definition [0m
[92m[INFO] [edit] written to data/projs/fast_fail_dfdcc6ab3a/base.z3/944e0648.smt2 [0m
[92m[INFO] [edit] [inst] mariposa_qid_1 3 instances [0m
[92m[INFO] [edit] written to data/projs/fast_fail_dfdcc6ab3a/base.z3/6234b668.smt2 [0m
[92m[INFO] [edit] [inst] prelude_has_type_usize 6 instances [0m
[92m[INFO] [edit] [erase] prelude_has_type_usize [0m
[92m[INFO] [edit] written to data/projs/fast_fail_dfdcc6ab3a/base.z3/ea72563d.smt2 [0m
[92m[INFO] [edit] [inst] prelude_sub 6 instances [0m
[92m[INFO] [edit] [erase] prelude_sub [0m
[92m[INFO] [edit] written to data/projs/fast_fail_dfdcc6ab3a/base.z3/4cdcaea2.smt2 [0m
[92m[INFO] [edit] [inst] internal_vstd__seq__Seq<tuple__2<usize./lib!spec_t.mmu.translation.GPDE.>.>_unbox_axiom_definition 5 instances [0m
[92m[INFO] [edit] [erase] internal_vstd__seq__Seq<tuple__2<usize./lib!spec_t.mmu.translation.GPDE.>.>_unbox_axiom_definition [0m
[92m[INFO] [edit] written to data/projs/fast_fail_dfdcc6ab3a/base.z3/02ea0c60.smt2 [0m
Produced candidate smt2 files
[94m[DEBUG] created table fast_fail_dfdcc6ab3a_base_z3_z3_4_16_0_exp [0m
[92m[INFO] running 10 original queries [0m
[94m[DEBUG] running ALL of fast_fail_dfdcc6ab3a.base.z3 [0m
[94m[DEBUG] adding 10 tasks [0m
[92m[INFO] running 10 tasks [0m
[92m[INFO] there is 4 processors [0m
[94m[DEBUG] worker 1 finished in 0.59 seconds [0m
[94m[DEBUG] worker 2 finished in 0.62 seconds [0m
[94m[DEBUG] worker 3 finished in 0.8 seconds [0m
[94m[DEBUG] worker 0 finished in 0.86 seconds [0m
[92m[INFO] workers finished [0m
[92m[INFO] done post processing exp data [0m
verify candidate e8794a44: 0.246s; rank=1; p=8; t=0.246
verify candidate 0ba4f0ec: 0.261s; rank=5; p=4; t=0.261
verify candidate 6234b668: 0.274s; rank=7; p=4; t=0.274
verify candidate ea72563d: 0.295s; rank=8; p=3; t=0.295
verify candidate 02ea0c60: 0.303s; rank=10; p=3; t=0.303
verify candidate 60a0c328: 0.318s; rank=3; p=5; t=0.318
verify candidate 944e0648: 0.357s; rank=6; p=4; t=0.357
selected 7 verified candidates to data/projs/fast_fail_dfdcc6ab3a.filtered/base.z3 with 2.054s vanilla verification budget
[92m[INFO] running 7 original queries [0m
[92m[INFO] running 70 tasks [0m
[92m[INFO] there is 7 processors [0m
[94m[DEBUG] created table fast_fail_dfdcc6ab3a_filtered_base_z3_z3_4_16_0_exp [0m
[94m[DEBUG] running ALL of fast_fail_dfdcc6ab3a.filtered.base.z3 [0m
[94m[DEBUG] adding 70 tasks [0m
[94m[DEBUG] worker 0 finished in 3.86 seconds [0m
[94m[DEBUG] worker 5 finished in 3.86 seconds [0m
[94m[DEBUG] worker 2 finished in 3.91 seconds [0m
[94m[DEBUG] worker 1 finished in 3.94 seconds [0m
[94m[DEBUG] worker 3 finished in 4.06 seconds [0m
[94m[DEBUG] worker 6 finished in 4.11 seconds [0m
[94m[DEBUG] worker 4 finished in 4.21 seconds [0m
[92m[INFO] workers finished [0m
[92m[INFO] done post processing exp data [0m
=== Overall Report ===

project dir:	data/projs/fast_fail_dfdcc6ab3a.filtered/base.z3
exper config:	filter
solver path:	bin/z3-4.16.0
analyzer:	default

| category   |   count | percentage   |
|------------|---------|--------------|
| unstable   |       6 | 85.71%       |
| stable     |       1 | 14.29%       |
| total      |       7 | 100.00 %     |

=== Report End ===
Ran mariposa on filtered queries
[92m[INFO] carving out query 02ea0c60 [0m
Passed Mutants (7):
gen/fast_fail_dfdcc6ab3a.filtered/base.z3/filter/02ea0c60.18373666919560599976.rename.smt2 - unsat - 0.42
gen/fast_fail_dfdcc6ab3a.filtered/base.z3/filter/02ea0c60.1492702828354021139.reseed.smt2 - unsat - 0.36
gen/fast_fail_dfdcc6ab3a.filtered/base.z3/filter/02ea0c60.5937226157999635990.reseed.smt2 - unsat - 0.38
gen/fast_fail_dfdcc6ab3a.filtered/base.z3/filter/02ea0c60.1237758852292536272.rename.smt2 - unsat - 0.35
gen/fast_fail_dfdcc6ab3a.filtered/base.z3/filter/02ea0c60.11685061928375358797.rename.smt2 - unsat - 0.36
data/projs/fast_fail_dfdcc6ab3a.filtered/base.z3/02ea0c60.smt2 - unsat - 0.36
gen/fast_fail_dfdcc6ab3a.filtered/base.z3/filter/02ea0c60.2400934906153093002.reseed.smt2 - unsat - 0.36

Failed Mutants (3):
gen/fast_fail_dfdcc6ab3a.filtered/base.z3/filter/02ea0c60.11879743608597277520.shuffle.smt2 - unknown - 0.35
gen/fast_fail_dfdcc6ab3a.filtered/base.z3/filter/02ea0c60.10046522753565510368.shuffle.smt2 - unknown - 0.38
gen/fast_fail_dfdcc6ab3a.filtered/base.z3/filter/02ea0c60.14516158471388986053.shuffle.smt2 - unknown - 0.42
[92m[INFO] carving out query 0ba4f0ec [0m
Passed Mutants (7):
data/projs/fast_fail_dfdcc6ab3a.filtered/base.z3/0ba4f0ec.smt2 - unsat - 0.32
gen/fast_fail_dfdcc6ab3a.filtered/base.z3/filter/0ba4f0ec.13908455890105888543.rename.smt2 - unsat - 0.35
gen/fast_fail_dfdcc6ab3a.filtered/base.z3/filter/0ba4f0ec.6738445816510581731.rename.smt2 - unsat - 0.37
gen/fast_fail_dfdcc6ab3a.filtered/base.z3/filter/0ba4f0ec.3774484435760574376.reseed.smt2 - unsat - 0.31
gen/fast_fail_dfdcc6ab3a.filtered/base.z3/filter/0ba4f0ec.13110087424110902568.reseed.smt2 - unsat - 0.34
gen/fast_fail_dfdcc6ab3a.filtered/base.z3/filter/0ba4f0ec.14457742731678539641.reseed.smt2 - unsat - 0.32
gen/fast_fail_dfdcc6ab3a.filtered/base.z3/filter/0ba4f0ec.3869312109422842119.rename.smt2 - unsat - 0.27

Failed Mutants (3):
gen/fast_fail_dfdcc6ab3a.filtered/base.z3/filter/0ba4f0ec.14638202828412134480.shuffle.smt2 - unknown - 0.26
gen/fast_fail_dfdcc6ab3a.filtered/base.z3/filter/0ba4f0ec.13039212472281833345.shuffle.smt2 - unknown - 0.26
gen/fast_fail_dfdcc6ab3a.filtered/base.z3/filter/0ba4f0ec.14211506663973864690.shuffle.smt2 - unknown - 0.3
[92m[INFO] carving out query 60a0c328 [0m
Passed Mutants (7):
gen/fast_fail_dfdcc6ab3a.filtered/base.z3/filter/60a0c328.9774896678261615534.rename.smt2 - unsat - 0.38
gen/fast_fail_dfdcc6ab3a.filtered/base.z3/filter/60a0c328.17478378902794036573.rename.smt2 - unsat - 0.38
data/projs/fast_fail_dfdcc6ab3a.filtered/base.z3/60a0c328.smt2 - unsat - 0.38
gen/fast_fail_dfdcc6ab3a.filtered/base.z3/filter/60a0c328.12318309781094516142.rename.smt2 - unsat - 0.4
gen/fast_fail_dfdcc6ab3a.filtered/base.z3/filter/60a0c328.14595436865405477814.reseed.smt2 - unsat - 0.38
gen/fast_fail_dfdcc6ab3a.filtered/base.z3/filter/60a0c328.9361216030146994925.reseed.smt2 - unsat - 0.37
gen/fast_fail_dfdcc6ab3a.filtered/base.z3/filter/60a0c328.3139247989687178179.reseed.smt2 - unsat - 0.36

Failed Mutants (3):
gen/fast_fail_dfdcc6ab3a.filtered/base.z3/filter/60a0c328.13302605269996006953.shuffle.smt2 - unknown - 0.38
gen/fast_fail_dfdcc6ab3a.filtered/base.z3/filter/60a0c328.7687568159516735508.shuffle.smt2 - unknown - 0.27
gen/fast_fail_dfdcc6ab3a.filtered/base.z3/filter/60a0c328.2310963714050135126.shuffle.smt2 - unknown - 0.38
[92m[INFO] carving out query 6234b668 [0m
Passed Mutants (7):
gen/fast_fail_dfdcc6ab3a.filtered/base.z3/filter/6234b668.1687079222349978152.reseed.smt2 - unsat - 0.33
gen/fast_fail_dfdcc6ab3a.filtered/base.z3/filter/6234b668.471968170526691127.rename.smt2 - unsat - 0.37
data/projs/fast_fail_dfdcc6ab3a.filtered/base.z3/6234b668.smt2 - unsat - 0.37
gen/fast_fail_dfdcc6ab3a.filtered/base.z3/filter/6234b668.2750810649792858458.reseed.smt2 - unsat - 0.35
gen/fast_fail_dfdcc6ab3a.filtered/base.z3/filter/6234b668.78871060470725425.reseed.smt2 - unsat - 0.34
gen/fast_fail_dfdcc6ab3a.filtered/base.z3/filter/6234b668.5333447758474366110.rename.smt2 - unsat - 0.37
gen/fast_fail_dfdcc6ab3a.filtered/base.z3/filter/6234b668.8171903445813470141.rename.smt2 - unsat - 0.37

Failed Mutants (3):
gen/fast_fail_dfdcc6ab3a.filtered/base.z3/filter/6234b668.6669269815551306680.shuffle.smt2 - unknown - 0.36
gen/fast_fail_dfdcc6ab3a.filtered/base.z3/filter/6234b668.1916607694408082721.shuffle.smt2 - unknown - 0.31
gen/fast_fail_dfdcc6ab3a.filtered/base.z3/filter/6234b668.5224603538243440393.shuffle.smt2 - unknown - 0.46
[92m[INFO] carving out query 944e0648 [0m
Passed Mutants (7):
gen/fast_fail_dfdcc6ab3a.filtered/base.z3/filter/944e0648.184038267858791072.reseed.smt2 - unsat - 0.43
gen/fast_fail_dfdcc6ab3a.filtered/base.z3/filter/944e0648.13789601439386566372.reseed.smt2 - unsat - 0.45
gen/fast_fail_dfdcc6ab3a.filtered/base.z3/filter/944e0648.16890318161669890906.reseed.smt2 - unsat - 0.44
gen/fast_fail_dfdcc6ab3a.filtered/base.z3/filter/944e0648.17014620660570019155.rename.smt2 - unsat - 0.42
data/projs/fast_fail_dfdcc6ab3a.filtered/base.z3/944e0648.smt2 - unsat - 0.43
gen/fast_fail_dfdcc6ab3a.filtered/base.z3/filter/944e0648.14363646104720198866.rename.smt2 - unsat - 0.43
gen/fast_fail_dfdcc6ab3a.filtered/base.z3/filter/944e0648.532964257371184091.rename.smt2 - unsat - 0.35

Failed Mutants (3):
gen/fast_fail_dfdcc6ab3a.filtered/base.z3/filter/944e0648.7589060277636569230.shuffle.smt2 - unknown - 0.44
gen/fast_fail_dfdcc6ab3a.filtered/base.z3/filter/944e0648.18198907796921649635.shuffle.smt2 - unknown - 0.44
gen/fast_fail_dfdcc6ab3a.filtered/base.z3/filter/944e0648.1578570464469210103.shuffle.smt2 - unknown - 0.39
[92m[INFO] carving out query ea72563d [0m
Passed Mutants (8):
gen/fast_fail_dfdcc6ab3a.filtered/base.z3/filter/ea72563d.7017071174137417478.shuffle.smt2 - unsat - 0.3
gen/fast_fail_dfdcc6ab3a.filtered/base.z3/filter/ea72563d.477518553825560282.reseed.smt2 - unsat - 0.31
gen/fast_fail_dfdcc6ab3a.filtered/base.z3/filter/ea72563d.15199289615151806572.reseed.smt2 - unsat - 0.33
gen/fast_fail_dfdcc6ab3a.filtered/base.z3/filter/ea72563d.12087500178848677671.rename.smt2 - unsat - 0.34
data/projs/fast_fail_dfdcc6ab3a.filtered/base.z3/ea72563d.smt2 - unsat - 0.35
gen/fast_fail_dfdcc6ab3a.filtered/base.z3/filter/ea72563d.18023945286751657026.rename.smt2 - unsat - 0.35
gen/fast_fail_dfdcc6ab3a.filtered/base.z3/filter/ea72563d.14806814350312573399.reseed.smt2 - unsat - 0.34
gen/fast_fail_dfdcc6ab3a.filtered/base.z3/filter/ea72563d.14825782814009922966.rename.smt2 - unsat - 0.35

Failed Mutants (2):
gen/fast_fail_dfdcc6ab3a.filtered/base.z3/filter/ea72563d.13027911406497504389.shuffle.smt2 - unknown - 0.26
gen/fast_fail_dfdcc6ab3a.filtered/base.z3/filter/ea72563d.3969182933198663461.shuffle.smt2 - unknown - 0.28
[92m[INFO] removed 6 queries, 1 remaining [0m
Carved out unstable queries
Ran early-stop stability checks until a stable fix was found
Checking candidates by increasing vanilla verification time
Checking candidate 1/1 for stability: data/projs/fast_fail_dfdcc6ab3a.filtered/base.z3/e8794a44.smt2
[92m[INFO] removing gen/sproj_single_629a61a51c [0m
[92m[INFO] using 60s solver timeout (capped by analyzer 60sec) [0m
[94m[DEBUG] created table single_629a61a51c_base_z3_z3_4_16_0_exp [0m
[92m[INFO] running 1 original queries [0m
[94m[DEBUG] running ALL of single_629a61a51c.base.z3 [0m
[94m[DEBUG] adding 181 tasks [0m
[94m[DEBUG] finished: 173/181, elapsed: 0.0 hours, estimated: 08-25 16:41 [0m
=== stable (1) ===
query path: gen/sproj_single_629a61a51c/e8794a44.smt2
Found a stable fix; stopping further stability checks
Got list of fixes
Found 1 fix(es):
    e8794a44: inst_replace prelude_unbox_box_int -> data/projs/fast_fail_dfdcc6ab3a/base.z3/e8794a44.smt2

=== Caza external-call time (wall clock) ===
    0.94s  initial stability check
    0.05s  build debugger trace and proof
    0.97s  finding fixes
    0.91s  verify candidates
    0.01s  filter broken candidates
    4.88s  filter candidates experiment
    0.89s  carve unstable candidates
   10.34s  early stability check e8794a44.smt2
   18.98s  total

================================================================================
[35/73] Caza query finished 2026-08-25T16:41:35
exit status: 0
================================================================================

================================================================================
[36/73] Caza query started 2026-08-25T16:41:35
query: /home/youjia/mariposa/data/verita_bad/page-table__spec_t__mmu__rl2__lemma_iter_walk_result_vbase_equal_aux2.smt2
command: /usr/bin/python3 -u /home/youjia/mariposa/src/caza_wizard.py --set-seed 0x87654321 --early --fast-proof --sort time /home/youjia/mariposa/data/verita_bad/page-table__spec_t__mmu__rl2__lemma_iter_walk_result_vbase_equal_aux2.smt2
================================================================================
Parsing...
Checking whether the input query is already stable
[92m[INFO] removing gen/sproj_single_37f6f37654 [0m
[92m[INFO] using 60s solver timeout (capped by analyzer 60sec) [0m
[94m[DEBUG] created table single_37f6f37654_base_z3_z3_4_16_0_exp [0m
[92m[INFO] running 1 original queries [0m
[94m[DEBUG] running ALL of single_37f6f37654.base.z3 [0m
[94m[DEBUG] adding 181 tasks [0m
[92m[INFO] criteria: vanilla=pending; groups: shuffle=[unknown@0.314s, unknown@0.346s, unknown@0.402s, unknown@0.466s] (56 mutant result(s) pending); rename=[] (60 mutant result(s) pending); reseed=[] (60 mutant result(s) pending); possible final categories=[unsolvable, unstable] [0m
[92m[INFO] early decision: gen/sproj_single_37f6f37654/page-table__spec_t__mmu__rl2__lemma_iter_walk_result_vbase_equal_aux2.smt2 -> not_stable; skipping 171 queued tasks [0m
=== stable (0) ===
Starting Cazamariposas
[92m[INFO] [init] loaded cached artifacts: traces=3, cores=2, proofs=2 [0m
[92m[INFO] [init] cached-proofs-only: skipping trace, core, and proof construction [0m
[92m[INFO] [init] dbg root: dbg/37f6f37654/ [0m
[92m[INFO] [init] 37f6f37654 auto selected DbgMode.FAST_FAIL [0m
Found failure trace and proof object
[94m[DEBUG] [edit] proof path: dbg/37f6f37654/proofs/rename.191134073603777486.proof [0m
[94m[DEBUG] [edit] trace path: dbg/37f6f37654/traces/shuffle.6459514956588936749 [0m
361c4dbaa112730dc81c471403b2364b.pickle
[93m[WARN] [differ] qid constructor_accessor_axiom not found in dbg/37f6f37654/orig.smt2 [0m
[92m[INFO] [edit] [inst] prelude_unbox_box_int 80 instances [0m
[92m[INFO] [edit] [erase] prelude_unbox_box_int [0m
[92m[INFO] [edit] written to data/projs/fast_fail_37f6f37654/base.z3/e8794a44.smt2 [0m
[92m[INFO] [edit] [inst] prelude_u_inv 66 instances [0m
[92m[INFO] [edit] [erase] prelude_u_inv [0m
[92m[INFO] [edit] written to data/projs/fast_fail_37f6f37654/base.z3/0ba4f0ec.smt2 [0m
[92m[INFO] [edit] [inst] prelude_u_clip 61 instances [0m
[92m[INFO] [edit] [erase] prelude_u_clip [0m
[92m[INFO] [edit] written to data/projs/fast_fail_37f6f37654/base.z3/c05f41ad.smt2 [0m
[92m[INFO] [edit] [inst] prelude_bit_shr_u_inv 21 instances [0m
[92m[INFO] [edit] [erase] prelude_bit_shr_u_inv [0m
[92m[INFO] [edit] written to data/projs/fast_fail_37f6f37654/base.z3/c8a7c36a.smt2 [0m
[92m[INFO] [edit] [inst] prelude_bit_and_u_inv 21 instances [0m
[92m[INFO] [edit] [erase] prelude_bit_and_u_inv [0m
[92m[INFO] [edit] written to data/projs/fast_fail_37f6f37654/base.z3/96f29dbe.smt2 [0m
[92m[INFO] [edit] [inst] prelude_fuel_defaults 14 instances [0m
[92m[INFO] [edit] [erase] prelude_fuel_defaults [0m
[92m[INFO] [edit] written to data/projs/fast_fail_37f6f37654/base.z3/8ab12f96.smt2 [0m
[92m[INFO] [edit] [inst] prelude_has_type_usize 13 instances [0m
[92m[INFO] [edit] [erase] prelude_has_type_usize [0m
[92m[INFO] [edit] written to data/projs/fast_fail_37f6f37654/base.z3/ea72563d.smt2 [0m
[92m[INFO] [edit] [inst] internal_lib!spec_t.mmu.Walk./Walk/vaddr_accessor_definition 10 instances [0m
[92m[INFO] [edit] [erase] internal_lib!spec_t.mmu.Walk./Walk/vaddr_accessor_definition [0m
[92m[INFO] [edit] written to data/projs/fast_fail_37f6f37654/base.z3/595ffdb3.smt2 [0m
[92m[INFO] [edit] [inst] internal_lib__spec_t__mmu__Walk_box_axiom_definition 10 instances [0m
[92m[INFO] [edit] [erase] internal_lib__spec_t__mmu__Walk_box_axiom_definition [0m
[92m[INFO] [edit] written to data/projs/fast_fail_37f6f37654/base.z3/944e0648.smt2 [0m
[92m[INFO] [edit] [inst] prelude_sub 10 instances [0m
[92m[INFO] [edit] [erase] prelude_sub [0m
[92m[INFO] [edit] written to data/projs/fast_fail_37f6f37654/base.z3/4cdcaea2.smt2 [0m
Produced candidate smt2 files
[94m[DEBUG] created table fast_fail_37f6f37654_base_z3_z3_4_16_0_exp [0m
[92m[INFO] running 10 original queries [0m
[94m[DEBUG] running ALL of fast_fail_37f6f37654.base.z3 [0m
[94m[DEBUG] adding 10 tasks [0m
[92m[INFO] running 10 tasks [0m
[92m[INFO] there is 4 processors [0m
[94m[DEBUG] worker 2 finished in 1.43 seconds [0m
[94m[DEBUG] worker 1 finished in 1.95 seconds [0m
[94m[DEBUG] worker 0 finished in 2.16 seconds [0m
[94m[DEBUG] worker 3 finished in 4.31 seconds [0m
[92m[INFO] workers finished [0m
[92m[INFO] done post processing exp data [0m
verify candidate e8794a44: 0.657s; rank=1; p=8; t=0.657
verify candidate 595ffdb3: 0.662s; rank=8; p=3; t=0.662
verify candidate 96f29dbe: 0.836s; rank=5; p=4; t=0.836
verify candidate 944e0648: 1.123s; rank=9; p=3; t=1.123
verify candidate ea72563d: 2.156s; rank=7; p=4; t=2.156
verify candidate c8a7c36a: 3.459s; rank=4; p=4; t=3.459
selected 6 verified candidates to data/projs/fast_fail_37f6f37654.filtered/base.z3 with 8.893s vanilla verification budget
[92m[INFO] running 6 original queries [0m
[92m[INFO] running 60 tasks [0m
[92m[INFO] there is 7 processors [0m
[94m[DEBUG] created table fast_fail_37f6f37654_filtered_base_z3_z3_4_16_0_exp [0m
[94m[DEBUG] running ALL of fast_fail_37f6f37654.filtered.base.z3 [0m
[94m[DEBUG] adding 60 tasks [0m
[94m[DEBUG] worker 2 finished in 10.22 seconds [0m
[94m[DEBUG] worker 0 finished in 10.52 seconds [0m
[94m[DEBUG] worker 5 finished in 10.58 seconds [0m
[94m[DEBUG] worker 4 finished in 10.73 seconds [0m
[94m[DEBUG] worker 6 finished in 10.79 seconds [0m
[94m[DEBUG] worker 3 finished in 11.03 seconds [0m
[94m[DEBUG] worker 1 finished in 12.53 seconds [0m
[92m[INFO] workers finished [0m
[92m[INFO] done post processing exp data [0m
=== Overall Report ===

project dir:	data/projs/fast_fail_37f6f37654.filtered/base.z3
exper config:	filter
solver path:	bin/z3-4.16.0
analyzer:	default

| category   |   count | percentage   |
|------------|---------|--------------|
| unstable   |       5 | 83.33%       |
| stable     |       1 | 16.67%       |
| total      |       6 | 100.00 %     |

=== Report End ===
Ran mariposa on filtered queries
[92m[INFO] carving out query 595ffdb3 [0m
Passed Mutants (7):
gen/fast_fail_37f6f37654.filtered/base.z3/filter/595ffdb3.10650230116501017555.rename.smt2 - unsat - 0.79
gen/fast_fail_37f6f37654.filtered/base.z3/filter/595ffdb3.16320010260847968856.reseed.smt2 - unsat - 0.88
gen/fast_fail_37f6f37654.filtered/base.z3/filter/595ffdb3.18212924767539204906.rename.smt2 - unsat - 0.79
data/projs/fast_fail_37f6f37654.filtered/base.z3/595ffdb3.smt2 - unsat - 0.79
gen/fast_fail_37f6f37654.filtered/base.z3/filter/595ffdb3.15877545998852806661.reseed.smt2 - unsat - 0.9
gen/fast_fail_37f6f37654.filtered/base.z3/filter/595ffdb3.4164217647226684589.reseed.smt2 - unsat - 0.57
gen/fast_fail_37f6f37654.filtered/base.z3/filter/595ffdb3.16973016385750498009.rename.smt2 - unsat - 0.72

Failed Mutants (3):
gen/fast_fail_37f6f37654.filtered/base.z3/filter/595ffdb3.17082907114601875513.shuffle.smt2 - unknown - 0.31
gen/fast_fail_37f6f37654.filtered/base.z3/filter/595ffdb3.11934450969200206710.shuffle.smt2 - unknown - 0.99
gen/fast_fail_37f6f37654.filtered/base.z3/filter/595ffdb3.9495229255007378767.shuffle.smt2 - unknown - 0.23
[92m[INFO] carving out query 944e0648 [0m
Passed Mutants (7):
gen/fast_fail_37f6f37654.filtered/base.z3/filter/944e0648.9704390432258391235.reseed.smt2 - unsat - 2.35
gen/fast_fail_37f6f37654.filtered/base.z3/filter/944e0648.8732830993278133510.rename.smt2 - unsat - 1.29
gen/fast_fail_37f6f37654.filtered/base.z3/filter/944e0648.14007123842868073284.reseed.smt2 - unsat - 2.37
gen/fast_fail_37f6f37654.filtered/base.z3/filter/944e0648.16089678502553203252.rename.smt2 - unsat - 1.28
gen/fast_fail_37f6f37654.filtered/base.z3/filter/944e0648.3570332746194911430.rename.smt2 - unsat - 1.26
gen/fast_fail_37f6f37654.filtered/base.z3/filter/944e0648.6637647774265150446.reseed.smt2 - unsat - 3.79
data/projs/fast_fail_37f6f37654.filtered/base.z3/944e0648.smt2 - unsat - 1.27

Failed Mutants (3):
gen/fast_fail_37f6f37654.filtered/base.z3/filter/944e0648.7146183656574979674.shuffle.smt2 - unknown - 0.69
gen/fast_fail_37f6f37654.filtered/base.z3/filter/944e0648.256625877540795709.shuffle.smt2 - unknown - 0.32
gen/fast_fail_37f6f37654.filtered/base.z3/filter/944e0648.4007551736265995302.shuffle.smt2 - unknown - 0.26
[92m[INFO] carving out query 96f29dbe [0m
Passed Mutants (7):
data/projs/fast_fail_37f6f37654.filtered/base.z3/96f29dbe.smt2 - unsat - 0.94
gen/fast_fail_37f6f37654.filtered/base.z3/filter/96f29dbe.2280669056361705818.rename.smt2 - unsat - 0.96
gen/fast_fail_37f6f37654.filtered/base.z3/filter/96f29dbe.10159422950302738435.rename.smt2 - unsat - 0.95
gen/fast_fail_37f6f37654.filtered/base.z3/filter/96f29dbe.6595141974283839819.reseed.smt2 - unsat - 0.42
gen/fast_fail_37f6f37654.filtered/base.z3/filter/96f29dbe.11006956896257265841.reseed.smt2 - unsat - 0.95
gen/fast_fail_37f6f37654.filtered/base.z3/filter/96f29dbe.4261879319754134625.reseed.smt2 - unsat - 0.92
gen/fast_fail_37f6f37654.filtered/base.z3/filter/96f29dbe.1938488258118307057.rename.smt2 - unsat - 0.95

Failed Mutants (3):
gen/fast_fail_37f6f37654.filtered/base.z3/filter/96f29dbe.11540308023026824358.shuffle.smt2 - unknown - 0.2
gen/fast_fail_37f6f37654.filtered/base.z3/filter/96f29dbe.5193760172568101777.shuffle.smt2 - unknown - 0.17
gen/fast_fail_37f6f37654.filtered/base.z3/filter/96f29dbe.13819342555268024211.shuffle.smt2 - unknown - 0.21
[92m[INFO] carving out query c8a7c36a [0m
Passed Mutants (7):
gen/fast_fail_37f6f37654.filtered/base.z3/filter/c8a7c36a.10865284522160443129.reseed.smt2 - unsat - 0.62
gen/fast_fail_37f6f37654.filtered/base.z3/filter/c8a7c36a.6378202936424596480.reseed.smt2 - unsat - 0.72
data/projs/fast_fail_37f6f37654.filtered/base.z3/c8a7c36a.smt2 - unsat - 4.5
gen/fast_fail_37f6f37654.filtered/base.z3/filter/c8a7c36a.13942202450511394047.rename.smt2 - unsat - 4.46
gen/fast_fail_37f6f37654.filtered/base.z3/filter/c8a7c36a.2629162104158967709.rename.smt2 - unsat - 4.46
gen/fast_fail_37f6f37654.filtered/base.z3/filter/c8a7c36a.1413733522260154574.reseed.smt2 - unsat - 0.91
gen/fast_fail_37f6f37654.filtered/base.z3/filter/c8a7c36a.12889741583753276361.rename.smt2 - unsat - 3.83

Failed Mutants (3):
gen/fast_fail_37f6f37654.filtered/base.z3/filter/c8a7c36a.6697820441103967736.shuffle.smt2 - unknown - 0.23
gen/fast_fail_37f6f37654.filtered/base.z3/filter/c8a7c36a.17097993097075363792.shuffle.smt2 - unknown - 0.24
gen/fast_fail_37f6f37654.filtered/base.z3/filter/c8a7c36a.16892731615615130177.shuffle.smt2 - unknown - 0.43
[92m[INFO] carving out query ea72563d [0m
Passed Mutants (7):
gen/fast_fail_37f6f37654.filtered/base.z3/filter/ea72563d.2985538943341778622.reseed.smt2 - unsat - 0.8
data/projs/fast_fail_37f6f37654.filtered/base.z3/ea72563d.smt2 - unsat - 2.53
gen/fast_fail_37f6f37654.filtered/base.z3/filter/ea72563d.18175055532469759993.rename.smt2 - unsat - 2.57
gen/fast_fail_37f6f37654.filtered/base.z3/filter/ea72563d.6733942200006442517.reseed.smt2 - unsat - 1.45
gen/fast_fail_37f6f37654.filtered/base.z3/filter/ea72563d.3437426145741601867.rename.smt2 - unsat - 2.51
gen/fast_fail_37f6f37654.filtered/base.z3/filter/ea72563d.5929715142622987602.rename.smt2 - unsat - 2.53
gen/fast_fail_37f6f37654.filtered/base.z3/filter/ea72563d.17190302316866816741.reseed.smt2 - unsat - 1.81

Failed Mutants (3):
gen/fast_fail_37f6f37654.filtered/base.z3/filter/ea72563d.13235902683997006310.shuffle.smt2 - unknown - 0.3
gen/fast_fail_37f6f37654.filtered/base.z3/filter/ea72563d.1558706444219547867.shuffle.smt2 - unknown - 0.36
gen/fast_fail_37f6f37654.filtered/base.z3/filter/ea72563d.6957026920620248597.shuffle.smt2 - unknown - 0.37
[92m[INFO] removed 5 queries, 1 remaining [0m
Carved out unstable queries
Ran early-stop stability checks until a stable fix was found
Checking candidates by increasing vanilla verification time
Checking candidate 1/1 for stability: data/projs/fast_fail_37f6f37654.filtered/base.z3/e8794a44.smt2
[92m[INFO] removing gen/sproj_single_d3465e4b6a [0m
[92m[INFO] using 60s solver timeout (capped by analyzer 60sec) [0m
[94m[DEBUG] created table single_d3465e4b6a_base_z3_z3_4_16_0_exp [0m
[92m[INFO] running 1 original queries [0m
[94m[DEBUG] running ALL of single_d3465e4b6a.base.z3 [0m
[94m[DEBUG] adding 181 tasks [0m
[94m[DEBUG] finished: 49/181, elapsed: 0.0 hours, estimated: 08-25 16:42 [0m
[94m[DEBUG] finished: 93/181, elapsed: 0.01 hours, estimated: 08-25 16:42 [0m
[94m[DEBUG] finished: 146/181, elapsed: 0.01 hours, estimated: 08-25 16:42 [0m
=== stable (1) ===
query path: gen/sproj_single_d3465e4b6a/e8794a44.smt2
Found a stable fix; stopping further stability checks
Got list of fixes
Found 1 fix(es):
    e8794a44: inst_replace prelude_unbox_box_int -> data/projs/fast_fail_37f6f37654/base.z3/e8794a44.smt2

=== Caza external-call time (wall clock) ===
    1.93s  initial stability check
    0.05s  build debugger trace and proof
    0.68s  finding fixes
    4.35s  verify candidates
    0.00s  filter broken candidates
   13.11s  filter candidates experiment
    0.89s  carve unstable candidates
   38.43s  early stability check e8794a44.smt2
   59.44s  total

================================================================================
[36/73] Caza query finished 2026-08-25T16:42:35
exit status: 0
================================================================================

================================================================================
[37/73] Caza query started 2026-08-25T16:42:35
query: /home/youjia/mariposa/data/verita_bad/page-table__spec_t__mmu__rl2__step_WriteNonpos_preserves_inv_unmapping__inflight_walks.smt2
command: /usr/bin/python3 -u /home/youjia/mariposa/src/caza_wizard.py --set-seed 0x87654321 --early --fast-proof --sort time /home/youjia/mariposa/data/verita_bad/page-table__spec_t__mmu__rl2__step_WriteNonpos_preserves_inv_unmapping__inflight_walks.smt2
================================================================================
Parsing...
Checking whether the input query is already stable
[92m[INFO] removing gen/sproj_single_c5e5142b5c [0m
[92m[INFO] using 60s solver timeout (capped by analyzer 60sec) [0m
[94m[DEBUG] created table single_c5e5142b5c_base_z3_z3_4_16_0_exp [0m
[92m[INFO] running 1 original queries [0m
[94m[DEBUG] running ALL of single_c5e5142b5c.base.z3 [0m
[94m[DEBUG] adding 181 tasks [0m
[94m[DEBUG] finished: 1/181, elapsed: 0.01 hours, estimated: 08-25 18:30 [0m
[94m[DEBUG] finished: 5/181, elapsed: 0.01 hours, estimated: 08-25 17:04 [0m
[94m[DEBUG] finished: 6/181, elapsed: 0.01 hours, estimated: 08-25 17:00 [0m
[94m[DEBUG] finished: 7/181, elapsed: 0.02 hours, estimated: 08-25 17:13 [0m
[94m[DEBUG] finished: 11/181, elapsed: 0.02 hours, estimated: 08-25 17:02 [0m
[92m[INFO] criteria: vanilla=unsat@19.797s; groups: shuffle=[unsat@21.307s, unsat@22.718s, unsat@26.694s, unsat@32.008s, unsat@25.612s, unsat@24.051s, unsat@33.943s, timeout@60.000s, timeout@60.000s, timeout@60.000s, unsat@25.439s, unsat@24.779s, timeout@60.000s] (47 mutant result(s) pending); rename=[] (60 mutant result(s) pending); reseed=[] (60 mutant result(s) pending); possible final categories=[unsolvable, unstable] [0m
[92m[INFO] early decision: gen/sproj_single_c5e5142b5c/page-table__spec_t__mmu__rl2__step_WriteNonpos_preserves_inv_unmapping__inflight_walks.smt2 -> not_stable; skipping 161 queued tasks [0m
[94m[DEBUG] finished: 16/20, elapsed: 0.03 hours, estimated: 08-25 16:44 [0m
[94m[DEBUG] finished: 18/20, elapsed: 0.03 hours, estimated: 08-25 16:44 [0m
=== stable (0) ===
Starting Cazamariposas
[92m[INFO] [init] loaded cached artifacts: traces=5, cores=4, proofs=0 [0m
[92m[INFO] [init] cached-proofs-only: skipping trace, core, and proof construction [0m
[92m[INFO] [init] dbg root: dbg/c5e5142b5c/ [0m
[93m[WARN] [proof] no proofs available [0m
[92m[INFO] [init] c5e5142b5c auto selected DbgMode.TIMEOUT [0m
ERROR:root::( could not get any mutant to produce a proof object

=== Caza external-call time (wall clock) ===
  111.59s  initial stability check
    0.00s  build debugger trace and proof
  111.59s  total

================================================================================
[37/73] Caza query finished 2026-08-25T16:44:27
exit status: 0
================================================================================

================================================================================
[38/73] Caza query started 2026-08-25T16:44:27
query: /home/youjia/mariposa/data/verita_bad/page-table__spec_t__mmu__rl2__step_Writeback_preserves_inv_unmapping__inflight_walks.smt2
command: /usr/bin/python3 -u /home/youjia/mariposa/src/caza_wizard.py --set-seed 0x87654321 --early --fast-proof --sort time /home/youjia/mariposa/data/verita_bad/page-table__spec_t__mmu__rl2__step_Writeback_preserves_inv_unmapping__inflight_walks.smt2
================================================================================
Parsing...
Checking whether the input query is already stable
[92m[INFO] removing gen/sproj_single_8eae39f431 [0m
[92m[INFO] using 60s solver timeout (capped by analyzer 60sec) [0m
[94m[DEBUG] created table single_8eae39f431_base_z3_z3_4_16_0_exp [0m
[92m[INFO] running 1 original queries [0m
[94m[DEBUG] running ALL of single_8eae39f431.base.z3 [0m
[94m[DEBUG] adding 181 tasks [0m
[94m[DEBUG] finished: 1/181, elapsed: 0.01 hours, estimated: 08-25 18:32 [0m
[94m[DEBUG] finished: 6/181, elapsed: 0.01 hours, estimated: 08-25 17:02 [0m
[94m[DEBUG] finished: 9/181, elapsed: 0.01 hours, estimated: 08-25 16:56 [0m
[94m[DEBUG] finished: 11/181, elapsed: 0.02 hours, estimated: 08-25 17:04 [0m
[94m[DEBUG] finished: 16/181, elapsed: 0.02 hours, estimated: 08-25 16:58 [0m
[94m[DEBUG] finished: 19/181, elapsed: 0.03 hours, estimated: 08-25 17:01 [0m
[94m[DEBUG] finished: 20/181, elapsed: 0.03 hours, estimated: 08-25 17:00 [0m
[94m[DEBUG] finished: 24/181, elapsed: 0.03 hours, estimated: 08-25 16:58 [0m
[94m[DEBUG] finished: 27/181, elapsed: 0.04 hours, estimated: 08-25 17:00 [0m
[92m[INFO] criteria: vanilla=unsat@21.614s; groups: shuffle=[unsat@20.737s, unsat@22.859s, unsat@24.970s, unsat@27.213s, unsat@34.610s, unsat@39.661s, unsat@20.542s, unsat@23.327s, unsat@26.731s, unsat@22.213s, unsat@21.472s, unsat@36.231s, unsat@33.015s, unsat@23.184s, timeout@60.000s, timeout@60.000s, unsat@26.272s, unsat@22.285s, unsat@29.595s, unsat@21.529s, unsat@37.257s, unsat@24.550s, unsat@29.068s, unsat@23.558s, timeout@60.000s, unsat@39.154s, unsat@28.858s, timeout@60.000s] (32 mutant result(s) pending); rename=[] (60 mutant result(s) pending); reseed=[] (60 mutant result(s) pending); possible final categories=[unstable] [0m
[92m[INFO] early decision: gen/sproj_single_8eae39f431/page-table__spec_t__mmu__rl2__step_Writeback_preserves_inv_unmapping__inflight_walks.smt2 -> not_stable; skipping 146 queued tasks [0m
[94m[DEBUG] finished: 30/35, elapsed: 0.04 hours, estimated: 08-25 16:47 [0m
[94m[DEBUG] finished: 31/35, elapsed: 0.05 hours, estimated: 08-25 16:47 [0m
[94m[DEBUG] finished: 35/35, elapsed: 0.05 hours, estimated: 08-25 16:47 [0m
=== stable (0) ===
Starting Cazamariposas
[92m[INFO] [init] loaded cached artifacts: traces=5, cores=4, proofs=0 [0m
[92m[INFO] [init] cached-proofs-only: skipping trace, core, and proof construction [0m
[92m[INFO] [init] dbg root: dbg/8eae39f431/ [0m
[93m[WARN] [proof] no proofs available [0m
[92m[INFO] [init] 8eae39f431 auto selected DbgMode.TIMEOUT [0m
ERROR:root::( could not get any mutant to produce a proof object

=== Caza external-call time (wall clock) ===
  191.14s  initial stability check
    0.00s  build debugger trace and proof
  191.14s  total

================================================================================
[38/73] Caza query finished 2026-08-25T16:47:39
exit status: 0
================================================================================

================================================================================
[39/73] Caza query started 2026-08-25T16:47:39
query: /home/youjia/mariposa/data/verita_bad/page-table__spec_t__os_code_vc__lemma_concurrent_trs.smt2
command: /usr/bin/python3 -u /home/youjia/mariposa/src/caza_wizard.py --set-seed 0x87654321 --early --fast-proof --sort time /home/youjia/mariposa/data/verita_bad/page-table__spec_t__os_code_vc__lemma_concurrent_trs.smt2
================================================================================
Parsing...
Checking whether the input query is already stable
[92m[INFO] removing gen/sproj_single_e8c2bc2d50 [0m
[92m[INFO] using 60s solver timeout (capped by analyzer 60sec) [0m
[94m[DEBUG] created table single_e8c2bc2d50_base_z3_z3_4_16_0_exp [0m
[92m[INFO] running 1 original queries [0m
[94m[DEBUG] running ALL of single_e8c2bc2d50.base.z3 [0m
[94m[DEBUG] adding 181 tasks [0m
[94m[DEBUG] finished: 1/181, elapsed: 0.01 hours, estimated: 08-25 18:36 [0m
[94m[DEBUG] finished: 2/181, elapsed: 0.01 hours, estimated: 08-25 17:42 [0m
[94m[DEBUG] finished: 7/181, elapsed: 0.01 hours, estimated: 08-25 17:03 [0m
[94m[DEBUG] finished: 8/181, elapsed: 0.02 hours, estimated: 08-25 17:14 [0m
[94m[DEBUG] finished: 12/181, elapsed: 0.02 hours, estimated: 08-25 17:05 [0m
[94m[DEBUG] finished: 14/181, elapsed: 0.02 hours, estimated: 08-25 17:03 [0m
[94m[DEBUG] finished: 18/181, elapsed: 0.03 hours, estimated: 08-25 17:05 [0m
[94m[DEBUG] finished: 21/181, elapsed: 0.03 hours, estimated: 08-25 17:03 [0m
[94m[DEBUG] finished: 27/181, elapsed: 0.03 hours, estimated: 08-25 16:59 [0m
[94m[DEBUG] finished: 28/181, elapsed: 0.04 hours, estimated: 08-25 17:03 [0m
[94m[DEBUG] finished: 31/181, elapsed: 0.04 hours, estimated: 08-25 17:01 [0m
[94m[DEBUG] finished: 34/181, elapsed: 0.05 hours, estimated: 08-25 17:03 [0m
[94m[DEBUG] finished: 36/181, elapsed: 0.05 hours, estimated: 08-25 17:02 [0m
[94m[DEBUG] finished: 39/181, elapsed: 0.05 hours, estimated: 08-25 17:01 [0m
[94m[DEBUG] finished: 42/181, elapsed: 0.06 hours, estimated: 08-25 17:03 [0m
[94m[DEBUG] finished: 44/181, elapsed: 0.06 hours, estimated: 08-25 17:02 [0m
[94m[DEBUG] finished: 47/181, elapsed: 0.07 hours, estimated: 08-25 17:03 [0m
[94m[DEBUG] finished: 50/181, elapsed: 0.07 hours, estimated: 08-25 17:02 [0m
[94m[DEBUG] finished: 51/181, elapsed: 0.07 hours, estimated: 08-25 17:02 [0m
[94m[DEBUG] finished: 53/181, elapsed: 0.08 hours, estimated: 08-25 17:03 [0m
[94m[DEBUG] finished: 56/181, elapsed: 0.08 hours, estimated: 08-25 17:03 [0m
[94m[DEBUG] finished: 59/181, elapsed: 0.08 hours, estimated: 08-25 17:02 [0m
[94m[DEBUG] finished: 61/181, elapsed: 0.09 hours, estimated: 08-25 17:03 [0m
[94m[DEBUG] finished: 62/181, elapsed: 0.09 hours, estimated: 08-25 17:03 [0m
[92m[INFO] criteria: vanilla=timeout@60.000s; groups: shuffle=[unsat@21.308s, unsat@32.689s, unsat@33.073s, unsat@34.042s, unsat@36.668s, unsat@37.527s, unsat@25.828s, unsat@27.761s, unsat@27.228s, unsat@17.722s, unsat@32.513s, unsat@37.260s, unsat@47.584s, unsat@26.401s, unsat@24.230s, unsat@23.475s, unsat@25.846s, unsat@36.867s, unsat@38.748s, unsat@19.574s, unsat@32.497s, unsat@28.156s, unsat@22.481s, unsat@27.022s, unsat@25.779s, unsat@38.373s, unsat@22.864s, unsat@25.061s, unsat@20.780s, unsat@37.375s, unsat@29.464s, unsat@34.394s, unsat@20.633s, unsat@27.339s, unsat@35.939s, unsat@33.692s, timeout@60.000s, unsat@38.528s, unsat@32.046s, unsat@39.313s, unsat@33.118s, unsat@27.757s, unsat@30.086s, unsat@39.896s, unsat@51.353s, unsat@36.858s, unsat@22.240s, unsat@46.788s, unsat@43.624s, unsat@30.319s, unsat@30.338s, unsat@45.994s, unsat@39.703s, unsat@55.628s, unsat@33.183s, unsat@45.148s, unsat@29.620s, unsat@24.834s, unsat@39.242s, unsat@46.250s] (0 mutant result(s) pending); rename=[timeout@60.000s, timeout@60.000s, timeout@60.000s] (57 mutant result(s) pending); reseed=[] (60 mutant result(s) pending); possible final categories=[unstable] [0m
[92m[INFO] early decision: gen/sproj_single_e8c2bc2d50/page-table__spec_t__os_code_vc__lemma_concurrent_trs.smt2 -> not_stable; skipping 111 queued tasks [0m
[94m[DEBUG] finished: 64/70, elapsed: 0.1 hours, estimated: 08-25 16:54 [0m
[94m[DEBUG] finished: 67/70, elapsed: 0.1 hours, estimated: 08-25 16:53 [0m
[94m[DEBUG] finished: 68/70, elapsed: 0.1 hours, estimated: 08-25 16:53 [0m
[94m[DEBUG] finished: 69/70, elapsed: 0.11 hours, estimated: 08-25 16:54 [0m
=== stable (0) ===
Starting Cazamariposas
[92m[INFO] [init] loaded cached artifacts: traces=5, cores=2, proofs=2 [0m
[92m[INFO] [init] cached-proofs-only: skipping trace, core, and proof construction [0m
[92m[INFO] [init] dbg root: dbg/e8c2bc2d50/ [0m
[92m[INFO] [init] e8c2bc2d50 auto selected DbgMode.TIMEOUT [0m
Found failure trace and proof object
[92m[INFO] [graph] found dbg/e8c2bc2d50/graphs/reseed.5937257372788757464.txt [0m
[92m[INFO] [stats] found dbg/e8c2bc2d50/stats/reseed.5937257372788757464.txt [0m
[94m[DEBUG] [edit] proof path: dbg/e8c2bc2d50/proofs/shuffle.15005242865943866143.proof [0m
[94m[DEBUG] [edit] trace path: dbg/e8c2bc2d50/traces/reseed.5937257372788757464 [0m
693139a24a8c3b166bef4bea27874e51.pickle
[93m[WARN] [differ] qid constructor_accessor_axiom not found in dbg/e8c2bc2d50/orig.smt2 [0m
[93m[WARN] [differ] qid <null> not found in dbg/e8c2bc2d50/orig.smt2 [0m
[93m[WARN] [differ] qid mariposa_qid_27 not found in dbg/e8c2bc2d50/orig.smt2 [0m
[93m[WARN] [differ] qid mariposa_qid_35 not found in dbg/e8c2bc2d50/orig.smt2 [0m
[93m[WARN] [differ] qid internal_vstd!view.View.view.?_definition not found in dbg/e8c2bc2d50/orig.smt2 [0m
[93m[WARN] [differ] qid internal_lib!spec_t.mmu.SeqTupExt.contains_fst.?_definition not found in dbg/e8c2bc2d50/orig.smt2 [0m
[93m[WARN] [differ] qid mariposa_qid_38 not found in dbg/e8c2bc2d50/orig.smt2 [0m
[93m[WARN] [differ] qid mariposa_qid_28 not found in dbg/e8c2bc2d50/orig.smt2 [0m
[93m[WARN] [differ] qid mariposa_qid_37 not found in dbg/e8c2bc2d50/orig.smt2 [0m
[93m[WARN] [differ] qid internal_proj__lib!spec_t.mmu.SeqTupExt./A_assoc_type_impl_false_definition not found in dbg/e8c2bc2d50/orig.smt2 [0m
[93m[WARN] [differ] qid mariposa_qid_31 not found in dbg/e8c2bc2d50/orig.smt2 [0m
[93m[WARN] [differ] qid mariposa_qid_29 not found in dbg/e8c2bc2d50/orig.smt2 [0m
[93m[WARN] [differ] qid mariposa_qid_58 not found in dbg/e8c2bc2d50/orig.smt2 [0m
[93m[WARN] [differ] qid mariposa_qid_34 not found in dbg/e8c2bc2d50/orig.smt2 [0m
[93m[WARN] [differ] qid mariposa_qid_30 not found in dbg/e8c2bc2d50/orig.smt2 [0m
[92m[INFO] [edit] [erase] internal_lib!spec_t.os.impl&__6.inv_inflight_pte_wf.?_definition [0m
[92m[INFO] [edit] written to data/projs/timeout_e8c2bc2d50/base.z3/fba44ee7.smt2 [0m
[92m[INFO] [edit] [erase] internal_lib!spec_t.mmu.pt_mem.impl&__0.pt_walk.?_definition [0m
[92m[INFO] [edit] written to data/projs/timeout_e8c2bc2d50/base.z3/76bf6c9e.smt2 [0m
[92m[INFO] [edit] [erase] internal_lib!spec_t.mmu.translation.impl&__1.view.?_definition [0m
[92m[INFO] [edit] written to data/projs/timeout_e8c2bc2d50/base.z3/de5d8bf1.smt2 [0m
[92m[INFO] [edit] [erase] internal_lib!spec_t.mmu.translation.PDE./PDE/layer_accessor_definition [0m
[92m[INFO] [edit] written to data/projs/timeout_e8c2bc2d50/base.z3/418ffe8c.smt2 [0m
[92m[INFO] [edit] [erase] internal_lib!spec_t.mmu.defs.candidate_mapping_in_bounds.?_definition [0m
[92m[INFO] [edit] written to data/projs/timeout_e8c2bc2d50/base.z3/d7524f32.smt2 [0m
[92m[INFO] [edit] [erase] internal_lib!spec_t.mmu.defs.impl&__19.upper_vaddr.?_definition [0m
[92m[INFO] [edit] written to data/projs/timeout_e8c2bc2d50/base.z3/d65d1706.smt2 [0m
[92m[INFO] [edit] [erase] internal_lib!spec_t.mmu.defs.entry_base_from_index.?_definition [0m
[92m[INFO] [edit] written to data/projs/timeout_e8c2bc2d50/base.z3/4edfe813.smt2 [0m
[92m[INFO] [edit] [erase] internal_vstd!iset_lib.impl&__0.map.?_definition [0m
[92m[INFO] [edit] written to data/projs/timeout_e8c2bc2d50/base.z3/f0b2a4e7.smt2 [0m
[92m[INFO] [edit] [inst] internal_lib!spec_t.os.impl&__6.inv.?_definition 4 instances [0m
[92m[INFO] [edit] [erase] internal_lib!spec_t.os.impl&__6.inv.?_definition [0m
[92m[INFO] [edit] written to data/projs/timeout_e8c2bc2d50/base.z3/74e78f5d.smt2 [0m
[92m[INFO] [edit] [inst] mariposa_qid_24 5 instances [0m
[92m[INFO] [edit] [erase] mariposa_qid_24 [0m
[92m[INFO] [edit] written to data/projs/timeout_e8c2bc2d50/base.z3/79261104.smt2 [0m
Produced candidate smt2 files
[94m[DEBUG] created table timeout_e8c2bc2d50_base_z3_z3_4_16_0_exp [0m
[92m[INFO] running 10 original queries [0m
[94m[DEBUG] running ALL of timeout_e8c2bc2d50.base.z3 [0m
[94m[DEBUG] adding 10 tasks [0m
[92m[INFO] running 10 tasks [0m
[92m[INFO] there is 4 processors [0m
[94m[DEBUG] worker 0 finished in 79.7 seconds [0m
[94m[DEBUG] worker 2 finished in 88.23 seconds [0m
[94m[DEBUG] worker 3 finished in 114.71 seconds [0m
[94m[DEBUG] worker 1 finished in 128.3 seconds [0m
[92m[INFO] workers finished [0m
[92m[INFO] done post processing exp data [0m
verify candidate 76bf6c9e: 10.446s; rank=2; p=6; t=10.446
verify candidate 74e78f5d: 19.660s; rank=9; p=3; t=19.660
verify candidate de5d8bf1: 21.538s; rank=3; p=5; t=21.538
verify candidate 418ffe8c: 40.096s; rank=4; p=4; t=40.096
verify candidate fba44ee7: 44.223s; rank=1; p=8; t=44.223
verify candidate d7524f32: 46.719s; rank=5; p=4; t=46.719
verify candidate 79261104: 48.122s; rank=10; p=3; t=48.122
selected 7 verified candidates to data/projs/timeout_e8c2bc2d50.filtered/base.z3 with 230.804s vanilla verification budget
[92m[INFO] running 7 original queries [0m
[92m[INFO] running 70 tasks [0m
[92m[INFO] there is 7 processors [0m
[94m[DEBUG] created table timeout_e8c2bc2d50_filtered_base_z3_z3_4_16_0_exp [0m
[94m[DEBUG] running ALL of timeout_e8c2bc2d50.filtered.base.z3 [0m
[94m[DEBUG] adding 70 tasks [0m
[94m[DEBUG] worker 3 finished in 387.72 seconds [0m
[94m[DEBUG] worker 2 finished in 387.8 seconds [0m
[94m[DEBUG] worker 5 finished in 390.54 seconds [0m
[94m[DEBUG] worker 4 finished in 411.2 seconds [0m
[94m[DEBUG] worker 0 finished in 415.63 seconds [0m
[94m[DEBUG] worker 1 finished in 417.2 seconds [0m
[94m[DEBUG] worker 6 finished in 418.12 seconds [0m
[92m[INFO] workers finished [0m
[92m[INFO] done post processing exp data [0m
=== Overall Report ===

project dir:	data/projs/timeout_e8c2bc2d50.filtered/base.z3
exper config:	filter
solver path:	bin/z3-4.16.0
analyzer:	default

| category   |   count | percentage   |
|------------|---------|--------------|
| unstable   |       4 | 57.14%       |
| stable     |       3 | 42.86%       |
| total      |       7 | 100.00 %     |

=== Report End ===
Ran mariposa on filtered queries
[92m[INFO] carving out query 418ffe8c [0m
Passed Mutants (9):
gen/timeout_e8c2bc2d50.filtered/base.z3/filter/418ffe8c.17927571712019993201.shuffle.smt2 - unsat - 54.8
gen/timeout_e8c2bc2d50.filtered/base.z3/filter/418ffe8c.841467447481138493.shuffle.smt2 - unsat - 19.93
gen/timeout_e8c2bc2d50.filtered/base.z3/filter/418ffe8c.15750282700692694375.rename.smt2 - unsat - 48.68
gen/timeout_e8c2bc2d50.filtered/base.z3/filter/418ffe8c.15625627539699205141.rename.smt2 - unsat - 49.25
gen/timeout_e8c2bc2d50.filtered/base.z3/filter/418ffe8c.622504208280548960.reseed.smt2 - unsat - 45.67
gen/timeout_e8c2bc2d50.filtered/base.z3/filter/418ffe8c.4969848784893209178.reseed.smt2 - unsat - 41.46
data/projs/timeout_e8c2bc2d50.filtered/base.z3/418ffe8c.smt2 - unsat - 48.68
gen/timeout_e8c2bc2d50.filtered/base.z3/filter/418ffe8c.12152418891637148392.rename.smt2 - unsat - 48.11
gen/timeout_e8c2bc2d50.filtered/base.z3/filter/418ffe8c.10674471658832827893.reseed.smt2 - unsat - 46.69

Failed Mutants (1):
gen/timeout_e8c2bc2d50.filtered/base.z3/filter/418ffe8c.5598588695297021551.shuffle.smt2 - timeout - 60.02
[92m[INFO] carving out query 79261104 [0m
Passed Mutants (8):
gen/timeout_e8c2bc2d50.filtered/base.z3/filter/79261104.7409517129295174529.rename.smt2 - unsat - 57.48
gen/timeout_e8c2bc2d50.filtered/base.z3/filter/79261104.9461928169772459399.shuffle.smt2 - unsat - 54.77
gen/timeout_e8c2bc2d50.filtered/base.z3/filter/79261104.16006037887455766691.rename.smt2 - unsat - 57.04
gen/timeout_e8c2bc2d50.filtered/base.z3/filter/79261104.4080599766962901758.shuffle.smt2 - unsat - 35.24
data/projs/timeout_e8c2bc2d50.filtered/base.z3/79261104.smt2 - unsat - 58.13
gen/timeout_e8c2bc2d50.filtered/base.z3/filter/79261104.1992189263863489196.reseed.smt2 - unsat - 33.38
gen/timeout_e8c2bc2d50.filtered/base.z3/filter/79261104.7601331404430451423.shuffle.smt2 - unsat - 33.5
gen/timeout_e8c2bc2d50.filtered/base.z3/filter/79261104.572271815465101377.rename.smt2 - unsat - 58.3

Failed Mutants (2):
gen/timeout_e8c2bc2d50.filtered/base.z3/filter/79261104.11547924869696067458.reseed.smt2 - timeout - 60.01
gen/timeout_e8c2bc2d50.filtered/base.z3/filter/79261104.18268035498319213480.reseed.smt2 - timeout - 60.02
[92m[INFO] carving out query d7524f32 [0m
Passed Mutants (6):
data/projs/timeout_e8c2bc2d50.filtered/base.z3/d7524f32.smt2 - unsat - 56.17
gen/timeout_e8c2bc2d50.filtered/base.z3/filter/d7524f32.16090906122674499814.rename.smt2 - unsat - 56.88
gen/timeout_e8c2bc2d50.filtered/base.z3/filter/d7524f32.1797813094156683481.shuffle.smt2 - unsat - 26.2
gen/timeout_e8c2bc2d50.filtered/base.z3/filter/d7524f32.7682593285890342438.shuffle.smt2 - unsat - 24.3
gen/timeout_e8c2bc2d50.filtered/base.z3/filter/d7524f32.4036789622505367549.rename.smt2 - unsat - 52.79
gen/timeout_e8c2bc2d50.filtered/base.z3/filter/d7524f32.518172150435686321.rename.smt2 - unsat - 50.39

Failed Mutants (4):
gen/timeout_e8c2bc2d50.filtered/base.z3/filter/d7524f32.3204312477997344577.reseed.smt2 - timeout - 60.02
gen/timeout_e8c2bc2d50.filtered/base.z3/filter/d7524f32.17557364518807095703.reseed.smt2 - timeout - 60.02
gen/timeout_e8c2bc2d50.filtered/base.z3/filter/d7524f32.4860018944058268281.shuffle.smt2 - timeout - 60.02
gen/timeout_e8c2bc2d50.filtered/base.z3/filter/d7524f32.9319288595180234629.reseed.smt2 - timeout - 60.02
[92m[INFO] carving out query fba44ee7 [0m
Passed Mutants (5):
gen/timeout_e8c2bc2d50.filtered/base.z3/filter/fba44ee7.7743063339146480427.rename.smt2 - unsat - 59.72
gen/timeout_e8c2bc2d50.filtered/base.z3/filter/fba44ee7.11660335374038841925.shuffle.smt2 - unsat - 57.57
gen/timeout_e8c2bc2d50.filtered/base.z3/filter/fba44ee7.17039578135425600614.rename.smt2 - unsat - 59.76
gen/timeout_e8c2bc2d50.filtered/base.z3/filter/fba44ee7.13745431072775843095.shuffle.smt2 - unsat - 53.48
gen/timeout_e8c2bc2d50.filtered/base.z3/filter/fba44ee7.10998224762812111012.shuffle.smt2 - unsat - 55.62

Failed Mutants (5):
gen/timeout_e8c2bc2d50.filtered/base.z3/filter/fba44ee7.14912803945234532096.reseed.smt2 - timeout - 60.02
gen/timeout_e8c2bc2d50.filtered/base.z3/filter/fba44ee7.11662142149253436688.rename.smt2 - timeout - 60.02
gen/timeout_e8c2bc2d50.filtered/base.z3/filter/fba44ee7.17329972057226778936.reseed.smt2 - timeout - 60.02
gen/timeout_e8c2bc2d50.filtered/base.z3/filter/fba44ee7.3286638744469443521.reseed.smt2 - timeout - 60.02
data/projs/timeout_e8c2bc2d50.filtered/base.z3/fba44ee7.smt2 - timeout - 60.02
[92m[INFO] removed 4 queries, 3 remaining [0m
Carved out unstable queries
Ran early-stop stability checks until a stable fix was found
Checking candidates by increasing vanilla verification time
Checking candidate 1/3 for stability: data/projs/timeout_e8c2bc2d50.filtered/base.z3/76bf6c9e.smt2
[92m[INFO] removing gen/sproj_single_43e972e704 [0m
[92m[INFO] using 60s solver timeout (capped by analyzer 60sec) [0m
[94m[DEBUG] created table single_43e972e704_base_z3_z3_4_16_0_exp [0m
[92m[INFO] running 1 original queries [0m
[94m[DEBUG] running ALL of single_43e972e704.base.z3 [0m
[94m[DEBUG] adding 181 tasks [0m
[94m[DEBUG] finished: 1/181, elapsed: 0.0 hours, estimated: 08-25 17:03 [0m
[94m[DEBUG] finished: 7/181, elapsed: 0.01 hours, estimated: 08-25 17:18 [0m
[94m[DEBUG] finished: 12/181, elapsed: 0.01 hours, estimated: 08-25 17:12 [0m
[94m[DEBUG] finished: 17/181, elapsed: 0.01 hours, estimated: 08-25 17:10 [0m
[94m[DEBUG] finished: 23/181, elapsed: 0.02 hours, estimated: 08-25 17:12 [0m
[94m[DEBUG] finished: 27/181, elapsed: 0.02 hours, estimated: 08-25 17:11 [0m
[94m[DEBUG] finished: 31/181, elapsed: 0.02 hours, estimated: 08-25 17:10 [0m
[94m[DEBUG] finished: 38/181, elapsed: 0.03 hours, estimated: 08-25 17:11 [0m
[94m[DEBUG] finished: 45/181, elapsed: 0.03 hours, estimated: 08-25 17:10 [0m
[94m[DEBUG] finished: 52/181, elapsed: 0.04 hours, estimated: 08-25 17:11 [0m
[94m[DEBUG] finished: 57/181, elapsed: 0.04 hours, estimated: 08-25 17:11 [0m
[94m[DEBUG] finished: 62/181, elapsed: 0.04 hours, estimated: 08-25 17:10 [0m
[94m[DEBUG] finished: 69/181, elapsed: 0.05 hours, estimated: 08-25 17:10 [0m
[94m[DEBUG] finished: 76/181, elapsed: 0.05 hours, estimated: 08-25 17:10 [0m
[94m[DEBUG] finished: 83/181, elapsed: 0.05 hours, estimated: 08-25 17:10 [0m
[94m[DEBUG] finished: 90/181, elapsed: 0.06 hours, estimated: 08-25 17:10 [0m
[94m[DEBUG] finished: 97/181, elapsed: 0.06 hours, estimated: 08-25 17:10 [0m
[94m[DEBUG] finished: 104/181, elapsed: 0.06 hours, estimated: 08-25 17:09 [0m
[94m[DEBUG] finished: 111/181, elapsed: 0.07 hours, estimated: 08-25 17:09 [0m
[94m[DEBUG] finished: 118/181, elapsed: 0.07 hours, estimated: 08-25 17:10 [0m
[94m[DEBUG] finished: 125/181, elapsed: 0.08 hours, estimated: 08-25 17:10 [0m
[94m[DEBUG] finished: 131/181, elapsed: 0.08 hours, estimated: 08-25 17:09 [0m
[94m[DEBUG] finished: 136/181, elapsed: 0.08 hours, estimated: 08-25 17:10 [0m
[94m[DEBUG] finished: 140/181, elapsed: 0.08 hours, estimated: 08-25 17:09 [0m
[94m[DEBUG] finished: 145/181, elapsed: 0.09 hours, estimated: 08-25 17:09 [0m
[94m[DEBUG] finished: 151/181, elapsed: 0.09 hours, estimated: 08-25 17:10 [0m
[94m[DEBUG] finished: 156/181, elapsed: 0.09 hours, estimated: 08-25 17:09 [0m
[94m[DEBUG] finished: 163/181, elapsed: 0.1 hours, estimated: 08-25 17:09 [0m
[94m[DEBUG] finished: 170/181, elapsed: 0.1 hours, estimated: 08-25 17:10 [0m
[94m[DEBUG] finished: 177/181, elapsed: 0.11 hours, estimated: 08-25 17:09 [0m
=== stable (1) ===
query path: gen/sproj_single_43e972e704/76bf6c9e.smt2
Found a stable fix; stopping further stability checks
Got list of fixes
Found 1 fix(es):
    76bf6c9e: erase internal_lib!spec_t.mmu.pt_mem.impl&__0.pt_walk.?_definition -> data/projs/timeout_e8c2bc2d50/base.z3/76bf6c9e.smt2

=== Caza external-call time (wall clock) ===
  391.94s  initial stability check
    0.05s  build debugger trace and proof
    3.79s  finding fixes
  128.36s  verify candidates
    0.00s  filter broken candidates
  418.71s  filter candidates experiment
    0.87s  carve unstable candidates
  386.27s  early stability check 76bf6c9e.smt2
 1329.99s  total

================================================================================
[39/73] Caza query finished 2026-08-25T17:09:49
exit status: 0
================================================================================

================================================================================
[40/73] Caza query started 2026-08-25T17:09:49
query: /home/youjia/mariposa/data/verita_bad/page-table__spec_t__os_invariant__next_step_mmu_preserves_inv_tlb.smt2
command: /usr/bin/python3 -u /home/youjia/mariposa/src/caza_wizard.py --set-seed 0x87654321 --early --fast-proof --sort time /home/youjia/mariposa/data/verita_bad/page-table__spec_t__os_invariant__next_step_mmu_preserves_inv_tlb.smt2
================================================================================
Parsing...
Checking whether the input query is already stable
[92m[INFO] removing gen/sproj_single_1cf9653bc1 [0m
[92m[INFO] using 60s solver timeout (capped by analyzer 60sec) [0m
[94m[DEBUG] created table single_1cf9653bc1_base_z3_z3_4_16_0_exp [0m
[92m[INFO] running 1 original queries [0m
[94m[DEBUG] running ALL of single_1cf9653bc1.base.z3 [0m
[94m[DEBUG] adding 181 tasks [0m
[94m[DEBUG] finished: 1/181, elapsed: 0.02 hours, estimated: 08-25 20:46 [0m
[92m[INFO] criteria: vanilla=timeout@60.000s; groups: shuffle=[timeout@60.000s, timeout@60.000s, timeout@60.000s] (57 mutant result(s) pending); rename=[] (60 mutant result(s) pending); reseed=[] (60 mutant result(s) pending); possible final categories=[unsolvable, unstable] [0m
[92m[INFO] early decision: gen/sproj_single_1cf9653bc1/page-table__spec_t__os_invariant__next_step_mmu_preserves_inv_tlb.smt2 -> not_stable; skipping 171 queued tasks [0m
[94m[DEBUG] finished: 8/10, elapsed: 0.03 hours, estimated: 08-25 17:12 [0m
=== stable (0) ===
Starting Cazamariposas
[92m[INFO] [init] loaded cached artifacts: traces=5, cores=0, proofs=0 [0m
[92m[INFO] [init] cached-proofs-only: skipping trace, core, and proof construction [0m
[92m[INFO] [init] dbg root: dbg/1cf9653bc1/ [0m
[93m[WARN] [proof] no proofs available [0m
[92m[INFO] [init] 1cf9653bc1 auto selected DbgMode.TIMEOUT [0m
ERROR:root::( could not get any mutant to produce a proof object

=== Caza external-call time (wall clock) ===
  120.25s  initial stability check
    0.00s  build debugger trace and proof
  120.25s  total

================================================================================
[40/73] Caza query finished 2026-08-25T17:11:50
exit status: 0
================================================================================

================================================================================
[41/73] Caza query started 2026-08-25T17:11:50
query: /home/youjia/mariposa/data/verita_bad/page-table__spec_t__os_invariant__next_step_mmu_preserves_inv_tlb_tlbfill.smt2
command: /usr/bin/python3 -u /home/youjia/mariposa/src/caza_wizard.py --set-seed 0x87654321 --early --fast-proof --sort time /home/youjia/mariposa/data/verita_bad/page-table__spec_t__os_invariant__next_step_mmu_preserves_inv_tlb_tlbfill.smt2
================================================================================
Parsing...
Checking whether the input query is already stable
[92m[INFO] removing gen/sproj_single_4f9aa63dce [0m
[92m[INFO] using 60s solver timeout (capped by analyzer 60sec) [0m
[94m[DEBUG] created table single_4f9aa63dce_base_z3_z3_4_16_0_exp [0m
[92m[INFO] running 1 original queries [0m
[94m[DEBUG] running ALL of single_4f9aa63dce.base.z3 [0m
[94m[DEBUG] adding 181 tasks [0m
[94m[DEBUG] finished: 1/181, elapsed: 0.02 hours, estimated: 08-25 20:48 [0m
[92m[INFO] criteria: vanilla=timeout@60.000s; groups: shuffle=[timeout@60.000s, timeout@60.000s, timeout@60.000s] (57 mutant result(s) pending); rename=[] (60 mutant result(s) pending); reseed=[] (60 mutant result(s) pending); possible final categories=[unsolvable, unstable] [0m
[92m[INFO] early decision: gen/sproj_single_4f9aa63dce/page-table__spec_t__os_invariant__next_step_mmu_preserves_inv_tlb_tlbfill.smt2 -> not_stable; skipping 171 queued tasks [0m
[94m[DEBUG] finished: 8/10, elapsed: 0.03 hours, estimated: 08-25 17:14 [0m
=== stable (0) ===
Starting Cazamariposas
[92m[INFO] [init] loaded cached artifacts: traces=5, cores=2, proofs=2 [0m
[92m[INFO] [init] cached-proofs-only: skipping trace, core, and proof construction [0m
[92m[INFO] [init] dbg root: dbg/4f9aa63dce/ [0m
[92m[INFO] [init] 4f9aa63dce auto selected DbgMode.TIMEOUT [0m
Found failure trace and proof object
[92m[INFO] [graph] found dbg/4f9aa63dce/graphs/reseed.14133853472351839148.txt [0m
[92m[INFO] [stats] found dbg/4f9aa63dce/stats/reseed.14133853472351839148.txt [0m
[94m[DEBUG] [edit] proof path: dbg/4f9aa63dce/proofs/rename.191134073603777486.proof [0m
[94m[DEBUG] [edit] trace path: dbg/4f9aa63dce/traces/reseed.14133853472351839148 [0m
89263a52b1a9ea5dad8025c28488dc4b.pickle
[93m[WARN] [differ] qid unknown_235 not found in dbg/4f9aa63dce/orig.smt2 [0m
[93m[WARN] [differ] qid unknown_246 not found in dbg/4f9aa63dce/orig.smt2 [0m
[93m[WARN] [differ] qid constructor_accessor_axiom not found in dbg/4f9aa63dce/orig.smt2 [0m
[93m[WARN] [differ] qid <null> not found in dbg/4f9aa63dce/orig.smt2 [0m
[92m[INFO] [edit] [inst] prelude_unbox_box_bool 7 instances [0m
[92m[INFO] [edit] written to data/projs/timeout_4f9aa63dce/base.z3/4aa1acb7.smt2 [0m
[92m[INFO] [edit] [inst] prelude_unbox_box_int 4 instances [0m
[92m[INFO] [edit] written to data/projs/timeout_4f9aa63dce/base.z3/7e1bcc27.smt2 [0m
[92m[INFO] [edit] [erase] internal_lib!spec_t.mmu.pt_mem.impl&__0.pt_walk.?_definition [0m
[92m[INFO] [edit] written to data/projs/timeout_4f9aa63dce/base.z3/76bf6c9e.smt2 [0m
[92m[INFO] [edit] [erase] internal_lib!spec_t.mmu.translation.impl&__1.view.?_definition [0m
[92m[INFO] [edit] written to data/projs/timeout_4f9aa63dce/base.z3/de5d8bf1.smt2 [0m
[92m[INFO] [edit] [erase] internal_lib!spec_t.mmu.rl2.impl&__2.inv_protect__core_walks_invalid.?_definition [0m
[92m[INFO] [edit] written to data/projs/timeout_4f9aa63dce/base.z3/1b94d9b7.smt2 [0m
[92m[INFO] [edit] [erase] internal_lib!spec_t.mmu.translation.PDE./PDE/entry_accessor_definition [0m
[92m[INFO] [edit] written to data/projs/timeout_4f9aa63dce/base.z3/ee67a6b1.smt2 [0m
[92m[INFO] [edit] [erase] prelude_array_index_trigger [0m
[92m[INFO] [edit] written to data/projs/timeout_4f9aa63dce/base.z3/209e04a1.smt2 [0m
[92m[INFO] [edit] [erase] internal_lib!spec_t.mmu.translation.PDE./PDE/layer_accessor_definition [0m
[92m[INFO] [edit] written to data/projs/timeout_4f9aa63dce/base.z3/418ffe8c.smt2 [0m
[92m[INFO] [edit] [erase] mariposa_qid_1 [0m
[92m[INFO] [edit] written to data/projs/timeout_4f9aa63dce/base.z3/5d48a5e7.smt2 [0m
[92m[INFO] [edit] [erase] internal_lib!spec_t.mmu.impl&__2.result.?_definition [0m
[92m[INFO] [edit] written to data/projs/timeout_4f9aa63dce/base.z3/3373e441.smt2 [0m
Produced candidate smt2 files
[94m[DEBUG] created table timeout_4f9aa63dce_base_z3_z3_4_16_0_exp [0m
[92m[INFO] running 10 original queries [0m
[94m[DEBUG] running ALL of timeout_4f9aa63dce.base.z3 [0m
[94m[DEBUG] adding 10 tasks [0m
[92m[INFO] running 10 tasks [0m
[92m[INFO] there is 4 processors [0m
[94m[DEBUG] worker 2 finished in 99.39 seconds [0m
[94m[DEBUG] worker 1 finished in 107.98 seconds [0m
[94m[DEBUG] worker 0 finished in 120.06 seconds [0m
[94m[DEBUG] worker 3 finished in 120.06 seconds [0m
[92m[INFO] workers finished [0m
[92m[INFO] done post processing exp data [0m
verify candidate 1b94d9b7: 3.150s; rank=5; p=4; t=3.150
verify candidate 76bf6c9e: 3.716s; rank=3; p=5; t=3.716
verify candidate 3373e441: 32.476s; rank=10; p=3; t=32.476
verify candidate de5d8bf1: 47.942s; rank=4; p=4; t=47.942
selected 4 verified candidates to data/projs/timeout_4f9aa63dce.filtered/base.z3 with 87.284s vanilla verification budget
[92m[INFO] running 4 original queries [0m
[92m[INFO] running 40 tasks [0m
[92m[INFO] there is 7 processors [0m
[94m[DEBUG] created table timeout_4f9aa63dce_filtered_base_z3_z3_4_16_0_exp [0m
[94m[DEBUG] running ALL of timeout_4f9aa63dce.filtered.base.z3 [0m
[94m[DEBUG] adding 40 tasks [0m
[94m[DEBUG] worker 3 finished in 135.73 seconds [0m
[94m[DEBUG] worker 6 finished in 136.75 seconds [0m
[94m[DEBUG] worker 0 finished in 146.41 seconds [0m
[94m[DEBUG] worker 4 finished in 148.2 seconds [0m
[94m[DEBUG] worker 5 finished in 150.77 seconds [0m
[94m[DEBUG] worker 1 finished in 151.72 seconds [0m
[94m[DEBUG] worker 2 finished in 155.02 seconds [0m
[92m[INFO] workers finished [0m
[92m[INFO] done post processing exp data [0m
=== Overall Report ===

project dir:	data/projs/timeout_4f9aa63dce.filtered/base.z3
exper config:	filter
solver path:	bin/z3-4.16.0
analyzer:	default

| category   |   count | percentage   |
|------------|---------|--------------|
| stable     |       3 | 75.0%        |
| unstable   |       1 | 25.0%        |
| total      |       4 | 100.00 %     |

=== Report End ===
Ran mariposa on filtered queries
[92m[INFO] carving out query de5d8bf1 [0m
Passed Mutants (4):
gen/timeout_4f9aa63dce.filtered/base.z3/filter/de5d8bf1.8898544787503945761.rename.smt2 - unsat - 57.85
gen/timeout_4f9aa63dce.filtered/base.z3/filter/de5d8bf1.15767512816797975301.reseed.smt2 - unsat - 33.4
gen/timeout_4f9aa63dce.filtered/base.z3/filter/de5d8bf1.8344027368176860723.shuffle.smt2 - unsat - 36.09
gen/timeout_4f9aa63dce.filtered/base.z3/filter/de5d8bf1.2766939694925322415.reseed.smt2 - unsat - 27.51

Failed Mutants (6):
gen/timeout_4f9aa63dce.filtered/base.z3/filter/de5d8bf1.9432517789729215944.rename.smt2 - timeout - 60.02
data/projs/timeout_4f9aa63dce.filtered/base.z3/de5d8bf1.smt2 - timeout - 60.02
gen/timeout_4f9aa63dce.filtered/base.z3/filter/de5d8bf1.12610442221330111262.shuffle.smt2 - timeout - 60.02
gen/timeout_4f9aa63dce.filtered/base.z3/filter/de5d8bf1.5706912933592778461.reseed.smt2 - timeout - 60.02
gen/timeout_4f9aa63dce.filtered/base.z3/filter/de5d8bf1.13946308717985430179.rename.smt2 - timeout - 60.02
gen/timeout_4f9aa63dce.filtered/base.z3/filter/de5d8bf1.13896756526367853602.shuffle.smt2 - timeout - 60.02
[92m[INFO] removed 1 queries, 3 remaining [0m
Carved out unstable queries
Ran early-stop stability checks until a stable fix was found
Checking candidates by increasing vanilla verification time
Checking candidate 1/3 for stability: data/projs/timeout_4f9aa63dce.filtered/base.z3/1b94d9b7.smt2
[92m[INFO] removing gen/sproj_single_a9d30c1d31 [0m
[92m[INFO] using 60s solver timeout (capped by analyzer 60sec) [0m
[94m[DEBUG] created table single_a9d30c1d31_base_z3_z3_4_16_0_exp [0m
[92m[INFO] running 1 original queries [0m
[94m[DEBUG] running ALL of single_a9d30c1d31.base.z3 [0m
[94m[DEBUG] adding 181 tasks [0m
[94m[DEBUG] finished: 15/181, elapsed: 0.0 hours, estimated: 08-25 17:18 [0m
[94m[DEBUG] finished: 36/181, elapsed: 0.01 hours, estimated: 08-25 17:21 [0m
[94m[DEBUG] finished: 56/181, elapsed: 0.01 hours, estimated: 08-25 17:20 [0m
[94m[DEBUG] finished: 74/181, elapsed: 0.01 hours, estimated: 08-25 17:19 [0m
[94m[DEBUG] finished: 92/181, elapsed: 0.01 hours, estimated: 08-25 17:20 [0m
[94m[DEBUG] finished: 112/181, elapsed: 0.02 hours, estimated: 08-25 17:20 [0m
[94m[DEBUG] finished: 129/181, elapsed: 0.02 hours, estimated: 08-25 17:20 [0m
[94m[DEBUG] finished: 148/181, elapsed: 0.02 hours, estimated: 08-25 17:19 [0m
[94m[DEBUG] finished: 167/181, elapsed: 0.03 hours, estimated: 08-25 17:20 [0m
=== stable (1) ===
query path: gen/sproj_single_a9d30c1d31/1b94d9b7.smt2
Found a stable fix; stopping further stability checks
Got list of fixes
Found 1 fix(es):
    1b94d9b7: erase internal_lib!spec_t.mmu.rl2.impl&__2.inv_protect__core_walks_invalid.?_definition -> data/projs/timeout_4f9aa63dce/base.z3/1b94d9b7.smt2

=== Caza external-call time (wall clock) ===
  120.25s  initial stability check
    0.05s  build debugger trace and proof
    3.65s  finding fixes
  120.10s  verify candidates
    0.00s  filter broken candidates
  155.62s  filter candidates experiment
    0.88s  carve unstable candidates
  102.38s  early stability check 1b94d9b7.smt2
  502.94s  total

================================================================================
[41/73] Caza query finished 2026-08-25T17:20:14
exit status: 0
================================================================================

================================================================================
[42/73] Caza query started 2026-08-25T17:20:14
query: /home/youjia/mariposa/data/verita_bad/page-table__spec_t__os_invariant__next_step_preserves_inv_basic.smt2
command: /usr/bin/python3 -u /home/youjia/mariposa/src/caza_wizard.py --set-seed 0x87654321 --early --fast-proof --sort time /home/youjia/mariposa/data/verita_bad/page-table__spec_t__os_invariant__next_step_preserves_inv_basic.smt2
================================================================================
Parsing...
Checking whether the input query is already stable
[92m[INFO] removing gen/sproj_single_f04c169800 [0m
[92m[INFO] using 60s solver timeout (capped by analyzer 60sec) [0m
[94m[DEBUG] created table single_f04c169800_base_z3_z3_4_16_0_exp [0m
[92m[INFO] running 1 original queries [0m
[94m[DEBUG] running ALL of single_f04c169800.base.z3 [0m
[94m[DEBUG] adding 181 tasks [0m
[94m[DEBUG] finished: 1/181, elapsed: 0.0 hours, estimated: 08-25 17:20 [0m
[94m[DEBUG] finished: 6/181, elapsed: 0.01 hours, estimated: 08-25 17:38 [0m
[94m[DEBUG] finished: 7/181, elapsed: 0.01 hours, estimated: 08-25 17:35 [0m
[94m[DEBUG] finished: 11/181, elapsed: 0.01 hours, estimated: 08-25 17:30 [0m
[94m[DEBUG] finished: 14/181, elapsed: 0.02 hours, estimated: 08-25 17:35 [0m
[94m[DEBUG] finished: 19/181, elapsed: 0.02 hours, estimated: 08-25 17:31 [0m
[94m[DEBUG] finished: 22/181, elapsed: 0.03 hours, estimated: 08-25 17:35 [0m
[94m[DEBUG] finished: 26/181, elapsed: 0.03 hours, estimated: 08-25 17:32 [0m
[94m[DEBUG] finished: 28/181, elapsed: 0.03 hours, estimated: 08-25 17:31 [0m
[94m[DEBUG] finished: 31/181, elapsed: 0.03 hours, estimated: 08-25 17:31 [0m
[94m[DEBUG] finished: 35/181, elapsed: 0.04 hours, estimated: 08-25 17:32 [0m
[94m[DEBUG] finished: 38/181, elapsed: 0.04 hours, estimated: 08-25 17:31 [0m
[94m[DEBUG] finished: 43/181, elapsed: 0.05 hours, estimated: 08-25 17:32 [0m
[94m[DEBUG] finished: 45/181, elapsed: 0.05 hours, estimated: 08-25 17:32 [0m
[94m[DEBUG] finished: 50/181, elapsed: 0.05 hours, estimated: 08-25 17:31 [0m
[94m[DEBUG] finished: 53/181, elapsed: 0.06 hours, estimated: 08-25 17:32 [0m
[94m[DEBUG] finished: 57/181, elapsed: 0.06 hours, estimated: 08-25 17:31 [0m
[94m[DEBUG] finished: 61/181, elapsed: 0.06 hours, estimated: 08-25 17:31 [0m
[94m[DEBUG] finished: 62/181, elapsed: 0.07 hours, estimated: 08-25 17:32 [0m
[92m[INFO] criteria: vanilla=timeout@60.000s; groups: shuffle=[unsat@17.866s, unsat@18.168s, unsat@23.908s, unsat@25.549s, unsat@27.135s, unsat@29.019s, unsat@23.402s, unsat@18.867s, unsat@26.229s, unsat@20.688s, unsat@27.640s, unsat@28.167s, unsat@21.962s, unsat@26.027s, unsat@15.194s, unsat@31.464s, unsat@27.015s, unsat@30.130s, unsat@19.583s, unsat@29.887s, unsat@27.511s, unsat@24.341s, unsat@25.077s, unsat@25.647s, unsat@17.682s, unsat@26.156s, unsat@21.014s, unsat@20.300s, unsat@31.632s, unsat@24.605s, unsat@29.486s, unsat@25.174s, unsat@24.448s, unsat@21.730s, unsat@18.373s, unsat@23.613s, unsat@22.002s, unsat@28.981s, unsat@30.905s, unsat@19.600s, unsat@27.018s, unsat@28.137s, unsat@30.292s, unsat@29.890s, unsat@21.418s, unsat@29.306s, unsat@27.558s, unsat@21.650s, unsat@34.026s, unsat@25.566s, unsat@18.513s, unsat@20.143s, unsat@23.498s, unsat@22.353s, unsat@27.225s, unsat@20.629s, unsat@21.793s, unsat@32.536s, unsat@22.738s, unsat@23.634s] (0 mutant result(s) pending); rename=[timeout@60.000s, timeout@60.000s, timeout@60.000s] (57 mutant result(s) pending); reseed=[] (60 mutant result(s) pending); possible final categories=[unstable] [0m
[92m[INFO] early decision: gen/sproj_single_f04c169800/page-table__spec_t__os_invariant__next_step_preserves_inv_basic.smt2 -> not_stable; skipping 111 queued tasks [0m
[94m[DEBUG] finished: 64/70, elapsed: 0.08 hours, estimated: 08-25 17:25 [0m
[94m[DEBUG] finished: 68/70, elapsed: 0.08 hours, estimated: 08-25 17:25 [0m
[94m[DEBUG] finished: 69/70, elapsed: 0.09 hours, estimated: 08-25 17:25 [0m
=== stable (0) ===
Starting Cazamariposas
[92m[INFO] [init] loaded cached artifacts: traces=5, cores=4, proofs=4 [0m
[92m[INFO] [init] cached-proofs-only: skipping trace, core, and proof construction [0m
[92m[INFO] [init] dbg root: dbg/f04c169800/ [0m
[92m[INFO] [init] f04c169800 auto selected DbgMode.TIMEOUT [0m
[94m[DEBUG] [strainer] dir not found: data/projs/timeout_f04c169800/base.z3 [0m
Found failure trace and proof object
[92m[INFO] [graph] found dbg/f04c169800/graphs/reseed.14133853472351839148.txt [0m
[92m[INFO] [stats] found dbg/f04c169800/stats/reseed.14133853472351839148.txt [0m
[94m[DEBUG] [edit] proof path: dbg/f04c169800/proofs/rename.191134073603777486.proof [0m
[94m[DEBUG] [edit] trace path: dbg/f04c169800/traces/reseed.14133853472351839148 [0m
fbfdcefdab01e072f8c2122b5db186f0.pickle
[93m[WARN] [differ] qid constructor_accessor_axiom not found in dbg/f04c169800/orig.smt2 [0m
[93m[WARN] [differ] qid <null> not found in dbg/f04c169800/orig.smt2 [0m
Traceback (most recent call last):
  File "/home/youjia/mariposa/src/caza_wizard.py", line 579, in <module>
    main()
  File "/home/youjia/mariposa/src/caza_wizard.py", line 396, in main
    ranked_ids = timed_call("finding fixes", dbg.create_project, external_timings)
  File "/home/youjia/mariposa/src/caza_wizard.py", line 158, in timed_call
    return callback()
  File "/home/youjia/mariposa/src/debugger/factory.py", line 379, in create_project
    ranked = self.rank_edits()
  File "/home/youjia/mariposa/src/debugger/factory.py", line 372, in rank_edits
    scores[qname] = trace_graph.aggregate_scores(ratio)
  File "/home/youjia/mariposa/src/debugger/inst_graph.py", line 336, in aggregate_scores
    scores.append((ratio, self.blames[qidx].stat_count))
KeyError: 1887

================================================================================
[42/73] Caza query finished 2026-08-25T17:25:51
exit status: 1
================================================================================

================================================================================
[43/73] Caza query started 2026-08-25T17:25:51
query: /home/youjia/mariposa/data/verita_bad/page-table__spec_t__os_invariant__next_step_preserves_inv_lock.smt2
command: /usr/bin/python3 -u /home/youjia/mariposa/src/caza_wizard.py --set-seed 0x87654321 --early --fast-proof --sort time /home/youjia/mariposa/data/verita_bad/page-table__spec_t__os_invariant__next_step_preserves_inv_lock.smt2
================================================================================
Parsing...
Checking whether the input query is already stable
[92m[INFO] removing gen/sproj_single_076f914d9c [0m
[92m[INFO] using 60s solver timeout (capped by analyzer 60sec) [0m
[94m[DEBUG] created table single_076f914d9c_base_z3_z3_4_16_0_exp [0m
[92m[INFO] running 1 original queries [0m
[94m[DEBUG] running ALL of single_076f914d9c.base.z3 [0m
[94m[DEBUG] adding 181 tasks [0m
[94m[DEBUG] finished: 7/181, elapsed: 0.0 hours, estimated: 08-25 17:26 [0m
[94m[DEBUG] finished: 13/181, elapsed: 0.01 hours, estimated: 08-25 17:34 [0m
[94m[DEBUG] finished: 16/181, elapsed: 0.01 hours, estimated: 08-25 17:32 [0m
[94m[DEBUG] finished: 18/181, elapsed: 0.01 hours, estimated: 08-25 17:32 [0m
[92m[INFO] criteria: vanilla=unsat@3.735s; groups: shuffle=[unsat@4.693s, unsat@5.060s, unsat@4.463s, unsat@4.376s, unsat@4.805s, unsat@4.288s, unsat@4.872s, unsat@3.470s, unsat@4.736s, unsat@3.849s, unsat@3.774s, unsat@4.305s, unsat@4.489s, unsat@5.186s, unsat@4.895s, unsat@5.151s, unsat@5.479s, unsat@4.794s, timeout@60.000s, timeout@60.000s, timeout@60.000s, timeout@60.000s] (38 mutant result(s) pending); rename=[] (60 mutant result(s) pending); reseed=[] (60 mutant result(s) pending); possible final categories=[unstable] [0m
[92m[INFO] early decision: gen/sproj_single_076f914d9c/page-table__spec_t__os_invariant__next_step_preserves_inv_lock.smt2 -> not_stable; skipping 152 queued tasks [0m
[94m[DEBUG] finished: 24/29, elapsed: 0.02 hours, estimated: 08-25 17:26 [0m
[94m[DEBUG] finished: 27/29, elapsed: 0.02 hours, estimated: 08-25 17:27 [0m
[94m[DEBUG] finished: 28/29, elapsed: 0.03 hours, estimated: 08-25 17:27 [0m
=== stable (0) ===
Starting Cazamariposas
[92m[INFO] [init] loaded cached artifacts: traces=3, cores=4, proofs=3 [0m
[92m[INFO] [init] cached-proofs-only: skipping trace, core, and proof construction [0m
[92m[INFO] [init] dbg root: dbg/076f914d9c/ [0m
[92m[INFO] [init] 076f914d9c auto selected DbgMode.TIMEOUT [0m
Found failure trace and proof object
[92m[INFO] [graph] found dbg/076f914d9c/graphs/reseed.764156938161818252.txt [0m
[92m[INFO] [stats] found dbg/076f914d9c/stats/reseed.764156938161818252.txt [0m
[94m[DEBUG] [edit] proof path: dbg/076f914d9c/proofs/rename.191134073603777486.proof [0m
[94m[DEBUG] [edit] trace path: dbg/076f914d9c/traces/reseed.764156938161818252 [0m
aea54961addc717749ac2deacb5eb4b9.pickle
[93m[WARN] [differ] qid constructor_accessor_axiom not found in dbg/076f914d9c/orig.smt2 [0m
[93m[WARN] [differ] qid <null> not found in dbg/076f914d9c/orig.smt2 [0m
[92m[INFO] [edit] [erase] prelude_unbox_box_bool [0m
[92m[INFO] [edit] written to data/projs/timeout_076f914d9c/base.z3/bf399e4e.smt2 [0m
[92m[INFO] [edit] [inst] prelude_unbox_box_int 32 instances [0m
[92m[INFO] [edit] [erase] prelude_unbox_box_int [0m
[92m[INFO] [edit] written to data/projs/timeout_076f914d9c/base.z3/e8794a44.smt2 [0m
[92m[INFO] [edit] [erase] internal_lib!spec_t.mmu.pt_mem.impl&__0.pt_walk.?_definition [0m
[92m[INFO] [edit] written to data/projs/timeout_076f914d9c/base.z3/76bf6c9e.smt2 [0m
[92m[INFO] [edit] [erase] internal_lib!spec_t.mmu.defs.aligned.?_definition [0m
[92m[INFO] [edit] written to data/projs/timeout_076f914d9c/base.z3/13256b62.smt2 [0m
[92m[INFO] [edit] [erase] internal_lib!spec_t.mmu.translation.impl&__1.view.?_definition [0m
[92m[INFO] [edit] written to data/projs/timeout_076f914d9c/base.z3/de5d8bf1.smt2 [0m
[92m[INFO] [edit] [erase] internal_lib!spec_t.mmu.rl2.impl&__2.inv.?_definition [0m
[92m[INFO] [edit] written to data/projs/timeout_076f914d9c/base.z3/78841a25.smt2 [0m
[92m[INFO] [edit] [erase] internal_lib!spec_t.os.impl&__6.unallocated_memory_zeroed.?_definition [0m
[92m[INFO] [edit] written to data/projs/timeout_076f914d9c/base.z3/338f7a53.smt2 [0m
[92m[INFO] [edit] [erase] internal_lib!spec_t.mmu.rl2.impl&__2.inv_unmapping.?_definition [0m
[92m[INFO] [edit] written to data/projs/timeout_076f914d9c/base.z3/17bad2ea.smt2 [0m
[92m[INFO] [edit] [inst] internal_lib!spec_t.os.impl&__6.inv.?_definition 1 instances [0m
[92m[INFO] [edit] [erase] internal_lib!spec_t.os.impl&__6.inv.?_definition [0m
[92m[INFO] [edit] written to data/projs/timeout_076f914d9c/base.z3/74e78f5d.smt2 [0m
[92m[INFO] [edit] [erase] prelude_array_index_trigger [0m
[92m[INFO] [edit] written to data/projs/timeout_076f914d9c/base.z3/209e04a1.smt2 [0m
Produced candidate smt2 files
[94m[DEBUG] created table timeout_076f914d9c_base_z3_z3_4_16_0_exp [0m
[92m[INFO] running 10 original queries [0m
[94m[DEBUG] running ALL of timeout_076f914d9c.base.z3 [0m
[94m[DEBUG] adding 10 tasks [0m
[92m[INFO] running 10 tasks [0m
[92m[INFO] there is 4 processors [0m
[94m[DEBUG] worker 2 finished in 9.62 seconds [0m
[94m[DEBUG] worker 0 finished in 10.45 seconds [0m
[94m[DEBUG] worker 3 finished in 10.93 seconds [0m
[94m[DEBUG] worker 1 finished in 60.03 seconds [0m
[92m[INFO] workers finished [0m
[92m[INFO] done post processing exp data [0m
verify candidate 78841a25: 2.841s; rank=6; p=4; t=2.841
verify candidate de5d8bf1: 2.939s; rank=5; p=4; t=2.939
verify candidate 209e04a1: 3.070s; rank=10; p=3; t=3.070
verify candidate 338f7a53: 3.100s; rank=7; p=4; t=3.100
verify candidate 76bf6c9e: 3.170s; rank=3; p=5; t=3.170
verify candidate 74e78f5d: 3.332s; rank=9; p=3; t=3.332
verify candidate 17bad2ea: 3.684s; rank=8; p=3; t=3.684
verify candidate e8794a44: 3.993s; rank=2; p=6; t=3.993
verify candidate bf399e4e: 4.798s; rank=1; p=8; t=4.798
selected 9 verified candidates to data/projs/timeout_076f914d9c.filtered/base.z3 with 30.927s vanilla verification budget
[92m[INFO] running 9 original queries [0m
[92m[INFO] running 90 tasks [0m
[92m[INFO] there is 7 processors [0m
[94m[DEBUG] created table timeout_076f914d9c_filtered_base_z3_z3_4_16_0_exp [0m
[94m[DEBUG] running ALL of timeout_076f914d9c.filtered.base.z3 [0m
[94m[DEBUG] adding 90 tasks [0m
[94m[DEBUG] worker 2 finished in 109.9 seconds [0m
[94m[DEBUG] worker 6 finished in 110.91 seconds [0m
[94m[DEBUG] worker 1 finished in 112.38 seconds [0m
[94m[DEBUG] worker 0 finished in 114.54 seconds [0m
[94m[DEBUG] worker 5 finished in 144.17 seconds [0m
[94m[DEBUG] worker 4 finished in 152.01 seconds [0m
[94m[DEBUG] worker 3 finished in 159.3 seconds [0m
[92m[INFO] workers finished [0m
[92m[INFO] done post processing exp data [0m
=== Overall Report ===

project dir:	data/projs/timeout_076f914d9c.filtered/base.z3
exper config:	filter
solver path:	bin/z3-4.16.0
analyzer:	default

| category   |   count | percentage   |
|------------|---------|--------------|
| unstable   |       8 | 88.89%       |
| stable     |       1 | 11.11%       |
| total      |       9 | 100.00 %     |

=== Report End ===
Ran mariposa on filtered queries
[92m[INFO] carving out query 209e04a1 [0m
Passed Mutants (9):
gen/timeout_076f914d9c.filtered/base.z3/filter/209e04a1.2838718410786117986.shuffle.smt2 - unsat - 4.19
gen/timeout_076f914d9c.filtered/base.z3/filter/209e04a1.12509981020032354745.shuffle.smt2 - unsat - 4.08
gen/timeout_076f914d9c.filtered/base.z3/filter/209e04a1.13155945917421503149.reseed.smt2 - unsat - 3.83
data/projs/timeout_076f914d9c.filtered/base.z3/209e04a1.smt2 - unsat - 3.82
gen/timeout_076f914d9c.filtered/base.z3/filter/209e04a1.1739253259868391144.rename.smt2 - unsat - 3.75
gen/timeout_076f914d9c.filtered/base.z3/filter/209e04a1.10088330364525121461.rename.smt2 - unsat - 3.77
gen/timeout_076f914d9c.filtered/base.z3/filter/209e04a1.12334479187986879253.reseed.smt2 - unsat - 3.78
gen/timeout_076f914d9c.filtered/base.z3/filter/209e04a1.1951321605712948965.rename.smt2 - unsat - 3.73
gen/timeout_076f914d9c.filtered/base.z3/filter/209e04a1.18018085531137952638.reseed.smt2 - unsat - 3.76

Failed Mutants (1):
gen/timeout_076f914d9c.filtered/base.z3/filter/209e04a1.9867794049060889648.shuffle.smt2 - timeout - 60.02
[92m[INFO] carving out query 338f7a53 [0m
Passed Mutants (8):
gen/timeout_076f914d9c.filtered/base.z3/filter/338f7a53.8524833123283386982.reseed.smt2 - unsat - 4.99
data/projs/timeout_076f914d9c.filtered/base.z3/338f7a53.smt2 - unsat - 3.79
gen/timeout_076f914d9c.filtered/base.z3/filter/338f7a53.739198580816127410.rename.smt2 - unsat - 3.85
gen/timeout_076f914d9c.filtered/base.z3/filter/338f7a53.5770274050199784261.rename.smt2 - unsat - 3.73
gen/timeout_076f914d9c.filtered/base.z3/filter/338f7a53.11394923935925021769.shuffle.smt2 - unsat - 3.92
gen/timeout_076f914d9c.filtered/base.z3/filter/338f7a53.6542725572626172027.shuffle.smt2 - unsat - 4.42
gen/timeout_076f914d9c.filtered/base.z3/filter/338f7a53.7169682014232622454.shuffle.smt2 - unsat - 4.13
gen/timeout_076f914d9c.filtered/base.z3/filter/338f7a53.3350573633530906532.rename.smt2 - unsat - 3.53

Failed Mutants (2):
gen/timeout_076f914d9c.filtered/base.z3/filter/338f7a53.14684449568850872302.reseed.smt2 - timeout - 60.02
gen/timeout_076f914d9c.filtered/base.z3/filter/338f7a53.15933069006854998969.reseed.smt2 - timeout - 60.02
[92m[INFO] carving out query 74e78f5d [0m
Passed Mutants (8):
gen/timeout_076f914d9c.filtered/base.z3/filter/74e78f5d.16278636398404591601.reseed.smt2 - unsat - 4.19
gen/timeout_076f914d9c.filtered/base.z3/filter/74e78f5d.6701714418035333237.reseed.smt2 - unsat - 3.98
gen/timeout_076f914d9c.filtered/base.z3/filter/74e78f5d.896316121982036960.reseed.smt2 - unsat - 4.2
gen/timeout_076f914d9c.filtered/base.z3/filter/74e78f5d.1841424593888805762.rename.smt2 - unsat - 4.08
data/projs/timeout_076f914d9c.filtered/base.z3/74e78f5d.smt2 - unsat - 4.09
gen/timeout_076f914d9c.filtered/base.z3/filter/74e78f5d.6757339492689984797.shuffle.smt2 - unsat - 4.42
gen/timeout_076f914d9c.filtered/base.z3/filter/74e78f5d.7316134251730923912.rename.smt2 - unsat - 4.03
gen/timeout_076f914d9c.filtered/base.z3/filter/74e78f5d.11615037843908959311.rename.smt2 - unsat - 4.13

Failed Mutants (2):
gen/timeout_076f914d9c.filtered/base.z3/filter/74e78f5d.5270099574446902486.shuffle.smt2 - timeout - 60.02
gen/timeout_076f914d9c.filtered/base.z3/filter/74e78f5d.17121869795656451025.shuffle.smt2 - timeout - 60.02
[92m[INFO] carving out query 76bf6c9e [0m
Passed Mutants (9):
gen/timeout_076f914d9c.filtered/base.z3/filter/76bf6c9e.10742694136083396216.shuffle.smt2 - unsat - 4.84
gen/timeout_076f914d9c.filtered/base.z3/filter/76bf6c9e.8142114156756921115.shuffle.smt2 - unsat - 4.53
gen/timeout_076f914d9c.filtered/base.z3/filter/76bf6c9e.1521565916740596904.rename.smt2 - unsat - 3.88
gen/timeout_076f914d9c.filtered/base.z3/filter/76bf6c9e.14277223219988289381.rename.smt2 - unsat - 3.91
gen/timeout_076f914d9c.filtered/base.z3/filter/76bf6c9e.4840097273885438989.reseed.smt2 - unsat - 4.06
gen/timeout_076f914d9c.filtered/base.z3/filter/76bf6c9e.1904283437224511600.shuffle.smt2 - unsat - 4.6
gen/timeout_076f914d9c.filtered/base.z3/filter/76bf6c9e.3827172722739010317.reseed.smt2 - unsat - 4.91
gen/timeout_076f914d9c.filtered/base.z3/filter/76bf6c9e.11887429731876214300.rename.smt2 - unsat - 3.87
data/projs/timeout_076f914d9c.filtered/base.z3/76bf6c9e.smt2 - unsat - 3.86

Failed Mutants (1):
gen/timeout_076f914d9c.filtered/base.z3/filter/76bf6c9e.10911121632997101041.reseed.smt2 - unknown - 6.33
[92m[INFO] carving out query 78841a25 [0m
Passed Mutants (9):
gen/timeout_076f914d9c.filtered/base.z3/filter/78841a25.1756295858424219810.rename.smt2 - unsat - 3.47
gen/timeout_076f914d9c.filtered/base.z3/filter/78841a25.6997583231325170953.shuffle.smt2 - unsat - 4.36
gen/timeout_076f914d9c.filtered/base.z3/filter/78841a25.7330068714910856491.rename.smt2 - unsat - 3.52
data/projs/timeout_076f914d9c.filtered/base.z3/78841a25.smt2 - unsat - 3.42
gen/timeout_076f914d9c.filtered/base.z3/filter/78841a25.5134033856491495917.rename.smt2 - unsat - 3.45
gen/timeout_076f914d9c.filtered/base.z3/filter/78841a25.5057232183206667655.reseed.smt2 - unsat - 3.42
gen/timeout_076f914d9c.filtered/base.z3/filter/78841a25.5024733571546503574.reseed.smt2 - unsat - 4.25
gen/timeout_076f914d9c.filtered/base.z3/filter/78841a25.9210303682251313278.shuffle.smt2 - unsat - 2.83
gen/timeout_076f914d9c.filtered/base.z3/filter/78841a25.12406972640688279439.shuffle.smt2 - unsat - 3.52

Failed Mutants (1):
gen/timeout_076f914d9c.filtered/base.z3/filter/78841a25.4326146139764615827.reseed.smt2 - timeout - 60.02
[92m[INFO] carving out query bf399e4e [0m
Passed Mutants (8):
gen/timeout_076f914d9c.filtered/base.z3/filter/bf399e4e.9407532060961727602.shuffle.smt2 - unsat - 6.25
gen/timeout_076f914d9c.filtered/base.z3/filter/bf399e4e.10045713826141793641.reseed.smt2 - unsat - 5.65
gen/timeout_076f914d9c.filtered/base.z3/filter/bf399e4e.10570192188726950311.shuffle.smt2 - unsat - 4.72
gen/timeout_076f914d9c.filtered/base.z3/filter/bf399e4e.10132134847995013046.shuffle.smt2 - unsat - 6.13
gen/timeout_076f914d9c.filtered/base.z3/filter/bf399e4e.6709732315656944546.rename.smt2 - unsat - 5.92
data/projs/timeout_076f914d9c.filtered/base.z3/bf399e4e.smt2 - unsat - 5.86
gen/timeout_076f914d9c.filtered/base.z3/filter/bf399e4e.13672425804276759082.rename.smt2 - unsat - 5.81
gen/timeout_076f914d9c.filtered/base.z3/filter/bf399e4e.6826145488896351610.rename.smt2 - unsat - 4.93

Failed Mutants (2):
gen/timeout_076f914d9c.filtered/base.z3/filter/bf399e4e.560918532086187752.reseed.smt2 - unknown - 5.65
gen/timeout_076f914d9c.filtered/base.z3/filter/bf399e4e.2156495298927717791.reseed.smt2 - unknown - 5.62
[92m[INFO] carving out query de5d8bf1 [0m
Passed Mutants (7):
gen/timeout_076f914d9c.filtered/base.z3/filter/de5d8bf1.18111681895959354053.shuffle.smt2 - unsat - 4.8
gen/timeout_076f914d9c.filtered/base.z3/filter/de5d8bf1.676909191248007715.rename.smt2 - unsat - 3.93
gen/timeout_076f914d9c.filtered/base.z3/filter/de5d8bf1.14840200814054187522.rename.smt2 - unsat - 3.9
gen/timeout_076f914d9c.filtered/base.z3/filter/de5d8bf1.1140801433742544723.reseed.smt2 - unsat - 4.6
gen/timeout_076f914d9c.filtered/base.z3/filter/de5d8bf1.4543530575259055479.rename.smt2 - unsat - 3.87
gen/timeout_076f914d9c.filtered/base.z3/filter/de5d8bf1.14579705160114307079.shuffle.smt2 - unsat - 4.76
data/projs/timeout_076f914d9c.filtered/base.z3/de5d8bf1.smt2 - unsat - 3.89

Failed Mutants (3):
gen/timeout_076f914d9c.filtered/base.z3/filter/de5d8bf1.1145295076812212223.shuffle.smt2 - timeout - 60.02
gen/timeout_076f914d9c.filtered/base.z3/filter/de5d8bf1.12492658014626537127.reseed.smt2 - timeout - 60.01
gen/timeout_076f914d9c.filtered/base.z3/filter/de5d8bf1.13297134636424771877.reseed.smt2 - timeout - 60.02
[92m[INFO] carving out query e8794a44 [0m
Passed Mutants (9):
data/projs/timeout_076f914d9c.filtered/base.z3/e8794a44.smt2 - unsat - 5.01
gen/timeout_076f914d9c.filtered/base.z3/filter/e8794a44.4518309837630732180.shuffle.smt2 - unsat - 4.75
gen/timeout_076f914d9c.filtered/base.z3/filter/e8794a44.10738186410314595018.rename.smt2 - unsat - 5.04
gen/timeout_076f914d9c.filtered/base.z3/filter/e8794a44.105289232529662111.reseed.smt2 - unsat - 4.17
gen/timeout_076f914d9c.filtered/base.z3/filter/e8794a44.4521815529368590438.rename.smt2 - unsat - 4.95
gen/timeout_076f914d9c.filtered/base.z3/filter/e8794a44.10145415175009365249.reseed.smt2 - unsat - 4.21
gen/timeout_076f914d9c.filtered/base.z3/filter/e8794a44.13962410029707974629.reseed.smt2 - unsat - 4.19
gen/timeout_076f914d9c.filtered/base.z3/filter/e8794a44.2948763530608797236.shuffle.smt2 - unsat - 4.69
gen/timeout_076f914d9c.filtered/base.z3/filter/e8794a44.9301780533941784687.rename.smt2 - unsat - 4.92

Failed Mutants (1):
gen/timeout_076f914d9c.filtered/base.z3/filter/e8794a44.16452657076813642927.shuffle.smt2 - unknown - 9.37
[92m[INFO] removed 8 queries, 1 remaining [0m
Carved out unstable queries
Ran early-stop stability checks until a stable fix was found
Checking candidates by increasing vanilla verification time
Checking candidate 1/1 for stability: data/projs/timeout_076f914d9c.filtered/base.z3/17bad2ea.smt2
[92m[INFO] removing gen/sproj_single_90c7aa60a5 [0m
[92m[INFO] using 60s solver timeout (capped by analyzer 60sec) [0m
[94m[DEBUG] created table single_90c7aa60a5_base_z3_z3_4_16_0_exp [0m
[92m[INFO] running 1 original queries [0m
[94m[DEBUG] running ALL of single_90c7aa60a5.base.z3 [0m
[94m[DEBUG] adding 181 tasks [0m
[94m[DEBUG] finished: 11/181, elapsed: 0.0 hours, estimated: 08-25 17:31 [0m
[94m[DEBUG] finished: 19/181, elapsed: 0.01 hours, estimated: 08-25 17:37 [0m
[94m[DEBUG] finished: 26/181, elapsed: 0.01 hours, estimated: 08-25 17:35 [0m
[94m[DEBUG] finished: 28/181, elapsed: 0.02 hours, estimated: 08-25 17:39 [0m
[92m[INFO] criteria: vanilla=unsat@4.479s; groups: shuffle=[unsat@4.341s, unsat@4.362s, unsat@4.659s, unsat@5.034s, unsat@4.308s, unsat@4.878s, unsat@4.882s, unsat@4.867s, unsat@4.578s, unsat@4.066s, unsat@4.333s, unsat@4.356s, unsat@3.865s, unsat@4.391s, unsat@5.422s, unsat@4.138s, unsat@5.008s, unsat@3.848s, unsat@4.555s, unsat@4.886s, unsat@4.595s, unsat@4.212s, unsat@4.989s, unsat@4.458s, unsat@4.654s, unsat@5.574s, timeout@60.000s, timeout@60.000s, unsat@4.080s, unsat@4.363s, unsat@4.400s, timeout@60.000s, timeout@60.000s] (27 mutant result(s) pending); rename=[] (60 mutant result(s) pending); reseed=[] (60 mutant result(s) pending); possible final categories=[unstable] [0m
[92m[INFO] early decision: gen/sproj_single_90c7aa60a5/17bad2ea.smt2 -> not_stable; skipping 141 queued tasks [0m
[94m[DEBUG] finished: 35/40, elapsed: 0.02 hours, estimated: 08-25 17:32 [0m
[94m[DEBUG] finished: 37/40, elapsed: 0.03 hours, estimated: 08-25 17:33 [0m
[94m[DEBUG] finished: 39/40, elapsed: 0.03 hours, estimated: 08-25 17:33 [0m
[94m[DEBUG] finished: 40/40, elapsed: 0.03 hours, estimated: 08-25 17:33 [0m
=== stable (0) ===
Got list of fixes
No fixes were found :(

=== Caza external-call time (wall clock) ===
  120.25s  initial stability check
    0.05s  build debugger trace and proof
    3.91s  finding fixes
   60.07s  verify candidates
    0.01s  filter broken candidates
  159.92s  filter candidates experiment
    0.88s  carve unstable candidates
  124.73s  early stability check 17bad2ea.smt2
  469.83s  total

================================================================================
[43/73] Caza query finished 2026-08-25T17:33:41
exit status: 0
================================================================================

================================================================================
[44/73] Caza query started 2026-08-25T17:33:41
query: /home/youjia/mariposa/data/verita_bad/svsm__mm__alloc.96.smt2
command: /usr/bin/python3 -u /home/youjia/mariposa/src/caza_wizard.py --set-seed 0x87654321 --early --fast-proof --sort time /home/youjia/mariposa/data/verita_bad/svsm__mm__alloc.96.smt2
================================================================================
Parsing...
Checking whether the input query is already stable
[92m[INFO] removing gen/sproj_single_0a039b9c3b [0m
[92m[INFO] using 60s solver timeout (capped by analyzer 60sec) [0m
[94m[DEBUG] created table single_0a039b9c3b_base_z3_z3_4_16_0_exp [0m
[92m[INFO] running 1 original queries [0m
[94m[DEBUG] running ALL of single_0a039b9c3b.base.z3 [0m
[94m[DEBUG] adding 181 tasks [0m
[92m[INFO] criteria: vanilla=unsat@0.186s; groups: shuffle=[unsat@0.203s, unsat@0.207s, unsat@0.204s, unsat@0.205s, unsat@0.203s, unsat@0.208s, unsat@0.230s, unsat@0.207s, unknown@0.202s, unsat@0.210s, unsat@0.206s, unsat@0.204s, unsat@0.214s, unknown@0.207s, unsat@0.198s, unsat@0.206s, unsat@0.206s, unsat@0.207s, unsat@0.206s, unsat@0.220s, unsat@0.206s, unsat@0.202s, unsat@0.210s, unsat@0.205s, unsat@0.210s, unsat@0.205s, unsat@0.205s, unsat@0.210s, unsat@0.217s, unsat@0.212s, unsat@0.210s, unsat@0.212s, unsat@0.206s, unsat@0.214s, unsat@0.214s, unsat@0.203s, unsat@0.211s, unsat@0.203s, unsat@0.214s, unsat@0.210s, unsat@0.206s, unsat@0.214s, unsat@0.202s, unknown@0.201s, unsat@0.216s, unsat@0.208s, unsat@0.215s, unknown@0.209s] (12 mutant result(s) pending); rename=[] (60 mutant result(s) pending); reseed=[] (60 mutant result(s) pending); possible final categories=[unstable] [0m
[92m[INFO] early decision: gen/sproj_single_0a039b9c3b/svsm__mm__alloc.96.smt2 -> not_stable; skipping 126 queued tasks [0m
=== stable (0) ===
Starting Cazamariposas
[92m[INFO] [init] loaded cached artifacts: traces=2, cores=4, proofs=4 [0m
[92m[INFO] [init] cached-proofs-only: skipping trace, core, and proof construction [0m
[92m[INFO] [init] dbg root: dbg/0a039b9c3b/ [0m
[92m[INFO] [init] 0a039b9c3b auto selected DbgMode.FAST_FAIL [0m
Found failure trace and proof object
[94m[DEBUG] [edit] proof path: dbg/0a039b9c3b/proofs/rename.191134073603777486.proof [0m
[94m[DEBUG] [edit] trace path: dbg/0a039b9c3b/traces/shuffle.11649937724482683049 [0m
c7992715d8c5933d5ef85dd1b790a7cf.pickle
[93m[WARN] [differ] qid constructor_accessor_axiom not found in dbg/0a039b9c3b/orig.smt2 [0m
[93m[WARN] [differ] qid <null> not found in dbg/0a039b9c3b/orig.smt2 [0m
[92m[INFO] [edit] [inst] prelude_fuel_defaults 15 instances [0m
[92m[INFO] [edit] [erase] prelude_fuel_defaults [0m
[92m[INFO] [edit] written to data/projs/fast_fail_0a039b9c3b/base.z3/8ab12f96.smt2 [0m
[92m[INFO] [edit] [inst] prelude_u_clip 6 instances [0m
[92m[INFO] [edit] [erase] prelude_u_clip [0m
[92m[INFO] [edit] written to data/projs/fast_fail_0a039b9c3b/base.z3/c05f41ad.smt2 [0m
[92m[INFO] [edit] [inst] internal_core__option__Option_box_axiom_definition 5 instances [0m
[92m[INFO] [edit] [erase] internal_core__option__Option_box_axiom_definition [0m
[92m[INFO] [edit] written to data/projs/fast_fail_0a039b9c3b/base.z3/b6c8e4c4.smt2 [0m
[92m[INFO] [edit] [inst] prelude_sub 4 instances [0m
[92m[INFO] [edit] [erase] prelude_sub [0m
[92m[INFO] [edit] written to data/projs/fast_fail_0a039b9c3b/base.z3/4cdcaea2.smt2 [0m
[92m[INFO] [edit] [inst] internal_core!option.Option./Some/0_accessor_definition 4 instances [0m
[92m[INFO] [edit] [erase] internal_core!option.Option./Some/0_accessor_definition [0m
[92m[INFO] [edit] written to data/projs/fast_fail_0a039b9c3b/base.z3/650fd013.smt2 [0m
[92m[INFO] [edit] [inst] prelude_unbox_box_int 3 instances [0m
[92m[INFO] [edit] [erase] prelude_unbox_box_int [0m
[92m[INFO] [edit] written to data/projs/fast_fail_0a039b9c3b/base.z3/e8794a44.smt2 [0m
[92m[INFO] [edit] [inst] internal_core!option.Option./Some/0_invariant_definition 3 instances [0m
[92m[INFO] [edit] [erase] internal_core!option.Option./Some/0_invariant_definition [0m
[92m[INFO] [edit] written to data/projs/fast_fail_0a039b9c3b/base.z3/0c3fdf26.smt2 [0m
[92m[INFO] [edit] [inst] prelude_eucdiv 3 instances [0m
[92m[INFO] [edit] [erase] prelude_eucdiv [0m
[92m[INFO] [edit] written to data/projs/fast_fail_0a039b9c3b/base.z3/30b90337.smt2 [0m
[92m[INFO] [edit] [inst] prelude_add 3 instances [0m
[92m[INFO] [edit] [erase] prelude_add [0m
[92m[INFO] [edit] written to data/projs/fast_fail_0a039b9c3b/base.z3/f6e0cf32.smt2 [0m
[92m[INFO] [edit] [inst] internal_ens__core!option.impl&__0.ok_or._definition 2 instances [0m
[92m[INFO] [edit] [erase] internal_ens__core!option.impl&__0.ok_or._definition [0m
[92m[INFO] [edit] written to data/projs/fast_fail_0a039b9c3b/base.z3/db647468.smt2 [0m
Produced candidate smt2 files
[94m[DEBUG] created table fast_fail_0a039b9c3b_base_z3_z3_4_16_0_exp [0m
[92m[INFO] running 10 original queries [0m
[94m[DEBUG] running ALL of fast_fail_0a039b9c3b.base.z3 [0m
[94m[DEBUG] adding 10 tasks [0m
[92m[INFO] running 10 tasks [0m
[92m[INFO] there is 4 processors [0m
[94m[DEBUG] worker 1 finished in 0.36 seconds [0m
[94m[DEBUG] worker 0 finished in 0.37 seconds [0m
[94m[DEBUG] worker 3 finished in 0.51 seconds [0m
[94m[DEBUG] worker 2 finished in 0.52 seconds [0m
[92m[INFO] workers finished [0m
[92m[INFO] done post processing exp data [0m
verify candidate 8ab12f96: 0.150s; rank=1; p=8; t=0.150
verify candidate c05f41ad: 0.163s; rank=2; p=6; t=0.163
verify candidate 4cdcaea2: 0.168s; rank=4; p=4; t=0.168
verify candidate db647468: 0.168s; rank=10; p=3; t=0.168
verify candidate 650fd013: 0.169s; rank=5; p=4; t=0.169
verify candidate b6c8e4c4: 0.170s; rank=3; p=5; t=0.170
verify candidate 0c3fdf26: 0.171s; rank=7; p=4; t=0.171
verify candidate f6e0cf32: 0.172s; rank=9; p=3; t=0.172
verify candidate 30b90337: 0.173s; rank=8; p=3; t=0.173
selected 9 verified candidates to data/projs/fast_fail_0a039b9c3b.filtered/base.z3 with 1.504s vanilla verification budget
[92m[INFO] running 9 original queries [0m
[92m[INFO] running 90 tasks [0m
[92m[INFO] there is 7 processors [0m
[94m[DEBUG] created table fast_fail_0a039b9c3b_filtered_base_z3_z3_4_16_0_exp [0m
[94m[DEBUG] running ALL of fast_fail_0a039b9c3b.filtered.base.z3 [0m
[94m[DEBUG] adding 90 tasks [0m
[94m[DEBUG] worker 2 finished in 3.67 seconds [0m
[94m[DEBUG] worker 6 finished in 3.76 seconds [0m
[94m[DEBUG] worker 4 finished in 3.78 seconds [0m
[94m[DEBUG] worker 0 finished in 3.82 seconds [0m
[94m[DEBUG] worker 5 finished in 3.82 seconds [0m
[94m[DEBUG] worker 3 finished in 3.84 seconds [0m
[94m[DEBUG] worker 1 finished in 3.87 seconds [0m
[92m[INFO] workers finished [0m
[92m[INFO] done post processing exp data [0m
=== Overall Report ===

project dir:	data/projs/fast_fail_0a039b9c3b.filtered/base.z3
exper config:	filter
solver path:	bin/z3-4.16.0
analyzer:	default

| category   |   count | percentage   |
|------------|---------|--------------|
| stable     |       5 | 55.56%       |
| unstable   |       4 | 44.44%       |
| total      |       9 | 100.00 %     |

=== Report End ===
Ran mariposa on filtered queries
[92m[INFO] carving out query 30b90337 [0m
Passed Mutants (9):
gen/fast_fail_0a039b9c3b.filtered/base.z3/filter/30b90337.10477278997087067429.reseed.smt2 - unsat - 0.19
data/projs/fast_fail_0a039b9c3b.filtered/base.z3/30b90337.smt2 - unsat - 0.19
gen/fast_fail_0a039b9c3b.filtered/base.z3/filter/30b90337.14654062273552472338.rename.smt2 - unsat - 0.19
gen/fast_fail_0a039b9c3b.filtered/base.z3/filter/30b90337.1530515857512341430.rename.smt2 - unsat - 0.19
gen/fast_fail_0a039b9c3b.filtered/base.z3/filter/30b90337.1503737686924029567.shuffle.smt2 - unsat - 0.22
gen/fast_fail_0a039b9c3b.filtered/base.z3/filter/30b90337.9741347564616339039.reseed.smt2 - unsat - 0.18
gen/fast_fail_0a039b9c3b.filtered/base.z3/filter/30b90337.8051911616288566328.reseed.smt2 - unsat - 0.18
gen/fast_fail_0a039b9c3b.filtered/base.z3/filter/30b90337.17390508942512713401.rename.smt2 - unsat - 0.19
gen/fast_fail_0a039b9c3b.filtered/base.z3/filter/30b90337.13363444941066296506.shuffle.smt2 - unsat - 0.2

Failed Mutants (1):
gen/fast_fail_0a039b9c3b.filtered/base.z3/filter/30b90337.14516397503039875039.shuffle.smt2 - unknown - 0.21
[92m[INFO] carving out query 4cdcaea2 [0m
Passed Mutants (8):
gen/fast_fail_0a039b9c3b.filtered/base.z3/filter/4cdcaea2.9713524647265050502.shuffle.smt2 - unsat - 0.21
gen/fast_fail_0a039b9c3b.filtered/base.z3/filter/4cdcaea2.2412914310891595962.reseed.smt2 - unsat - 0.18
gen/fast_fail_0a039b9c3b.filtered/base.z3/filter/4cdcaea2.15752375236067729479.rename.smt2 - unsat - 0.18
gen/fast_fail_0a039b9c3b.filtered/base.z3/filter/4cdcaea2.18805985232590922.reseed.smt2 - unsat - 0.18
gen/fast_fail_0a039b9c3b.filtered/base.z3/filter/4cdcaea2.11182207964196573442.rename.smt2 - unsat - 0.19
gen/fast_fail_0a039b9c3b.filtered/base.z3/filter/4cdcaea2.5314602354015692932.rename.smt2 - unsat - 0.18
data/projs/fast_fail_0a039b9c3b.filtered/base.z3/4cdcaea2.smt2 - unsat - 0.18
gen/fast_fail_0a039b9c3b.filtered/base.z3/filter/4cdcaea2.985540285999983008.reseed.smt2 - unsat - 0.18

Failed Mutants (2):
gen/fast_fail_0a039b9c3b.filtered/base.z3/filter/4cdcaea2.15528803439861977537.shuffle.smt2 - unknown - 0.21
gen/fast_fail_0a039b9c3b.filtered/base.z3/filter/4cdcaea2.6036423011190785404.shuffle.smt2 - unknown - 0.2
[92m[INFO] carving out query 650fd013 [0m
Passed Mutants (9):
gen/fast_fail_0a039b9c3b.filtered/base.z3/filter/650fd013.580372481685371511.reseed.smt2 - unsat - 0.19
gen/fast_fail_0a039b9c3b.filtered/base.z3/filter/650fd013.17757934039211230489.rename.smt2 - unsat - 0.19
gen/fast_fail_0a039b9c3b.filtered/base.z3/filter/650fd013.4481210638209228170.shuffle.smt2 - unsat - 0.22
gen/fast_fail_0a039b9c3b.filtered/base.z3/filter/650fd013.11062574477986085887.reseed.smt2 - unsat - 0.18
gen/fast_fail_0a039b9c3b.filtered/base.z3/filter/650fd013.9818641063253013729.rename.smt2 - unsat - 0.19
gen/fast_fail_0a039b9c3b.filtered/base.z3/filter/650fd013.16109486682411136205.shuffle.smt2 - unsat - 0.21
gen/fast_fail_0a039b9c3b.filtered/base.z3/filter/650fd013.5825156640495797779.rename.smt2 - unsat - 0.19
data/projs/fast_fail_0a039b9c3b.filtered/base.z3/650fd013.smt2 - unsat - 0.19
gen/fast_fail_0a039b9c3b.filtered/base.z3/filter/650fd013.16466137620989865662.reseed.smt2 - unsat - 0.19

Failed Mutants (1):
gen/fast_fail_0a039b9c3b.filtered/base.z3/filter/650fd013.3417990536692842076.shuffle.smt2 - unknown - 0.21
[92m[INFO] carving out query f6e0cf32 [0m
Passed Mutants (9):
gen/fast_fail_0a039b9c3b.filtered/base.z3/filter/f6e0cf32.8772834923363088620.reseed.smt2 - unsat - 0.19
gen/fast_fail_0a039b9c3b.filtered/base.z3/filter/f6e0cf32.4601464874555487359.shuffle.smt2 - unsat - 0.2
gen/fast_fail_0a039b9c3b.filtered/base.z3/filter/f6e0cf32.12697460740723963093.reseed.smt2 - unsat - 0.18
gen/fast_fail_0a039b9c3b.filtered/base.z3/filter/f6e0cf32.14255736987665646434.reseed.smt2 - unsat - 0.18
gen/fast_fail_0a039b9c3b.filtered/base.z3/filter/f6e0cf32.9099066627517672266.shuffle.smt2 - unsat - 0.2
gen/fast_fail_0a039b9c3b.filtered/base.z3/filter/f6e0cf32.14742008491443483995.rename.smt2 - unsat - 0.19
data/projs/fast_fail_0a039b9c3b.filtered/base.z3/f6e0cf32.smt2 - unsat - 0.18
gen/fast_fail_0a039b9c3b.filtered/base.z3/filter/f6e0cf32.18309549625693233475.rename.smt2 - unsat - 0.19
gen/fast_fail_0a039b9c3b.filtered/base.z3/filter/f6e0cf32.6261881906244981220.rename.smt2 - unsat - 0.19

Failed Mutants (1):
gen/fast_fail_0a039b9c3b.filtered/base.z3/filter/f6e0cf32.9683129093906921111.shuffle.smt2 - unknown - 0.21
[92m[INFO] removed 4 queries, 5 remaining [0m
Carved out unstable queries
Ran early-stop stability checks until a stable fix was found
Checking candidates by increasing vanilla verification time
Checking candidate 1/5 for stability: data/projs/fast_fail_0a039b9c3b.filtered/base.z3/8ab12f96.smt2
[92m[INFO] removing gen/sproj_single_91cdc319b6 [0m
[92m[INFO] using 60s solver timeout (capped by analyzer 60sec) [0m
[94m[DEBUG] created table single_91cdc319b6_base_z3_z3_4_16_0_exp [0m
[92m[INFO] running 1 original queries [0m
[94m[DEBUG] running ALL of single_91cdc319b6.base.z3 [0m
[94m[DEBUG] adding 181 tasks [0m
=== stable (1) ===
query path: gen/sproj_single_91cdc319b6/8ab12f96.smt2
Found a stable fix; stopping further stability checks
Got list of fixes
Found 1 fix(es):
    8ab12f96: inst_replace prelude_fuel_defaults -> data/projs/fast_fail_0a039b9c3b/base.z3/8ab12f96.smt2

=== Caza external-call time (wall clock) ===
    2.86s  initial stability check
    0.05s  build debugger trace and proof
    2.31s  finding fixes
    0.57s  verify candidates
    0.04s  filter broken candidates
    4.51s  filter candidates experiment
    0.89s  carve unstable candidates
    7.70s  early stability check 8ab12f96.smt2
   18.94s  total

================================================================================
[44/73] Caza query finished 2026-08-25T17:34:00
exit status: 0
================================================================================

================================================================================
[45/73] Caza query started 2026-08-25T17:34:00
query: /home/youjia/mariposa/data/verita_bad/svsm__mm__alloc__alloc_spec.9.smt2
command: /usr/bin/python3 -u /home/youjia/mariposa/src/caza_wizard.py --set-seed 0x87654321 --early --fast-proof --sort time /home/youjia/mariposa/data/verita_bad/svsm__mm__alloc__alloc_spec.9.smt2
================================================================================
Parsing...
Checking whether the input query is already stable
[92m[INFO] removing gen/sproj_single_42f8734cd1 [0m
[92m[INFO] using 60s solver timeout (capped by analyzer 60sec) [0m
[94m[DEBUG] created table single_42f8734cd1_base_z3_z3_4_16_0_exp [0m
[92m[INFO] running 1 original queries [0m
[94m[DEBUG] running ALL of single_42f8734cd1.base.z3 [0m
[94m[DEBUG] adding 181 tasks [0m
[92m[INFO] criteria: vanilla=unsat@0.297s; groups: shuffle=[unknown@0.215s, unknown@0.249s, unknown@0.268s, unsat@0.292s, unsat@0.293s, unsat@0.323s, unknown@0.121s] (53 mutant result(s) pending); rename=[] (60 mutant result(s) pending); reseed=[] (60 mutant result(s) pending); possible final categories=[unsolvable, unstable] [0m
[92m[INFO] early decision: gen/sproj_single_42f8734cd1/svsm__mm__alloc__alloc_spec.9.smt2 -> not_stable; skipping 167 queued tasks [0m
=== stable (0) ===
Starting Cazamariposas
[92m[INFO] [init] loaded cached artifacts: traces=3, cores=4, proofs=4 [0m
[92m[INFO] [init] cached-proofs-only: skipping trace, core, and proof construction [0m
[92m[INFO] [init] dbg root: dbg/42f8734cd1/ [0m
[92m[INFO] [init] 42f8734cd1 auto selected DbgMode.FAST_FAIL [0m
Found failure trace and proof object
[94m[DEBUG] [edit] proof path: dbg/42f8734cd1/proofs/reseed.153599279564730394.proof [0m
[94m[DEBUG] [edit] trace path: dbg/42f8734cd1/traces/shuffle.12420925493754069455 [0m
722aa39c4abb483a34293062a1dc3dfd.pickle
[93m[WARN] [differ] qid unknown_57 not found in dbg/42f8734cd1/orig.smt2 [0m
[93m[WARN] [differ] qid constructor_accessor_axiom not found in dbg/42f8734cd1/orig.smt2 [0m
[93m[WARN] [differ] qid <null> not found in dbg/42f8734cd1/orig.smt2 [0m
[92m[INFO] [edit] [inst] prelude_fuel_defaults 14 instances [0m
[92m[INFO] [edit] [erase] prelude_fuel_defaults [0m
[92m[INFO] [edit] written to data/projs/fast_fail_42f8734cd1/base.z3/8ab12f96.smt2 [0m
[92m[INFO] [edit] [inst] mariposa_qid_3 4 instances [0m
[92m[INFO] [edit] written to data/projs/fast_fail_42f8734cd1/base.z3/722ee008.smt2 [0m
[92m[INFO] [edit] [inst] prelude_unbox_box_int 9 instances [0m
[92m[INFO] [edit] [erase] prelude_unbox_box_int [0m
[92m[INFO] [edit] written to data/projs/fast_fail_42f8734cd1/base.z3/e8794a44.smt2 [0m
[92m[INFO] [edit] [inst] prelude_unbox_box_bool 8 instances [0m
[92m[INFO] [edit] [erase] prelude_unbox_box_bool [0m
[92m[INFO] [edit] written to data/projs/fast_fail_42f8734cd1/base.z3/bbfbdc60.smt2 [0m
[92m[INFO] [edit] [inst] prelude_add 7 instances [0m
[92m[INFO] [edit] [erase] prelude_add [0m
[92m[INFO] [edit] written to data/projs/fast_fail_42f8734cd1/base.z3/f6e0cf32.smt2 [0m
[92m[INFO] [edit] [inst] internal_core!option.Option./Some/0_invariant_definition 4 instances [0m
[92m[INFO] [edit] [erase] internal_core!option.Option./Some/0_invariant_definition [0m
[92m[INFO] [edit] written to data/projs/fast_fail_42f8734cd1/base.z3/0c3fdf26.smt2 [0m
[92m[INFO] [edit] [inst] user_vstd__set__lemma_set_filter_29 4 instances [0m
[92m[INFO] [edit] [erase] user_vstd__set__lemma_set_filter_29 [0m
[92m[INFO] [edit] written to data/projs/fast_fail_42f8734cd1/base.z3/7fa03d32.smt2 [0m
[92m[INFO] [edit] [inst] internal_core__option__Option_box_axiom_definition 4 instances [0m
[92m[INFO] [edit] [erase] internal_core__option__Option_box_axiom_definition [0m
[92m[INFO] [edit] written to data/projs/fast_fail_42f8734cd1/base.z3/b6c8e4c4.smt2 [0m
[92m[INFO] [edit] [inst] internal_core!option.Option./Some/0_accessor_definition 4 instances [0m
[92m[INFO] [edit] [erase] internal_core!option.Option./Some/0_accessor_definition [0m
[92m[INFO] [edit] written to data/projs/fast_fail_42f8734cd1/base.z3/650fd013.smt2 [0m
[92m[INFO] [edit] [inst] prelude_mul 4 instances [0m
[92m[INFO] [edit] [erase] prelude_mul [0m
[92m[INFO] [edit] written to data/projs/fast_fail_42f8734cd1/base.z3/f472d171.smt2 [0m
Produced candidate smt2 files
[94m[DEBUG] created table fast_fail_42f8734cd1_base_z3_z3_4_16_0_exp [0m
[92m[INFO] running 10 original queries [0m
[94m[DEBUG] running ALL of fast_fail_42f8734cd1.base.z3 [0m
[94m[DEBUG] adding 10 tasks [0m
[92m[INFO] running 10 tasks [0m
[92m[INFO] there is 4 processors [0m
[94m[DEBUG] worker 0 finished in 0.56 seconds [0m
[94m[DEBUG] worker 2 finished in 0.58 seconds [0m
[94m[DEBUG] worker 3 finished in 0.65 seconds [0m
[94m[DEBUG] worker 1 finished in 0.69 seconds [0m
[92m[INFO] workers finished [0m
[92m[INFO] done post processing exp data [0m
verify candidate 8ab12f96: 0.175s; rank=1; p=8; t=0.175
verify candidate f472d171: 0.262s; rank=10; p=3; t=0.262
verify candidate 0c3fdf26: 0.265s; rank=6; p=4; t=0.265
verify candidate b6c8e4c4: 0.273s; rank=8; p=3; t=0.273
verify candidate 650fd013: 0.280s; rank=9; p=3; t=0.280
verify candidate 7fa03d32: 0.306s; rank=7; p=4; t=0.306
selected 6 verified candidates to data/projs/fast_fail_42f8734cd1.filtered/base.z3 with 1.561s vanilla verification budget
[92m[INFO] running 6 original queries [0m
[92m[INFO] running 60 tasks [0m
[92m[INFO] there is 7 processors [0m
[94m[DEBUG] created table fast_fail_42f8734cd1_filtered_base_z3_z3_4_16_0_exp [0m
[94m[DEBUG] running ALL of fast_fail_42f8734cd1.filtered.base.z3 [0m
[94m[DEBUG] adding 60 tasks [0m
[94m[DEBUG] worker 1 finished in 2.38 seconds [0m
[94m[DEBUG] worker 4 finished in 2.4 seconds [0m
[94m[DEBUG] worker 6 finished in 2.41 seconds [0m
[94m[DEBUG] worker 5 finished in 2.47 seconds [0m
[94m[DEBUG] worker 2 finished in 2.53 seconds [0m
[94m[DEBUG] worker 3 finished in 2.56 seconds [0m
[94m[DEBUG] worker 0 finished in 2.6 seconds [0m
[92m[INFO] workers finished [0m
[92m[INFO] done post processing exp data [0m
=== Overall Report ===

project dir:	data/projs/fast_fail_42f8734cd1.filtered/base.z3
exper config:	filter
solver path:	bin/z3-4.16.0
analyzer:	default

| category   |   count | percentage   |
|------------|---------|--------------|
| stable     |       4 | 66.67%       |
| unstable   |       2 | 33.33%       |
| total      |       6 | 100.00 %     |

=== Report End ===
Ran mariposa on filtered queries
[92m[INFO] carving out query 650fd013 [0m
Passed Mutants (9):
gen/fast_fail_42f8734cd1.filtered/base.z3/filter/650fd013.13970636537809452911.shuffle.smt2 - unsat - 0.19
gen/fast_fail_42f8734cd1.filtered/base.z3/filter/650fd013.13656349911847994716.rename.smt2 - unsat - 0.31
gen/fast_fail_42f8734cd1.filtered/base.z3/filter/650fd013.9105451154258816981.rename.smt2 - unsat - 0.3
gen/fast_fail_42f8734cd1.filtered/base.z3/filter/650fd013.13158968764963323685.reseed.smt2 - unsat - 0.24
gen/fast_fail_42f8734cd1.filtered/base.z3/filter/650fd013.8482801556639311159.shuffle.smt2 - unsat - 0.25
data/projs/fast_fail_42f8734cd1.filtered/base.z3/650fd013.smt2 - unsat - 0.3
gen/fast_fail_42f8734cd1.filtered/base.z3/filter/650fd013.5963275454181425086.reseed.smt2 - unsat - 0.23
gen/fast_fail_42f8734cd1.filtered/base.z3/filter/650fd013.5672510508745924545.rename.smt2 - unsat - 0.31
gen/fast_fail_42f8734cd1.filtered/base.z3/filter/650fd013.13006956377326903793.reseed.smt2 - unsat - 0.23

Failed Mutants (1):
gen/fast_fail_42f8734cd1.filtered/base.z3/filter/650fd013.7129563059242640276.shuffle.smt2 - unknown - 0.28
[92m[INFO] carving out query b6c8e4c4 [0m
Passed Mutants (9):
gen/fast_fail_42f8734cd1.filtered/base.z3/filter/b6c8e4c4.8460236742239437770.reseed.smt2 - unsat - 0.22
gen/fast_fail_42f8734cd1.filtered/base.z3/filter/b6c8e4c4.16858764327465365828.reseed.smt2 - unsat - 0.26
gen/fast_fail_42f8734cd1.filtered/base.z3/filter/b6c8e4c4.13831869643179195889.rename.smt2 - unsat - 0.29
gen/fast_fail_42f8734cd1.filtered/base.z3/filter/b6c8e4c4.13450973860846334632.shuffle.smt2 - unsat - 0.27
gen/fast_fail_42f8734cd1.filtered/base.z3/filter/b6c8e4c4.3126082145216125323.shuffle.smt2 - unsat - 0.28
gen/fast_fail_42f8734cd1.filtered/base.z3/filter/b6c8e4c4.14128101247813015198.reseed.smt2 - unsat - 0.24
gen/fast_fail_42f8734cd1.filtered/base.z3/filter/b6c8e4c4.11389742626185189171.rename.smt2 - unsat - 0.3
data/projs/fast_fail_42f8734cd1.filtered/base.z3/b6c8e4c4.smt2 - unsat - 0.29
gen/fast_fail_42f8734cd1.filtered/base.z3/filter/b6c8e4c4.9180077877910249318.rename.smt2 - unsat - 0.29

Failed Mutants (1):
gen/fast_fail_42f8734cd1.filtered/base.z3/filter/b6c8e4c4.10994527829374062843.shuffle.smt2 - unknown - 0.28
[92m[INFO] removed 2 queries, 4 remaining [0m
Carved out unstable queries
Ran early-stop stability checks until a stable fix was found
Checking candidates by increasing vanilla verification time
Checking candidate 1/4 for stability: data/projs/fast_fail_42f8734cd1.filtered/base.z3/8ab12f96.smt2
[92m[INFO] removing gen/sproj_single_04fdcee9cb [0m
[92m[INFO] using 60s solver timeout (capped by analyzer 60sec) [0m
[94m[DEBUG] created table single_04fdcee9cb_base_z3_z3_4_16_0_exp [0m
[92m[INFO] running 1 original queries [0m
[94m[DEBUG] running ALL of single_04fdcee9cb.base.z3 [0m
[94m[DEBUG] adding 181 tasks [0m
=== stable (1) ===
query path: gen/sproj_single_04fdcee9cb/8ab12f96.smt2
Found a stable fix; stopping further stability checks
Got list of fixes
Found 1 fix(es):
    8ab12f96: inst_replace prelude_fuel_defaults -> data/projs/fast_fail_42f8734cd1/base.z3/8ab12f96.smt2

=== Caza external-call time (wall clock) ===
    0.75s  initial stability check
    0.09s  build debugger trace and proof
    0.68s  finding fixes
    0.74s  verify candidates
    0.01s  filter broken candidates
    3.23s  filter candidates experiment
    0.90s  carve unstable candidates
    6.07s  early stability check 8ab12f96.smt2
   12.46s  total

================================================================================
[45/73] Caza query finished 2026-08-25T17:34:13
exit status: 0
================================================================================

================================================================================
[46/73] Caza query started 2026-08-25T17:34:13
query: /home/youjia/mariposa/data/verita_bad/svsm__mm__alloc__alloc_spec__impl_%4__tracked_merge_pages.smt2
command: /usr/bin/python3 -u /home/youjia/mariposa/src/caza_wizard.py --set-seed 0x87654321 --early --fast-proof --sort time /home/youjia/mariposa/data/verita_bad/svsm__mm__alloc__alloc_spec__impl_%4__tracked_merge_pages.smt2
================================================================================
Parsing...
Checking whether the input query is already stable
[92m[INFO] removing gen/sproj_single_957f45d036 [0m
[92m[INFO] using 60s solver timeout (capped by analyzer 60sec) [0m
[94m[DEBUG] created table single_957f45d036_base_z3_z3_4_16_0_exp [0m
[92m[INFO] running 1 original queries [0m
[94m[DEBUG] running ALL of single_957f45d036.base.z3 [0m
[94m[DEBUG] adding 181 tasks [0m
[92m[INFO] criteria: vanilla=unsat@0.212s; groups: shuffle=[unknown@0.106s, unknown@0.123s, unsat@0.131s, unknown@0.131s, unsat@0.145s, unsat@0.237s, unknown@0.101s] (53 mutant result(s) pending); rename=[] (60 mutant result(s) pending); reseed=[] (60 mutant result(s) pending); possible final categories=[unsolvable, unstable] [0m
[92m[INFO] early decision: gen/sproj_single_957f45d036/svsm__mm__alloc__alloc_spec__impl_%4__tracked_merge_pages.smt2 -> not_stable; skipping 167 queued tasks [0m
=== stable (0) ===
Starting Cazamariposas
[92m[INFO] [init] loaded cached artifacts: traces=2, cores=4, proofs=4 [0m
[92m[INFO] [init] cached-proofs-only: skipping trace, core, and proof construction [0m
[92m[INFO] [init] dbg root: dbg/957f45d036/ [0m
[92m[INFO] [init] 957f45d036 auto selected DbgMode.FAST_FAIL [0m
Found failure trace and proof object
[94m[DEBUG] [edit] proof path: dbg/957f45d036/proofs/rename.191134073603777486.proof [0m
[94m[DEBUG] [edit] trace path: dbg/957f45d036/traces/shuffle.12420925493754069455 [0m
94cafa26a63ac558debfc6efd800640c.pickle
[93m[WARN] [differ] qid constructor_accessor_axiom not found in dbg/957f45d036/orig.smt2 [0m
[92m[INFO] [edit] [inst] prelude_add 83 instances [0m
[92m[INFO] [edit] [erase] prelude_add [0m
[92m[INFO] [edit] written to data/projs/fast_fail_957f45d036/base.z3/f6e0cf32.smt2 [0m
[92m[INFO] [edit] [inst] prelude_fuel_defaults 13 instances [0m
[92m[INFO] [edit] [erase] prelude_fuel_defaults [0m
[92m[INFO] [edit] written to data/projs/fast_fail_957f45d036/base.z3/8ab12f96.smt2 [0m
[92m[INFO] [edit] [inst] prelude_unbox_box_bool 8 instances [0m
[92m[INFO] [edit] [erase] prelude_unbox_box_bool [0m
[92m[INFO] [edit] written to data/projs/fast_fail_957f45d036/base.z3/bbfbdc60.smt2 [0m
[92m[INFO] [edit] [inst] prelude_unbox_box_int 7 instances [0m
[92m[INFO] [edit] [erase] prelude_unbox_box_int [0m
[92m[INFO] [edit] written to data/projs/fast_fail_957f45d036/base.z3/e8794a44.smt2 [0m
[93m[WARN] [edit] qid user_vstd__set__lemma_set_union_9 has no feasible actions [0m
[94m[DEBUG] [edit] a3779eb3 failed [0m
[92m[INFO] [edit] [inst] prelude_u_clip 6 instances [0m
[92m[INFO] [edit] [erase] prelude_u_clip [0m
[92m[INFO] [edit] written to data/projs/fast_fail_957f45d036/base.z3/c05f41ad.smt2 [0m
[92m[INFO] [edit] [inst] prelude_mul 5 instances [0m
[92m[INFO] [edit] [erase] prelude_mul [0m
[92m[INFO] [edit] written to data/projs/fast_fail_957f45d036/base.z3/f472d171.smt2 [0m
[92m[INFO] [edit] [inst] internal_svsm!mm.alloc.alloc_spec.impl&__2.wf_pfn_order.?_definition 4 instances [0m
[92m[INFO] [edit] [erase] internal_svsm!mm.alloc.alloc_spec.impl&__2.wf_pfn_order.?_definition [0m
[92m[INFO] [edit] written to data/projs/fast_fail_957f45d036/base.z3/429ca4bf.smt2 [0m
[92m[INFO] [edit] [inst] prelude_nat_clip 4 instances [0m
[92m[INFO] [edit] [erase] prelude_nat_clip [0m
[92m[INFO] [edit] written to data/projs/fast_fail_957f45d036/base.z3/0bbd00e5.smt2 [0m
[92m[INFO] [edit] [inst] internal_ens__svsm!mm.address_space.address_space_spec.impl&__0.lemma_get_virt._definition 4 instances [0m
[92m[INFO] [edit] [erase] internal_ens__svsm!mm.address_space.address_space_spec.impl&__0.lemma_get_virt._definition [0m
[92m[INFO] [edit] written to data/projs/fast_fail_957f45d036/base.z3/94e4bfc9.smt2 [0m
[92m[INFO] [edit] [inst] internal_svsm!mm.alloc.alloc_spec.impl&__1.wf_vaddr_order.?_definition 4 instances [0m
[92m[INFO] [edit] [erase] internal_svsm!mm.alloc.alloc_spec.impl&__1.wf_vaddr_order.?_definition [0m
[92m[INFO] [edit] written to data/projs/fast_fail_957f45d036/base.z3/0926a294.smt2 [0m
Produced candidate smt2 files
[94m[DEBUG] created table fast_fail_957f45d036_base_z3_z3_4_16_0_exp [0m
[92m[INFO] running 10 original queries [0m
[94m[DEBUG] running ALL of fast_fail_957f45d036.base.z3 [0m
[94m[DEBUG] adding 10 tasks [0m
[92m[INFO] running 10 tasks [0m
[92m[INFO] there is 4 processors [0m
[94m[DEBUG] worker 2 finished in 0.34 seconds [0m
[94m[DEBUG] worker 3 finished in 0.41 seconds [0m
[94m[DEBUG] worker 0 finished in 0.44 seconds [0m
[94m[DEBUG] worker 1 finished in 0.56 seconds [0m
[92m[INFO] workers finished [0m
[92m[INFO] done post processing exp data [0m
verify candidate c05f41ad: 0.096s; rank=5; p=4; t=0.096
verify candidate 0926a294: 0.169s; rank=10; p=3; t=0.169
verify candidate 429ca4bf: 0.174s; rank=7; p=4; t=0.174
verify candidate 8ab12f96: 0.187s; rank=2; p=6; t=0.187
verify candidate e8794a44: 0.195s; rank=4; p=4; t=0.195
verify candidate bbfbdc60: 0.219s; rank=3; p=5; t=0.219
verify candidate f472d171: 0.227s; rank=6; p=4; t=0.227
verify candidate 94e4bfc9: 0.245s; rank=9; p=3; t=0.245
selected 8 verified candidates to data/projs/fast_fail_957f45d036.filtered/base.z3 with 1.512s vanilla verification budget
[92m[INFO] running 8 original queries [0m
[92m[INFO] running 80 tasks [0m
[92m[INFO] there is 7 processors [0m
[94m[DEBUG] created table fast_fail_957f45d036_filtered_base_z3_z3_4_16_0_exp [0m
[94m[DEBUG] running ALL of fast_fail_957f45d036.filtered.base.z3 [0m
[94m[DEBUG] adding 80 tasks [0m
[94m[DEBUG] worker 1 finished in 2.37 seconds [0m
[94m[DEBUG] worker 2 finished in 2.38 seconds [0m
[94m[DEBUG] worker 6 finished in 2.38 seconds [0m
[94m[DEBUG] worker 4 finished in 2.45 seconds [0m
[94m[DEBUG] worker 3 finished in 2.48 seconds [0m
[94m[DEBUG] worker 0 finished in 2.5 seconds [0m
[94m[DEBUG] worker 5 finished in 2.57 seconds [0m
[92m[INFO] workers finished [0m
[92m[INFO] done post processing exp data [0m
=== Overall Report ===

project dir:	data/projs/fast_fail_957f45d036.filtered/base.z3
exper config:	filter
solver path:	bin/z3-4.16.0
analyzer:	default

| category   |   count | percentage   |
|------------|---------|--------------|
| stable     |       5 | 62.5%        |
| unstable   |       3 | 37.5%        |
| total      |       8 | 100.00 %     |

=== Report End ===
Ran mariposa on filtered queries
[92m[INFO] carving out query 0926a294 [0m
Passed Mutants (8):
gen/fast_fail_957f45d036.filtered/base.z3/filter/0926a294.8335318974325675448.reseed.smt2 - unsat - 0.19
gen/fast_fail_957f45d036.filtered/base.z3/filter/0926a294.3885278122939296895.reseed.smt2 - unsat - 0.18
gen/fast_fail_957f45d036.filtered/base.z3/filter/0926a294.9527110654737791877.rename.smt2 - unsat - 0.18
gen/fast_fail_957f45d036.filtered/base.z3/filter/0926a294.6145761309122885888.reseed.smt2 - unsat - 0.18
gen/fast_fail_957f45d036.filtered/base.z3/filter/0926a294.14436440663370096592.rename.smt2 - unsat - 0.18
gen/fast_fail_957f45d036.filtered/base.z3/filter/0926a294.15567090456127892046.shuffle.smt2 - unsat - 0.15
data/projs/fast_fail_957f45d036.filtered/base.z3/0926a294.smt2 - unsat - 0.18
gen/fast_fail_957f45d036.filtered/base.z3/filter/0926a294.13428230223653471961.rename.smt2 - unsat - 0.18

Failed Mutants (2):
gen/fast_fail_957f45d036.filtered/base.z3/filter/0926a294.9738988507572332422.shuffle.smt2 - unknown - 0.12
gen/fast_fail_957f45d036.filtered/base.z3/filter/0926a294.7900502941380099597.shuffle.smt2 - unknown - 0.17
[92m[INFO] carving out query 94e4bfc9 [0m
Passed Mutants (9):
gen/fast_fail_957f45d036.filtered/base.z3/filter/94e4bfc9.16787662369370673742.reseed.smt2 - unsat - 0.27
gen/fast_fail_957f45d036.filtered/base.z3/filter/94e4bfc9.16350273113771873419.rename.smt2 - unsat - 0.27
gen/fast_fail_957f45d036.filtered/base.z3/filter/94e4bfc9.12352146384288973267.rename.smt2 - unsat - 0.26
data/projs/fast_fail_957f45d036.filtered/base.z3/94e4bfc9.smt2 - unsat - 0.26
gen/fast_fail_957f45d036.filtered/base.z3/filter/94e4bfc9.147075832038434692.rename.smt2 - unsat - 0.26
gen/fast_fail_957f45d036.filtered/base.z3/filter/94e4bfc9.300092527840723703.shuffle.smt2 - unsat - 0.27
gen/fast_fail_957f45d036.filtered/base.z3/filter/94e4bfc9.7811656155235877769.reseed.smt2 - unsat - 0.31
gen/fast_fail_957f45d036.filtered/base.z3/filter/94e4bfc9.7010602298764645935.shuffle.smt2 - unsat - 0.22
gen/fast_fail_957f45d036.filtered/base.z3/filter/94e4bfc9.12670264132029231349.reseed.smt2 - unsat - 0.27

Failed Mutants (1):
gen/fast_fail_957f45d036.filtered/base.z3/filter/94e4bfc9.7570846036041304419.shuffle.smt2 - unknown - 0.18
[92m[INFO] carving out query e8794a44 [0m
Passed Mutants (7):
gen/fast_fail_957f45d036.filtered/base.z3/filter/e8794a44.11427449981761679702.reseed.smt2 - unsat - 0.17
gen/fast_fail_957f45d036.filtered/base.z3/filter/e8794a44.3309162948377742442.rename.smt2 - unsat - 0.21
gen/fast_fail_957f45d036.filtered/base.z3/filter/e8794a44.16231952846697087134.reseed.smt2 - unsat - 0.18
data/projs/fast_fail_957f45d036.filtered/base.z3/e8794a44.smt2 - unsat - 0.21
gen/fast_fail_957f45d036.filtered/base.z3/filter/e8794a44.16908831138311988042.reseed.smt2 - unsat - 0.18
gen/fast_fail_957f45d036.filtered/base.z3/filter/e8794a44.8083200724749283012.rename.smt2 - unsat - 0.21
gen/fast_fail_957f45d036.filtered/base.z3/filter/e8794a44.7188407785913810495.rename.smt2 - unsat - 0.2

Failed Mutants (3):
gen/fast_fail_957f45d036.filtered/base.z3/filter/e8794a44.6350722341179995655.shuffle.smt2 - unknown - 0.08
gen/fast_fail_957f45d036.filtered/base.z3/filter/e8794a44.7573575719682594209.shuffle.smt2 - unknown - 0.08
gen/fast_fail_957f45d036.filtered/base.z3/filter/e8794a44.3170752423715184151.shuffle.smt2 - unknown - 0.08
[92m[INFO] removed 3 queries, 5 remaining [0m
Carved out unstable queries
Ran early-stop stability checks until a stable fix was found
Checking candidates by increasing vanilla verification time
Checking candidate 1/5 for stability: data/projs/fast_fail_957f45d036.filtered/base.z3/c05f41ad.smt2
[92m[INFO] removing gen/sproj_single_9ed6c3cde6 [0m
[92m[INFO] using 60s solver timeout (capped by analyzer 60sec) [0m
[94m[DEBUG] created table single_9ed6c3cde6_base_z3_z3_4_16_0_exp [0m
[92m[INFO] running 1 original queries [0m
[94m[DEBUG] running ALL of single_9ed6c3cde6.base.z3 [0m
[94m[DEBUG] adding 181 tasks [0m
=== stable (1) ===
query path: gen/sproj_single_9ed6c3cde6/c05f41ad.smt2
Found a stable fix; stopping further stability checks
Got list of fixes
Found 1 fix(es):
    c05f41ad: inst_replace prelude_u_clip -> data/projs/fast_fail_957f45d036/base.z3/c05f41ad.smt2

=== Caza external-call time (wall clock) ===
    0.47s  initial stability check
    0.05s  build debugger trace and proof
    0.53s  finding fixes
    0.60s  verify candidates
    0.00s  filter broken candidates
    3.19s  filter candidates experiment
    0.88s  carve unstable candidates
    3.50s  early stability check c05f41ad.smt2
    9.22s  total

================================================================================
[46/73] Caza query finished 2026-08-25T17:34:23
exit status: 0
================================================================================

================================================================================
[47/73] Caza query started 2026-08-25T17:34:23
query: /home/youjia/mariposa/data/verita_bad/svsm__mm__alloc__alloc_spec__impl_%4__tracked_split_pages.smt2
command: /usr/bin/python3 -u /home/youjia/mariposa/src/caza_wizard.py --set-seed 0x87654321 --early --fast-proof --sort time /home/youjia/mariposa/data/verita_bad/svsm__mm__alloc__alloc_spec__impl_%4__tracked_split_pages.smt2
================================================================================
Parsing...
Checking whether the input query is already stable
[92m[INFO] removing gen/sproj_single_9656f0b862 [0m
[92m[INFO] using 60s solver timeout (capped by analyzer 60sec) [0m
[94m[DEBUG] created table single_9656f0b862_base_z3_z3_4_16_0_exp [0m
[92m[INFO] running 1 original queries [0m
[94m[DEBUG] running ALL of single_9656f0b862.base.z3 [0m
[94m[DEBUG] adding 181 tasks [0m
[92m[INFO] criteria: vanilla=unsat@0.185s; groups: shuffle=[unsat@0.154s, unknown@0.161s, unsat@0.159s, unknown@0.175s, unknown@0.202s, unsat@0.251s, unsat@0.117s, unsat@0.181s, unknown@0.180s] (51 mutant result(s) pending); rename=[] (60 mutant result(s) pending); reseed=[] (60 mutant result(s) pending); possible final categories=[unsolvable, unstable] [0m
[92m[INFO] early decision: gen/sproj_single_9656f0b862/svsm__mm__alloc__alloc_spec__impl_%4__tracked_split_pages.smt2 -> not_stable; skipping 165 queued tasks [0m
=== stable (0) ===
Starting Cazamariposas
[92m[INFO] [init] loaded cached artifacts: traces=2, cores=4, proofs=4 [0m
[92m[INFO] [init] cached-proofs-only: skipping trace, core, and proof construction [0m
[92m[INFO] [init] dbg root: dbg/9656f0b862/ [0m
[92m[INFO] [init] 9656f0b862 auto selected DbgMode.FAST_FAIL [0m
Found failure trace and proof object
[94m[DEBUG] [edit] proof path: dbg/9656f0b862/proofs/rename.191134073603777486.proof [0m
[94m[DEBUG] [edit] trace path: dbg/9656f0b862/traces/shuffle.6459514956588936749 [0m
a05b030a5b5cac65c29a6da3f74851cf.pickle
[93m[WARN] [differ] qid unknown_111 not found in dbg/9656f0b862/orig.smt2 [0m
[93m[WARN] [differ] qid unknown_92 not found in dbg/9656f0b862/orig.smt2 [0m
[93m[WARN] [differ] qid constructor_accessor_axiom not found in dbg/9656f0b862/orig.smt2 [0m
[93m[WARN] [differ] qid <null> not found in dbg/9656f0b862/orig.smt2 [0m
[92m[INFO] [edit] [inst] prelude_fuel_defaults 16 instances [0m
[92m[INFO] [edit] [erase] prelude_fuel_defaults [0m
[92m[INFO] [edit] written to data/projs/fast_fail_9656f0b862/base.z3/8ab12f96.smt2 [0m
[92m[INFO] [edit] [inst] prelude_add 13 instances [0m
[92m[INFO] [edit] written to data/projs/fast_fail_9656f0b862/base.z3/b64ee6ef.smt2 [0m
[94m[DEBUG] [skolem] addr$!skolem_user_svsm__address__VirtAddr__region_to_dom_32!1 -> skv_88639c8b2fc0d9dc_1 [0m
[92m[INFO] [edit] [skolem] mariposa_qid_2 creates 1 skolem funs, 3 asserts [0m
(assert (forall ((%%hole%%0 Dcr) (%%hole%%1 Type) (%%hole%%2 Type) (%%hole%%3 Dcr) (%%hole%%4 Type) (%%hole%%5 Int) (%%hole%%6 Int) (v$ Poly)) (! (= (%%apply%%0 (%%lambda%%1 %%hole%%0 %%hole%%1 %%hole%%2 %%hole%%3 %%hole%%4 %%hole%%5 %%hole%%6) v$) (B (exists ((addr$ Poly)) (! (and (has_type addr$ %%hole%%2) (and (and (= (vstd!view.View.view.? %%hole%%3 %%hole%%4 addr$) v$) (svsm!address.impl&%51.is_canonical.? addr$)) (let ((tmp%%$ %%hole%%6)) (let ((tmp%%$1 (svsm!address.impl&%51.offset.? addr$))) (let ((tmp%%$2 %%hole%%5)) (and (<= tmp%%$ tmp%%$1) (< tmp%%$1 tmp%%$2))))))) :pattern ((vstd!view.View.view.? %%hole%%0 %%hole%%1 addr$)) :pattern ((svsm!address.impl&%51.is_canonical.? addr$)) :qid user_svsm__address__VirtAddr__region_to_dom_32 :skolemid skolem_user_svsm__address__VirtAddr__region_to_dom_32)))) :pattern ((%%apply%%0 (%%lambda%%1 %%hole%%0 %%hole%%1 %%hole%%2 %%hole%%3 %%hole%%4 %%hole%%5 %%hole%%6) v$)) :qid mariposa_qid_2 :skolemid skolem_mariposa_qid_2)))
[92m[INFO] [edit] [banish] mariposa_qid_2 [0m
[93m[WARN] failed to banish mariposa_qid_2 [0m
[92m[INFO] [edit] written to data/projs/fast_fail_9656f0b862/base.z3/681632b9.smt2 [0m
[92m[INFO] [edit] [inst] prelude_unbox_box_bool 5 instances [0m
[92m[INFO] [edit] written to data/projs/fast_fail_9656f0b862/base.z3/4aa1acb7.smt2 [0m
[92m[INFO] [edit] [inst] prelude_u_clip 7 instances [0m
[92m[INFO] [edit] [erase] prelude_u_clip [0m
[92m[INFO] [edit] written to data/projs/fast_fail_9656f0b862/base.z3/c05f41ad.smt2 [0m
[93m[WARN] [edit] qid user_vstd__set__lemma_set_filter_12 has no feasible actions [0m
[94m[DEBUG] [edit] 09888d4c failed [0m
[92m[INFO] [edit] [inst] prelude_unbox_box_int 7 instances [0m
[92m[INFO] [edit] [erase] prelude_unbox_box_int [0m
[92m[INFO] [edit] written to data/projs/fast_fail_9656f0b862/base.z3/e8794a44.smt2 [0m
[92m[INFO] [edit] [inst] internal_svsm__address__VirtAddr_unbox_axiom_definition 3 instances [0m
[92m[INFO] [edit] written to data/projs/fast_fail_9656f0b862/base.z3/54b74697.smt2 [0m
[92m[INFO] [edit] [inst] prelude_sub 2 instances [0m
[92m[INFO] [edit] written to data/projs/fast_fail_9656f0b862/base.z3/799880e0.smt2 [0m
[92m[INFO] [edit] [inst] prelude_mul 4 instances [0m
[92m[INFO] [edit] [erase] prelude_mul [0m
[92m[INFO] [edit] written to data/projs/fast_fail_9656f0b862/base.z3/f472d171.smt2 [0m
[93m[WARN] [edit] qid prelude_has_type_bool has no feasible actions [0m
[94m[DEBUG] [edit] b49ee55a failed [0m
[92m[INFO] [edit] [inst] internal_svsm!mm.alloc.alloc_spec.impl&__2.wf_pfn_order.?_definition 3 instances [0m
[92m[INFO] [edit] [erase] internal_svsm!mm.alloc.alloc_spec.impl&__2.wf_pfn_order.?_definition [0m
[92m[INFO] [edit] written to data/projs/fast_fail_9656f0b862/base.z3/429ca4bf.smt2 [0m
Produced candidate smt2 files
[94m[DEBUG] created table fast_fail_9656f0b862_base_z3_z3_4_16_0_exp [0m
[92m[INFO] running 10 original queries [0m
[94m[DEBUG] running ALL of fast_fail_9656f0b862.base.z3 [0m
[94m[DEBUG] adding 10 tasks [0m
[92m[INFO] running 10 tasks [0m
[92m[INFO] there is 4 processors [0m
[94m[DEBUG] worker 2 finished in 0.37 seconds [0m
[94m[DEBUG] worker 3 finished in 0.41 seconds [0m
[94m[DEBUG] worker 0 finished in 0.43 seconds [0m
[94m[DEBUG] worker 1 finished in 0.51 seconds [0m
[92m[INFO] workers finished [0m
[92m[INFO] done post processing exp data [0m
verify candidate c05f41ad: 0.098s; rank=5; p=4; t=0.098
verify candidate 8ab12f96: 0.136s; rank=1; p=8; t=0.136
verify candidate 799880e0: 0.156s; rank=8; p=3; t=0.156
verify candidate 54b74697: 0.168s; rank=7; p=4; t=0.168
verify candidate 429ca4bf: 0.198s; rank=10; p=3; t=0.198
verify candidate f472d171: 0.206s; rank=9; p=3; t=0.206
verify candidate 4aa1acb7: 0.221s; rank=4; p=4; t=0.221
selected 7 verified candidates to data/projs/fast_fail_9656f0b862.filtered/base.z3 with 1.183s vanilla verification budget
[92m[INFO] running 7 original queries [0m
[92m[INFO] running 70 tasks [0m
[92m[INFO] there is 7 processors [0m
[94m[DEBUG] created table fast_fail_9656f0b862_filtered_base_z3_z3_4_16_0_exp [0m
[94m[DEBUG] running ALL of fast_fail_9656f0b862.filtered.base.z3 [0m
[94m[DEBUG] adding 70 tasks [0m
[94m[DEBUG] worker 6 finished in 2.11 seconds [0m
[94m[DEBUG] worker 0 finished in 2.13 seconds [0m
[94m[DEBUG] worker 1 finished in 2.15 seconds [0m
[94m[DEBUG] worker 5 finished in 2.15 seconds [0m
[94m[DEBUG] worker 3 finished in 2.21 seconds [0m
[94m[DEBUG] worker 4 finished in 2.26 seconds [0m
[94m[DEBUG] worker 2 finished in 2.36 seconds [0m
[92m[INFO] workers finished [0m
[92m[INFO] done post processing exp data [0m
=== Overall Report ===

project dir:	data/projs/fast_fail_9656f0b862.filtered/base.z3
exper config:	filter
solver path:	bin/z3-4.16.0
analyzer:	default

| category   |   count | percentage   |
|------------|---------|--------------|
| unstable   |       4 | 57.14%       |
| stable     |       3 | 42.86%       |
| total      |       7 | 100.00 %     |

=== Report End ===
Ran mariposa on filtered queries
[92m[INFO] carving out query 429ca4bf [0m
Passed Mutants (9):
gen/fast_fail_9656f0b862.filtered/base.z3/filter/429ca4bf.7705786401614282843.shuffle.smt2 - unsat - 0.16
data/projs/fast_fail_9656f0b862.filtered/base.z3/429ca4bf.smt2 - unsat - 0.2
gen/fast_fail_9656f0b862.filtered/base.z3/filter/429ca4bf.402839887246099591.rename.smt2 - unsat - 0.2
gen/fast_fail_9656f0b862.filtered/base.z3/filter/429ca4bf.5254981632305876930.reseed.smt2 - unsat - 0.21
gen/fast_fail_9656f0b862.filtered/base.z3/filter/429ca4bf.13810986961641719969.rename.smt2 - unsat - 0.21
gen/fast_fail_9656f0b862.filtered/base.z3/filter/429ca4bf.1855679268109978562.rename.smt2 - unsat - 0.21
gen/fast_fail_9656f0b862.filtered/base.z3/filter/429ca4bf.14417363041170164776.reseed.smt2 - unsat - 0.18
gen/fast_fail_9656f0b862.filtered/base.z3/filter/429ca4bf.5531958155576692315.shuffle.smt2 - unsat - 0.29
gen/fast_fail_9656f0b862.filtered/base.z3/filter/429ca4bf.14317437630598239322.reseed.smt2 - unsat - 0.18

Failed Mutants (1):
gen/fast_fail_9656f0b862.filtered/base.z3/filter/429ca4bf.1782068711153834897.shuffle.smt2 - unknown - 0.21
[92m[INFO] carving out query 4aa1acb7 [0m
Passed Mutants (8):
gen/fast_fail_9656f0b862.filtered/base.z3/filter/4aa1acb7.1346962536645207188.rename.smt2 - unsat - 0.23
data/projs/fast_fail_9656f0b862.filtered/base.z3/4aa1acb7.smt2 - unsat - 0.23
gen/fast_fail_9656f0b862.filtered/base.z3/filter/4aa1acb7.14956182327777148331.reseed.smt2 - unsat - 0.21
gen/fast_fail_9656f0b862.filtered/base.z3/filter/4aa1acb7.3885808569133039458.rename.smt2 - unsat - 0.24
gen/fast_fail_9656f0b862.filtered/base.z3/filter/4aa1acb7.4917026038352601536.shuffle.smt2 - unsat - 0.22
gen/fast_fail_9656f0b862.filtered/base.z3/filter/4aa1acb7.12603147794444665867.reseed.smt2 - unsat - 0.21
gen/fast_fail_9656f0b862.filtered/base.z3/filter/4aa1acb7.2099474590189691079.rename.smt2 - unsat - 0.24
gen/fast_fail_9656f0b862.filtered/base.z3/filter/4aa1acb7.11786151359803464753.reseed.smt2 - unsat - 0.21

Failed Mutants (2):
gen/fast_fail_9656f0b862.filtered/base.z3/filter/4aa1acb7.12293245739954236531.shuffle.smt2 - unknown - 0.36
gen/fast_fail_9656f0b862.filtered/base.z3/filter/4aa1acb7.4962952754504355447.shuffle.smt2 - unknown - 0.29
[92m[INFO] carving out query 54b74697 [0m
Passed Mutants (8):
gen/fast_fail_9656f0b862.filtered/base.z3/filter/54b74697.5121612610984373378.rename.smt2 - unsat - 0.18
gen/fast_fail_9656f0b862.filtered/base.z3/filter/54b74697.11782496150087160363.rename.smt2 - unsat - 0.18
gen/fast_fail_9656f0b862.filtered/base.z3/filter/54b74697.6099030604406616107.rename.smt2 - unsat - 0.18
gen/fast_fail_9656f0b862.filtered/base.z3/filter/54b74697.10889943614027880413.shuffle.smt2 - unsat - 0.17
gen/fast_fail_9656f0b862.filtered/base.z3/filter/54b74697.8249648389915401471.reseed.smt2 - unsat - 0.17
data/projs/fast_fail_9656f0b862.filtered/base.z3/54b74697.smt2 - unsat - 0.18
gen/fast_fail_9656f0b862.filtered/base.z3/filter/54b74697.5886235583279204196.reseed.smt2 - unsat - 0.17
gen/fast_fail_9656f0b862.filtered/base.z3/filter/54b74697.17714234944771264491.reseed.smt2 - unsat - 0.16

Failed Mutants (2):
gen/fast_fail_9656f0b862.filtered/base.z3/filter/54b74697.15316866251224337430.shuffle.smt2 - unknown - 0.22
gen/fast_fail_9656f0b862.filtered/base.z3/filter/54b74697.8323671992292171214.shuffle.smt2 - unknown - 0.19
[92m[INFO] carving out query 799880e0 [0m
Passed Mutants (9):
gen/fast_fail_9656f0b862.filtered/base.z3/filter/799880e0.13241581389963159694.shuffle.smt2 - unsat - 0.18
gen/fast_fail_9656f0b862.filtered/base.z3/filter/799880e0.14520765901444857804.reseed.smt2 - unsat - 0.15
gen/fast_fail_9656f0b862.filtered/base.z3/filter/799880e0.1618688183880890251.shuffle.smt2 - unsat - 0.13
gen/fast_fail_9656f0b862.filtered/base.z3/filter/799880e0.5382463856162495607.reseed.smt2 - unsat - 0.16
gen/fast_fail_9656f0b862.filtered/base.z3/filter/799880e0.14575669936898681908.rename.smt2 - unsat - 0.16
gen/fast_fail_9656f0b862.filtered/base.z3/filter/799880e0.6838962218292982442.rename.smt2 - unsat - 0.16
data/projs/fast_fail_9656f0b862.filtered/base.z3/799880e0.smt2 - unsat - 0.16
gen/fast_fail_9656f0b862.filtered/base.z3/filter/799880e0.16485597339858363883.reseed.smt2 - unsat - 0.16
gen/fast_fail_9656f0b862.filtered/base.z3/filter/799880e0.3880779886457391576.rename.smt2 - unsat - 0.17

Failed Mutants (1):
gen/fast_fail_9656f0b862.filtered/base.z3/filter/799880e0.12467732191785743096.shuffle.smt2 - unknown - 0.16
[92m[INFO] removed 4 queries, 3 remaining [0m
Carved out unstable queries
Ran early-stop stability checks until a stable fix was found
Checking candidates by increasing vanilla verification time
Checking candidate 1/3 for stability: data/projs/fast_fail_9656f0b862.filtered/base.z3/c05f41ad.smt2
[92m[INFO] using 60s solver timeout (capped by analyzer 60sec) [0m
[94m[DEBUG] created table single_8436b0413c_base_z3_z3_4_16_0_exp [0m
[92m[INFO] running 1 original queries [0m
[94m[DEBUG] running ALL of single_8436b0413c.base.z3 [0m
[94m[DEBUG] adding 181 tasks [0m
=== stable (1) ===
query path: gen/sproj_single_8436b0413c/c05f41ad.smt2
Found a stable fix; stopping further stability checks
Got list of fixes
Found 1 fix(es):
    c05f41ad: inst_replace prelude_u_clip -> data/projs/fast_fail_9656f0b862/base.z3/c05f41ad.smt2

=== Caza external-call time (wall clock) ===
    0.68s  initial stability check
    0.07s  build debugger trace and proof
    0.58s  finding fixes
    0.55s  verify candidates
    0.01s  filter broken candidates
    3.03s  filter candidates experiment
    0.88s  carve unstable candidates
    3.67s  early stability check c05f41ad.smt2
    9.47s  total

================================================================================
[47/73] Caza query finished 2026-08-25T17:34:33
exit status: 0
================================================================================

================================================================================
[48/73] Caza query started 2026-08-25T17:34:33
query: /home/youjia/mariposa/data/verita_bad/svsm__mm__alloc__impl_%31___VERUS_VERIFIED_free_page_raw.smt2
command: /usr/bin/python3 -u /home/youjia/mariposa/src/caza_wizard.py --set-seed 0x87654321 --early --fast-proof --sort time /home/youjia/mariposa/data/verita_bad/svsm__mm__alloc__impl_%31___VERUS_VERIFIED_free_page_raw.smt2
================================================================================
Parsing...
Checking whether the input query is already stable
[92m[INFO] removing gen/sproj_single_419145d968 [0m
[92m[INFO] using 60s solver timeout (capped by analyzer 60sec) [0m
[94m[DEBUG] created table single_419145d968_base_z3_z3_4_16_0_exp [0m
[92m[INFO] running 1 original queries [0m
[94m[DEBUG] running ALL of single_419145d968.base.z3 [0m
[94m[DEBUG] adding 181 tasks [0m
[92m[INFO] criteria: vanilla=unsat@0.451s; groups: shuffle=[unknown@0.213s, unsat@0.379s, unsat@0.399s, unsat@0.423s, unsat@0.452s, unsat@0.458s, unsat@0.397s, unsat@0.388s, unsat@0.398s, unsat@0.431s, unsat@0.398s, unsat@0.419s, unsat@0.505s, unsat@0.396s, unsat@0.396s, unknown@0.249s, unsat@0.397s, unsat@0.409s, unsat@0.421s, unsat@0.405s, unsat@0.397s, unknown@0.226s, unknown@0.214s] (37 mutant result(s) pending); rename=[] (60 mutant result(s) pending); reseed=[] (60 mutant result(s) pending); possible final categories=[unstable] [0m
[92m[INFO] early decision: gen/sproj_single_419145d968/svsm__mm__alloc__impl_%31___VERUS_VERIFIED_free_page_raw.smt2 -> not_stable; skipping 151 queued tasks [0m
=== stable (0) ===
Starting Cazamariposas
[92m[INFO] [init] loaded cached artifacts: traces=2, cores=3, proofs=4 [0m
[92m[INFO] [init] cached-proofs-only: skipping trace, core, and proof construction [0m
[92m[INFO] [init] dbg root: dbg/419145d968/ [0m
[92m[INFO] [init] 419145d968 auto selected DbgMode.FAST_FAIL [0m
Found failure trace and proof object
[94m[DEBUG] [edit] proof path: dbg/419145d968/proofs/reseed.153599279564730394.proof [0m
[94m[DEBUG] [edit] trace path: dbg/419145d968/traces/shuffle.1563491415115244871 [0m
9cdb597c9d60bb7705db0acbeec3ab23.pickle
[93m[WARN] [differ] qid constructor_accessor_axiom not found in dbg/419145d968/orig.smt2 [0m
[92m[INFO] [edit] [inst] prelude_fuel_defaults 103 instances [0m
[92m[INFO] [edit] [erase] prelude_fuel_defaults [0m
[92m[INFO] [edit] written to data/projs/fast_fail_419145d968/base.z3/8ab12f96.smt2 [0m
[92m[INFO] [edit] [inst] prelude_unbox_box_int 29 instances [0m
[92m[INFO] [edit] written to data/projs/fast_fail_419145d968/base.z3/7e1bcc27.smt2 [0m
[92m[INFO] [edit] [inst] prelude_unbox_box_bool 13 instances [0m
[92m[INFO] [edit] written to data/projs/fast_fail_419145d968/base.z3/4aa1acb7.smt2 [0m
[92m[INFO] [edit] [inst] prelude_u_inv 7 instances [0m
[92m[INFO] [edit] written to data/projs/fast_fail_419145d968/base.z3/6babc434.smt2 [0m
[92m[INFO] [edit] [inst] prelude_add 11 instances [0m
[92m[INFO] [edit] [erase] prelude_add [0m
[92m[INFO] [edit] written to data/projs/fast_fail_419145d968/base.z3/f6e0cf32.smt2 [0m
[92m[INFO] [edit] [inst] prelude_u_clip 6 instances [0m
[92m[INFO] [edit] written to data/projs/fast_fail_419145d968/base.z3/2184a143.smt2 [0m
[92m[INFO] [edit] [inst] internal_core__option__Option_box_axiom_definition 9 instances [0m
[92m[INFO] [edit] written to data/projs/fast_fail_419145d968/base.z3/47e38b79.smt2 [0m
[92m[INFO] [edit] [inst] prelude_ext_eq 9 instances [0m
[92m[INFO] [edit] [erase] prelude_ext_eq [0m
[92m[INFO] [edit] written to data/projs/fast_fail_419145d968/base.z3/a5ddee21.smt2 [0m
[92m[INFO] [edit] [inst] prelude_mut_ref_current_has_type 9 instances [0m
[92m[INFO] [edit] [erase] prelude_mut_ref_current_has_type [0m
[92m[INFO] [edit] written to data/projs/fast_fail_419145d968/base.z3/bcb72177.smt2 [0m
[92m[INFO] [edit] [inst] prelude_mut_ref_future_has_type 9 instances [0m
[92m[INFO] [edit] [erase] prelude_mut_ref_future_has_type [0m
[92m[INFO] [edit] written to data/projs/fast_fail_419145d968/base.z3/1097c6ef.smt2 [0m
Produced candidate smt2 files
[94m[DEBUG] created table fast_fail_419145d968_base_z3_z3_4_16_0_exp [0m
[92m[INFO] running 10 original queries [0m
[94m[DEBUG] running ALL of fast_fail_419145d968.base.z3 [0m
[94m[DEBUG] adding 10 tasks [0m
[92m[INFO] running 10 tasks [0m
[92m[INFO] there is 4 processors [0m
[94m[DEBUG] worker 3 finished in 0.67 seconds [0m
[94m[DEBUG] worker 0 finished in 0.69 seconds [0m
[94m[DEBUG] worker 2 finished in 0.71 seconds [0m
[94m[DEBUG] worker 1 finished in 0.8 seconds [0m
[92m[INFO] workers finished [0m
[92m[INFO] done post processing exp data [0m
verify candidate 1097c6ef: 0.259s; rank=10; p=3; t=0.259
verify candidate bcb72177: 0.261s; rank=9; p=3; t=0.261
verify candidate a5ddee21: 0.264s; rank=8; p=3; t=0.264
verify candidate 4aa1acb7: 0.267s; rank=3; p=5; t=0.267
verify candidate 2184a143: 0.307s; rank=6; p=4; t=0.307
verify candidate f6e0cf32: 0.335s; rank=5; p=4; t=0.335
verify candidate 47e38b79: 0.346s; rank=7; p=4; t=0.346
verify candidate 6babc434: 0.349s; rank=4; p=4; t=0.349
verify candidate 7e1bcc27: 0.354s; rank=2; p=6; t=0.354
selected 9 verified candidates to data/projs/fast_fail_419145d968.filtered/base.z3 with 2.742s vanilla verification budget
[92m[INFO] running 9 original queries [0m
[92m[INFO] running 90 tasks [0m
[92m[INFO] there is 7 processors [0m
[94m[DEBUG] created table fast_fail_419145d968_filtered_base_z3_z3_4_16_0_exp [0m
[94m[DEBUG] running ALL of fast_fail_419145d968.filtered.base.z3 [0m
[94m[DEBUG] adding 90 tasks [0m
[94m[DEBUG] worker 5 finished in 4.86 seconds [0m
[94m[DEBUG] worker 2 finished in 4.9 seconds [0m
[94m[DEBUG] worker 6 finished in 4.95 seconds [0m
[94m[DEBUG] worker 4 finished in 4.99 seconds [0m
[94m[DEBUG] worker 3 finished in 5.03 seconds [0m
[94m[DEBUG] worker 0 finished in 5.07 seconds [0m
[94m[DEBUG] worker 1 finished in 5.21 seconds [0m
[92m[INFO] workers finished [0m
[92m[INFO] done post processing exp data [0m
=== Overall Report ===

project dir:	data/projs/fast_fail_419145d968.filtered/base.z3
exper config:	filter
solver path:	bin/z3-4.16.0
analyzer:	default

| category   |   count | percentage   |
|------------|---------|--------------|
| stable     |       5 | 55.56%       |
| unstable   |       4 | 44.44%       |
| total      |       9 | 100.00 %     |

=== Report End ===
Ran mariposa on filtered queries
[92m[INFO] carving out query 1097c6ef [0m
Passed Mutants (9):
gen/fast_fail_419145d968.filtered/base.z3/filter/1097c6ef.12130383598666344370.reseed.smt2 - unsat - 0.3
gen/fast_fail_419145d968.filtered/base.z3/filter/1097c6ef.16852287904710252634.shuffle.smt2 - unsat - 0.23
gen/fast_fail_419145d968.filtered/base.z3/filter/1097c6ef.11393985009649069014.shuffle.smt2 - unsat - 0.25
gen/fast_fail_419145d968.filtered/base.z3/filter/1097c6ef.11625111551608604588.rename.smt2 - unsat - 0.31
gen/fast_fail_419145d968.filtered/base.z3/filter/1097c6ef.15203031369248698568.reseed.smt2 - unsat - 0.31
data/projs/fast_fail_419145d968.filtered/base.z3/1097c6ef.smt2 - unsat - 0.32
gen/fast_fail_419145d968.filtered/base.z3/filter/1097c6ef.17499923977391792808.reseed.smt2 - unsat - 0.31
gen/fast_fail_419145d968.filtered/base.z3/filter/1097c6ef.6996487966739538455.rename.smt2 - unsat - 0.31
gen/fast_fail_419145d968.filtered/base.z3/filter/1097c6ef.8962859480534852118.rename.smt2 - unsat - 0.31

Failed Mutants (1):
gen/fast_fail_419145d968.filtered/base.z3/filter/1097c6ef.2514966934036387848.shuffle.smt2 - unknown - 0.17
[92m[INFO] carving out query 2184a143 [0m
Passed Mutants (9):
gen/fast_fail_419145d968.filtered/base.z3/filter/2184a143.5285280003800864874.shuffle.smt2 - unsat - 0.33
gen/fast_fail_419145d968.filtered/base.z3/filter/2184a143.4305686797859874731.reseed.smt2 - unsat - 0.39
gen/fast_fail_419145d968.filtered/base.z3/filter/2184a143.15088658351298756666.shuffle.smt2 - unsat - 0.31
gen/fast_fail_419145d968.filtered/base.z3/filter/2184a143.6913991472732781287.rename.smt2 - unsat - 0.36
gen/fast_fail_419145d968.filtered/base.z3/filter/2184a143.14936001376644010969.reseed.smt2 - unsat - 0.36
data/projs/fast_fail_419145d968.filtered/base.z3/2184a143.smt2 - unsat - 0.36
gen/fast_fail_419145d968.filtered/base.z3/filter/2184a143.6896732209849362803.rename.smt2 - unsat - 0.36
gen/fast_fail_419145d968.filtered/base.z3/filter/2184a143.12300472544321541367.rename.smt2 - unsat - 0.37
gen/fast_fail_419145d968.filtered/base.z3/filter/2184a143.6008964531502726257.reseed.smt2 - unsat - 0.36

Failed Mutants (1):
gen/fast_fail_419145d968.filtered/base.z3/filter/2184a143.3756156945620107068.shuffle.smt2 - unknown - 0.34
[92m[INFO] carving out query 4aa1acb7 [0m
Passed Mutants (9):
gen/fast_fail_419145d968.filtered/base.z3/filter/4aa1acb7.14497623599536021065.rename.smt2 - unsat - 0.32
gen/fast_fail_419145d968.filtered/base.z3/filter/4aa1acb7.3784629544939579363.shuffle.smt2 - unsat - 0.29
gen/fast_fail_419145d968.filtered/base.z3/filter/4aa1acb7.16275364085624265897.reseed.smt2 - unsat - 0.32
gen/fast_fail_419145d968.filtered/base.z3/filter/4aa1acb7.8070588042584056324.shuffle.smt2 - unsat - 0.29
data/projs/fast_fail_419145d968.filtered/base.z3/4aa1acb7.smt2 - unsat - 0.32
gen/fast_fail_419145d968.filtered/base.z3/filter/4aa1acb7.8824014346283145825.rename.smt2 - unsat - 0.32
gen/fast_fail_419145d968.filtered/base.z3/filter/4aa1acb7.16484203190209949388.rename.smt2 - unsat - 0.32
gen/fast_fail_419145d968.filtered/base.z3/filter/4aa1acb7.10668426221105022335.reseed.smt2 - unsat - 0.32
gen/fast_fail_419145d968.filtered/base.z3/filter/4aa1acb7.11073207460212735562.reseed.smt2 - unsat - 0.29

Failed Mutants (1):
gen/fast_fail_419145d968.filtered/base.z3/filter/4aa1acb7.5039467327276871364.shuffle.smt2 - unknown - 0.21
[92m[INFO] carving out query f6e0cf32 [0m
Passed Mutants (8):
gen/fast_fail_419145d968.filtered/base.z3/filter/f6e0cf32.9550493743719451076.shuffle.smt2 - unsat - 0.41
gen/fast_fail_419145d968.filtered/base.z3/filter/f6e0cf32.11116719890802880055.rename.smt2 - unsat - 0.39
gen/fast_fail_419145d968.filtered/base.z3/filter/f6e0cf32.18072774164606075839.rename.smt2 - unsat - 0.39
data/projs/fast_fail_419145d968.filtered/base.z3/f6e0cf32.smt2 - unsat - 0.4
gen/fast_fail_419145d968.filtered/base.z3/filter/f6e0cf32.11835693906376315450.rename.smt2 - unsat - 0.4
gen/fast_fail_419145d968.filtered/base.z3/filter/f6e0cf32.1563562127538034786.reseed.smt2 - unsat - 0.39
gen/fast_fail_419145d968.filtered/base.z3/filter/f6e0cf32.7246811455546456632.reseed.smt2 - unsat - 0.39
gen/fast_fail_419145d968.filtered/base.z3/filter/f6e0cf32.13062938425401430745.reseed.smt2 - unsat - 0.36

Failed Mutants (2):
gen/fast_fail_419145d968.filtered/base.z3/filter/f6e0cf32.8505220014937461506.shuffle.smt2 - unknown - 0.27
gen/fast_fail_419145d968.filtered/base.z3/filter/f6e0cf32.8505771198659830945.shuffle.smt2 - unknown - 0.25
[92m[INFO] removed 4 queries, 5 remaining [0m
Carved out unstable queries
Ran early-stop stability checks until a stable fix was found
Checking candidates by increasing vanilla verification time
Checking candidate 1/5 for stability: data/projs/fast_fail_419145d968.filtered/base.z3/bcb72177.smt2
[92m[INFO] removing gen/sproj_single_db3b414575 [0m
[92m[INFO] using 60s solver timeout (capped by analyzer 60sec) [0m
[94m[DEBUG] created table single_db3b414575_base_z3_z3_4_16_0_exp [0m
[92m[INFO] running 1 original queries [0m
[94m[DEBUG] running ALL of single_db3b414575.base.z3 [0m
[94m[DEBUG] adding 181 tasks [0m
[92m[INFO] criteria: vanilla=unsat@0.304s; groups: shuffle=[unknown@0.194s, unknown@0.205s, unsat@0.266s, unsat@0.272s, unsat@0.278s, unsat@0.279s, unsat@0.254s, unknown@0.192s, unknown@0.197s] (51 mutant result(s) pending); rename=[] (60 mutant result(s) pending); reseed=[] (60 mutant result(s) pending); possible final categories=[unsolvable, unstable] [0m
[92m[INFO] early decision: gen/sproj_single_db3b414575/bcb72177.smt2 -> not_stable; skipping 165 queued tasks [0m
=== stable (0) ===
Checking candidate 2/5 for stability: data/projs/fast_fail_419145d968.filtered/base.z3/a5ddee21.smt2
[92m[INFO] removing gen/sproj_single_59341c0171 [0m
[92m[INFO] using 60s solver timeout (capped by analyzer 60sec) [0m
[94m[DEBUG] created table single_59341c0171_base_z3_z3_4_16_0_exp [0m
[92m[INFO] running 1 original queries [0m
[94m[DEBUG] running ALL of single_59341c0171.base.z3 [0m
[94m[DEBUG] adding 181 tasks [0m
=== stable (1) ===
query path: gen/sproj_single_59341c0171/a5ddee21.smt2
Found a stable fix; stopping further stability checks
Got list of fixes
Found 1 fix(es):
    a5ddee21: inst_replace prelude_ext_eq -> data/projs/fast_fail_419145d968/base.z3/a5ddee21.smt2

=== Caza external-call time (wall clock) ===
    2.01s  initial stability check
    0.05s  build debugger trace and proof
    1.06s  finding fixes
    0.84s  verify candidates
    0.00s  filter broken candidates
    5.85s  filter candidates experiment
    0.89s  carve unstable candidates
    0.86s  early stability check bcb72177.smt2
    9.62s  early stability check a5ddee21.smt2
   21.19s  total

================================================================================
[48/73] Caza query finished 2026-08-25T17:34:55
exit status: 0
================================================================================

================================================================================
[49/73] Caza query started 2026-08-25T17:34:55
query: /home/youjia/mariposa/data/verita_bad/svsm__mm__alloc__impl_%31___VERUS_VERIFIED_get_next_page.smt2
command: /usr/bin/python3 -u /home/youjia/mariposa/src/caza_wizard.py --set-seed 0x87654321 --early --fast-proof --sort time /home/youjia/mariposa/data/verita_bad/svsm__mm__alloc__impl_%31___VERUS_VERIFIED_get_next_page.smt2
================================================================================
Parsing...
Checking whether the input query is already stable
[92m[INFO] removing gen/sproj_single_ef635b14a8 [0m
[92m[INFO] using 60s solver timeout (capped by analyzer 60sec) [0m
[94m[DEBUG] created table single_ef635b14a8_base_z3_z3_4_16_0_exp [0m
[92m[INFO] running 1 original queries [0m
[94m[DEBUG] running ALL of single_ef635b14a8.base.z3 [0m
[94m[DEBUG] adding 181 tasks [0m
[92m[INFO] criteria: vanilla=unsat@0.181s; groups: shuffle=[unknown@0.073s, unsat@0.175s, unsat@0.179s, unsat@0.211s, unsat@0.227s, unsat@0.222s, unknown@0.074s, unsat@0.227s, unsat@0.201s, unsat@0.180s, unsat@0.179s, unsat@0.228s, unsat@0.232s, unknown@0.075s, unknown@0.083s] (45 mutant result(s) pending); rename=[] (60 mutant result(s) pending); reseed=[] (60 mutant result(s) pending); possible final categories=[unstable] [0m
[92m[INFO] early decision: gen/sproj_single_ef635b14a8/svsm__mm__alloc__impl_%31___VERUS_VERIFIED_get_next_page.smt2 -> not_stable; skipping 159 queued tasks [0m
=== stable (0) ===
Starting Cazamariposas
[92m[INFO] [init] loaded cached artifacts: traces=2, cores=4, proofs=2 [0m
[92m[INFO] [init] cached-proofs-only: skipping trace, core, and proof construction [0m
[92m[INFO] [init] dbg root: dbg/ef635b14a8/ [0m
[92m[INFO] [init] ef635b14a8 auto selected DbgMode.FAST_FAIL [0m
Found failure trace and proof object
[94m[DEBUG] [edit] proof path: dbg/ef635b14a8/proofs/reseed.153599279564730394.proof [0m
[94m[DEBUG] [edit] trace path: dbg/ef635b14a8/traces/shuffle.14652170157256588663 [0m
ebb69834eac2408e5a6faaa5eaefd85c.pickle
[93m[WARN] [differ] qid constructor_accessor_axiom not found in dbg/ef635b14a8/orig.smt2 [0m
[92m[INFO] [edit] [inst] prelude_fuel_defaults 64 instances [0m
[92m[INFO] [edit] [erase] prelude_fuel_defaults [0m
[92m[INFO] [edit] written to data/projs/fast_fail_ef635b14a8/base.z3/8ab12f96.smt2 [0m
[92m[INFO] [edit] [inst] prelude_unbox_box_int 17 instances [0m
[92m[INFO] [edit] written to data/projs/fast_fail_ef635b14a8/base.z3/7e1bcc27.smt2 [0m
[92m[INFO] [edit] [inst] prelude_u_clip 9 instances [0m
[92m[INFO] [edit] written to data/projs/fast_fail_ef635b14a8/base.z3/2184a143.smt2 [0m
[92m[INFO] [edit] [inst] prelude_sub 9 instances [0m
[92m[INFO] [edit] [erase] prelude_sub [0m
[92m[INFO] [edit] written to data/projs/fast_fail_ef635b14a8/base.z3/4cdcaea2.smt2 [0m
[92m[INFO] [edit] [inst] prelude_u_inv 6 instances [0m
[92m[INFO] [edit] written to data/projs/fast_fail_ef635b14a8/base.z3/6babc434.smt2 [0m
[92m[INFO] [edit] [inst] prelude_has_type_usize 4 instances [0m
[92m[INFO] [edit] written to data/projs/fast_fail_ef635b14a8/base.z3/039cc7f1.smt2 [0m
[92m[INFO] [edit] [inst] mariposa_qid_5 2 instances [0m
[92m[INFO] [edit] written to data/projs/fast_fail_ef635b14a8/base.z3/48a1050a.smt2 [0m
[92m[INFO] [edit] [inst] user_vstd__seq__lemma_seq_new_index_14 4 instances [0m
[92m[INFO] [edit] written to data/projs/fast_fail_ef635b14a8/base.z3/0248c0f6.smt2 [0m
[92m[INFO] [edit] [inst] prelude_has_type_int 5 instances [0m
[92m[INFO] [edit] written to data/projs/fast_fail_ef635b14a8/base.z3/11c97c25.smt2 [0m
[92m[INFO] [edit] [inst] prelude_box_unbox_int 1 instances [0m
[92m[INFO] [edit] written to data/projs/fast_fail_ef635b14a8/base.z3/2ce24263.smt2 [0m
Produced candidate smt2 files
[94m[DEBUG] created table fast_fail_ef635b14a8_base_z3_z3_4_16_0_exp [0m
[92m[INFO] running 10 original queries [0m
[94m[DEBUG] running ALL of fast_fail_ef635b14a8.base.z3 [0m
[94m[DEBUG] adding 10 tasks [0m
[92m[INFO] running 10 tasks [0m
[92m[INFO] there is 4 processors [0m
[94m[DEBUG] worker 3 finished in 0.35 seconds [0m
[94m[DEBUG] worker 2 finished in 0.39 seconds [0m
[94m[DEBUG] worker 1 finished in 0.41 seconds [0m
[94m[DEBUG] worker 0 finished in 0.53 seconds [0m
[92m[INFO] workers finished [0m
[92m[INFO] done post processing exp data [0m
verify candidate 6babc434: 0.144s; rank=5; p=4; t=0.144
verify candidate 039cc7f1: 0.157s; rank=6; p=4; t=0.157
verify candidate 11c97c25: 0.163s; rank=9; p=3; t=0.163
verify candidate 2184a143: 0.176s; rank=3; p=5; t=0.176
verify candidate 0248c0f6: 0.178s; rank=8; p=3; t=0.178
verify candidate 2ce24263: 0.178s; rank=10; p=3; t=0.178
verify candidate 4cdcaea2: 0.188s; rank=4; p=4; t=0.188
verify candidate 48a1050a: 0.188s; rank=7; p=4; t=0.188
verify candidate 7e1bcc27: 0.189s; rank=2; p=6; t=0.189
selected 9 verified candidates to data/projs/fast_fail_ef635b14a8.filtered/base.z3 with 1.561s vanilla verification budget
[92m[INFO] running 9 original queries [0m
[92m[INFO] running 90 tasks [0m
[92m[INFO] there is 7 processors [0m
[94m[DEBUG] created table fast_fail_ef635b14a8_filtered_base_z3_z3_4_16_0_exp [0m
[94m[DEBUG] running ALL of fast_fail_ef635b14a8.filtered.base.z3 [0m
[94m[DEBUG] adding 90 tasks [0m
[94m[DEBUG] worker 6 finished in 2.81 seconds [0m
[94m[DEBUG] worker 0 finished in 2.83 seconds [0m
[94m[DEBUG] worker 5 finished in 2.86 seconds [0m
[94m[DEBUG] worker 2 finished in 2.88 seconds [0m
[94m[DEBUG] worker 1 finished in 2.9 seconds [0m
[94m[DEBUG] worker 3 finished in 2.94 seconds [0m
[94m[DEBUG] worker 4 finished in 2.96 seconds [0m
[92m[INFO] workers finished [0m
[92m[INFO] done post processing exp data [0m
=== Overall Report ===

project dir:	data/projs/fast_fail_ef635b14a8.filtered/base.z3
exper config:	filter
solver path:	bin/z3-4.16.0
analyzer:	default

| category   |   count | percentage   |
|------------|---------|--------------|
| unstable   |       6 | 66.67%       |
| stable     |       3 | 33.33%       |
| total      |       9 | 100.00 %     |

=== Report End ===
Ran mariposa on filtered queries
[92m[INFO] carving out query 0248c0f6 [0m
Passed Mutants (8):
gen/fast_fail_ef635b14a8.filtered/base.z3/filter/0248c0f6.2017748191323686441.reseed.smt2 - unsat - 0.18
gen/fast_fail_ef635b14a8.filtered/base.z3/filter/0248c0f6.17133885189154712173.reseed.smt2 - unsat - 0.2
gen/fast_fail_ef635b14a8.filtered/base.z3/filter/0248c0f6.1605265137557912482.rename.smt2 - unsat - 0.2
gen/fast_fail_ef635b14a8.filtered/base.z3/filter/0248c0f6.16618009848699461353.shuffle.smt2 - unsat - 0.15
gen/fast_fail_ef635b14a8.filtered/base.z3/filter/0248c0f6.1851559676606305758.rename.smt2 - unsat - 0.2
data/projs/fast_fail_ef635b14a8.filtered/base.z3/0248c0f6.smt2 - unsat - 0.2
gen/fast_fail_ef635b14a8.filtered/base.z3/filter/0248c0f6.7635105234902364658.reseed.smt2 - unsat - 0.21
gen/fast_fail_ef635b14a8.filtered/base.z3/filter/0248c0f6.14689394793829115328.rename.smt2 - unsat - 0.2

Failed Mutants (2):
gen/fast_fail_ef635b14a8.filtered/base.z3/filter/0248c0f6.11447178278095881308.shuffle.smt2 - unknown - 0.09
gen/fast_fail_ef635b14a8.filtered/base.z3/filter/0248c0f6.16426760228705680916.shuffle.smt2 - unknown - 0.09
[92m[INFO] carving out query 039cc7f1 [0m
Passed Mutants (9):
gen/fast_fail_ef635b14a8.filtered/base.z3/filter/039cc7f1.2221300650543661447.shuffle.smt2 - unsat - 0.21
gen/fast_fail_ef635b14a8.filtered/base.z3/filter/039cc7f1.2546910128508141556.reseed.smt2 - unsat - 0.17
gen/fast_fail_ef635b14a8.filtered/base.z3/filter/039cc7f1.4641917367151298284.shuffle.smt2 - unsat - 0.15
gen/fast_fail_ef635b14a8.filtered/base.z3/filter/039cc7f1.15951924367313980786.rename.smt2 - unsat - 0.18
gen/fast_fail_ef635b14a8.filtered/base.z3/filter/039cc7f1.12450898228733636334.reseed.smt2 - unsat - 0.17
gen/fast_fail_ef635b14a8.filtered/base.z3/filter/039cc7f1.18364847362664198076.reseed.smt2 - unsat - 0.18
data/projs/fast_fail_ef635b14a8.filtered/base.z3/039cc7f1.smt2 - unsat - 0.17
gen/fast_fail_ef635b14a8.filtered/base.z3/filter/039cc7f1.15833622754530113748.rename.smt2 - unsat - 0.18
gen/fast_fail_ef635b14a8.filtered/base.z3/filter/039cc7f1.2222429903871529540.rename.smt2 - unsat - 0.18

Failed Mutants (1):
gen/fast_fail_ef635b14a8.filtered/base.z3/filter/039cc7f1.2881662046720560298.shuffle.smt2 - unknown - 0.09
[92m[INFO] carving out query 11c97c25 [0m
Passed Mutants (8):
gen/fast_fail_ef635b14a8.filtered/base.z3/filter/11c97c25.11414662492021892353.rename.smt2 - unsat - 0.18
gen/fast_fail_ef635b14a8.filtered/base.z3/filter/11c97c25.2184311564762845740.shuffle.smt2 - unsat - 0.18
gen/fast_fail_ef635b14a8.filtered/base.z3/filter/11c97c25.5465426110327959388.reseed.smt2 - unsat - 0.18
gen/fast_fail_ef635b14a8.filtered/base.z3/filter/11c97c25.4932977011161417977.rename.smt2 - unsat - 0.18
gen/fast_fail_ef635b14a8.filtered/base.z3/filter/11c97c25.15730674179357029487.rename.smt2 - unsat - 0.18
gen/fast_fail_ef635b14a8.filtered/base.z3/filter/11c97c25.6642132077783942701.reseed.smt2 - unsat - 0.18
gen/fast_fail_ef635b14a8.filtered/base.z3/filter/11c97c25.2087765796257679295.reseed.smt2 - unsat - 0.18
data/projs/fast_fail_ef635b14a8.filtered/base.z3/11c97c25.smt2 - unsat - 0.18

Failed Mutants (2):
gen/fast_fail_ef635b14a8.filtered/base.z3/filter/11c97c25.14235140987003200348.shuffle.smt2 - unknown - 0.08
gen/fast_fail_ef635b14a8.filtered/base.z3/filter/11c97c25.8681115316559122770.shuffle.smt2 - unknown - 0.08
[92m[INFO] carving out query 2184a143 [0m
Passed Mutants (9):
gen/fast_fail_ef635b14a8.filtered/base.z3/filter/2184a143.8983985094144948064.reseed.smt2 - unsat - 0.2
gen/fast_fail_ef635b14a8.filtered/base.z3/filter/2184a143.11362567880515286893.rename.smt2 - unsat - 0.2
gen/fast_fail_ef635b14a8.filtered/base.z3/filter/2184a143.909661805130579033.reseed.smt2 - unsat - 0.19
data/projs/fast_fail_ef635b14a8.filtered/base.z3/2184a143.smt2 - unsat - 0.2
gen/fast_fail_ef635b14a8.filtered/base.z3/filter/2184a143.12639044526057184787.shuffle.smt2 - unsat - 0.17
gen/fast_fail_ef635b14a8.filtered/base.z3/filter/2184a143.3294562549462500158.rename.smt2 - unsat - 0.2
gen/fast_fail_ef635b14a8.filtered/base.z3/filter/2184a143.16299602105365798150.shuffle.smt2 - unsat - 0.21
gen/fast_fail_ef635b14a8.filtered/base.z3/filter/2184a143.3295728887317036832.reseed.smt2 - unsat - 0.2
gen/fast_fail_ef635b14a8.filtered/base.z3/filter/2184a143.10746793047299970759.rename.smt2 - unsat - 0.19

Failed Mutants (1):
gen/fast_fail_ef635b14a8.filtered/base.z3/filter/2184a143.4488447964863710704.shuffle.smt2 - unknown - 0.09
[92m[INFO] carving out query 4cdcaea2 [0m
Passed Mutants (9):
gen/fast_fail_ef635b14a8.filtered/base.z3/filter/4cdcaea2.2765512393994795645.reseed.smt2 - unsat - 0.21
gen/fast_fail_ef635b14a8.filtered/base.z3/filter/4cdcaea2.7318225826412981800.rename.smt2 - unsat - 0.21
gen/fast_fail_ef635b14a8.filtered/base.z3/filter/4cdcaea2.11671410620094806274.shuffle.smt2 - unsat - 0.2
gen/fast_fail_ef635b14a8.filtered/base.z3/filter/4cdcaea2.9401849790865381521.reseed.smt2 - unsat - 0.21
gen/fast_fail_ef635b14a8.filtered/base.z3/filter/4cdcaea2.7507855040525117005.rename.smt2 - unsat - 0.22
data/projs/fast_fail_ef635b14a8.filtered/base.z3/4cdcaea2.smt2 - unsat - 0.21
gen/fast_fail_ef635b14a8.filtered/base.z3/filter/4cdcaea2.16689526142035003114.rename.smt2 - unsat - 0.22
gen/fast_fail_ef635b14a8.filtered/base.z3/filter/4cdcaea2.1759057542851527443.shuffle.smt2 - unsat - 0.2
gen/fast_fail_ef635b14a8.filtered/base.z3/filter/4cdcaea2.4596853967585285553.reseed.smt2 - unsat - 0.23

Failed Mutants (1):
gen/fast_fail_ef635b14a8.filtered/base.z3/filter/4cdcaea2.14555544459404856563.shuffle.smt2 - unknown - 0.08
[92m[INFO] carving out query 7e1bcc27 [0m
Passed Mutants (9):
gen/fast_fail_ef635b14a8.filtered/base.z3/filter/7e1bcc27.16748964972282413795.rename.smt2 - unsat - 0.26
gen/fast_fail_ef635b14a8.filtered/base.z3/filter/7e1bcc27.5180369911551308743.rename.smt2 - unsat - 0.22
gen/fast_fail_ef635b14a8.filtered/base.z3/filter/7e1bcc27.18176834077576327082.rename.smt2 - unsat - 0.22
gen/fast_fail_ef635b14a8.filtered/base.z3/filter/7e1bcc27.3543404284147589530.reseed.smt2 - unsat - 0.22
gen/fast_fail_ef635b14a8.filtered/base.z3/filter/7e1bcc27.8455590008384796443.reseed.smt2 - unsat - 0.21
gen/fast_fail_ef635b14a8.filtered/base.z3/filter/7e1bcc27.12409012855903241677.reseed.smt2 - unsat - 0.21
gen/fast_fail_ef635b14a8.filtered/base.z3/filter/7e1bcc27.12248928900664450965.shuffle.smt2 - unsat - 0.2
data/projs/fast_fail_ef635b14a8.filtered/base.z3/7e1bcc27.smt2 - unsat - 0.21
gen/fast_fail_ef635b14a8.filtered/base.z3/filter/7e1bcc27.2121109755736533881.shuffle.smt2 - unsat - 0.21

Failed Mutants (1):
gen/fast_fail_ef635b14a8.filtered/base.z3/filter/7e1bcc27.5140595451824069315.shuffle.smt2 - unknown - 0.09
[92m[INFO] removed 6 queries, 3 remaining [0m
Carved out unstable queries
Ran early-stop stability checks until a stable fix was found
Checking candidates by increasing vanilla verification time
Checking candidate 1/3 for stability: data/projs/fast_fail_ef635b14a8.filtered/base.z3/6babc434.smt2
[92m[INFO] removing gen/sproj_single_1c112b88ef [0m
[92m[INFO] using 60s solver timeout (capped by analyzer 60sec) [0m
[94m[DEBUG] created table single_1c112b88ef_base_z3_z3_4_16_0_exp [0m
[92m[INFO] running 1 original queries [0m
[94m[DEBUG] running ALL of single_1c112b88ef.base.z3 [0m
[94m[DEBUG] adding 181 tasks [0m
[92m[INFO] criteria: vanilla=unsat@0.158s; groups: shuffle=[unsat@0.155s, unsat@0.157s, unsat@0.167s, unsat@0.173s, unsat@0.155s, unsat@0.173s, unknown@0.085s, unknown@0.086s, unsat@0.159s, unsat@0.168s, unsat@0.167s, unsat@0.169s, unsat@0.160s, unsat@0.160s, unknown@0.090s, unknown@0.085s] (44 mutant result(s) pending); rename=[] (60 mutant result(s) pending); reseed=[] (60 mutant result(s) pending); possible final categories=[unstable] [0m
[92m[INFO] early decision: gen/sproj_single_1c112b88ef/6babc434.smt2 -> not_stable; skipping 158 queued tasks [0m
=== stable (0) ===
Checking candidate 2/3 for stability: data/projs/fast_fail_ef635b14a8.filtered/base.z3/2ce24263.smt2
[92m[INFO] removing gen/sproj_single_d87cedd361 [0m
[92m[INFO] using 60s solver timeout (capped by analyzer 60sec) [0m
[94m[DEBUG] created table single_d87cedd361_base_z3_z3_4_16_0_exp [0m
[92m[INFO] running 1 original queries [0m
[94m[DEBUG] running ALL of single_d87cedd361.base.z3 [0m
[94m[DEBUG] adding 181 tasks [0m
[92m[INFO] criteria: vanilla=unsat@0.224s; groups: shuffle=[unsat@0.205s, unsat@0.211s, unsat@0.212s, unsat@0.208s, unsat@0.234s, unsat@0.230s, unknown@0.079s, unknown@0.079s, unknown@0.080s, unsat@0.198s, unsat@0.233s, unsat@0.214s, unknown@0.083s] (47 mutant result(s) pending); rename=[] (60 mutant result(s) pending); reseed=[] (60 mutant result(s) pending); possible final categories=[unsolvable, unstable] [0m
[92m[INFO] early decision: gen/sproj_single_d87cedd361/2ce24263.smt2 -> not_stable; skipping 161 queued tasks [0m
=== stable (0) ===
Checking candidate 3/3 for stability: data/projs/fast_fail_ef635b14a8.filtered/base.z3/48a1050a.smt2
[92m[INFO] removing gen/sproj_single_b7c3981985 [0m
[92m[INFO] using 60s solver timeout (capped by analyzer 60sec) [0m
[94m[DEBUG] created table single_b7c3981985_base_z3_z3_4_16_0_exp [0m
[92m[INFO] running 1 original queries [0m
[94m[DEBUG] running ALL of single_b7c3981985.base.z3 [0m
[94m[DEBUG] adding 181 tasks [0m
[92m[INFO] criteria: vanilla=unsat@0.243s; groups: shuffle=[unknown@0.085s, unsat@0.209s, unsat@0.212s, unsat@0.250s, unsat@0.255s, unsat@0.256s, unsat@0.259s, unsat@0.209s, unsat@0.261s, unsat@0.260s, unsat@0.259s, unsat@0.253s, unsat@0.249s, unknown@0.089s, unknown@0.090s, unsat@0.260s, unsat@0.238s, unsat@0.258s, unknown@0.088s] (41 mutant result(s) pending); rename=[] (60 mutant result(s) pending); reseed=[] (60 mutant result(s) pending); possible final categories=[unstable] [0m
[92m[INFO] early decision: gen/sproj_single_b7c3981985/48a1050a.smt2 -> not_stable; skipping 155 queued tasks [0m
=== stable (0) ===
Got list of fixes
No fixes were found :(

=== Caza external-call time (wall clock) ===
    0.81s  initial stability check
    0.05s  build debugger trace and proof
    0.87s  finding fixes
    0.57s  verify candidates
    0.00s  filter broken candidates
    3.58s  filter candidates experiment
    0.89s  carve unstable candidates
    0.81s  early stability check 6babc434.smt2
    0.79s  early stability check 2ce24263.smt2
    1.19s  early stability check 48a1050a.smt2
    9.56s  total

================================================================================
[49/73] Caza query finished 2026-08-25T17:35:05
exit status: 0
================================================================================

================================================================================
[50/73] Caza query started 2026-08-25T17:35:05
query: /home/youjia/mariposa/data/verita_bad/svsm__mm__alloc__impl_%31___VERUS_VERIFIED_split_page.smt2
command: /usr/bin/python3 -u /home/youjia/mariposa/src/caza_wizard.py --set-seed 0x87654321 --early --fast-proof --sort time /home/youjia/mariposa/data/verita_bad/svsm__mm__alloc__impl_%31___VERUS_VERIFIED_split_page.smt2
================================================================================
Parsing...
Checking whether the input query is already stable
[92m[INFO] removing gen/sproj_single_dfd12f3282 [0m
[92m[INFO] using 60s solver timeout (capped by analyzer 60sec) [0m
[94m[DEBUG] created table single_dfd12f3282_base_z3_z3_4_16_0_exp [0m
[92m[INFO] running 1 original queries [0m
[94m[DEBUG] running ALL of single_dfd12f3282.base.z3 [0m
[94m[DEBUG] adding 181 tasks [0m
[92m[INFO] criteria: vanilla=unsat@1.350s; groups: shuffle=[unknown@0.265s, unknown@0.544s, unsat@0.777s, unsat@0.785s, unsat@1.004s, unsat@1.007s, unsat@0.920s, unknown@0.652s, unsat@0.945s, unsat@0.746s, unknown@0.247s] (49 mutant result(s) pending); rename=[] (60 mutant result(s) pending); reseed=[] (60 mutant result(s) pending); possible final categories=[unsolvable, unstable] [0m
[92m[INFO] early decision: gen/sproj_single_dfd12f3282/svsm__mm__alloc__impl_%31___VERUS_VERIFIED_split_page.smt2 -> not_stable; skipping 163 queued tasks [0m
=== stable (0) ===
Starting Cazamariposas
[92m[INFO] [init] loaded cached artifacts: traces=3, cores=4, proofs=4 [0m
[92m[INFO] [init] cached-proofs-only: skipping trace, core, and proof construction [0m
[92m[INFO] [init] dbg root: dbg/dfd12f3282/ [0m
[92m[INFO] [init] dfd12f3282 auto selected DbgMode.FAST_FAIL [0m
Found failure trace and proof object
[94m[DEBUG] [edit] proof path: dbg/dfd12f3282/proofs/rename.191134073603777486.proof [0m
[94m[DEBUG] [edit] trace path: dbg/dfd12f3282/traces/shuffle.6459514956588936749 [0m
4ea1a28cd5d644778edd02a978069c37.pickle
[93m[WARN] [differ] qid constructor_accessor_axiom not found in dbg/dfd12f3282/orig.smt2 [0m
[92m[INFO] [edit] [inst] prelude_fuel_defaults 114 instances [0m
[92m[INFO] [edit] [erase] prelude_fuel_defaults [0m
[92m[INFO] [edit] written to data/projs/fast_fail_dfd12f3282/base.z3/8ab12f96.smt2 [0m
[92m[INFO] [edit] [inst] prelude_unbox_box_int 50 instances [0m
[92m[INFO] [edit] written to data/projs/fast_fail_dfd12f3282/base.z3/7e1bcc27.smt2 [0m
[92m[INFO] [edit] [inst] prelude_unbox_box_bool 21 instances [0m
[92m[INFO] [edit] written to data/projs/fast_fail_dfd12f3282/base.z3/4aa1acb7.smt2 [0m
[92m[INFO] [edit] [inst] prelude_add 31 instances [0m
[92m[INFO] [edit] [erase] prelude_add [0m
[92m[INFO] [edit] written to data/projs/fast_fail_dfd12f3282/base.z3/f6e0cf32.smt2 [0m
[92m[INFO] [edit] [inst] prelude_box_unbox_usize 4 instances [0m
[92m[INFO] [edit] written to data/projs/fast_fail_dfd12f3282/base.z3/b771a3b0.smt2 [0m
[92m[INFO] [edit] [inst] user_verify_proof__set__lemma_set_usize_range_contains_76 1 instances [0m
[92m[INFO] [edit] written to data/projs/fast_fail_dfd12f3282/base.z3/0cb3b2cb.smt2 [0m
[92m[INFO] [edit] [inst] internal_core__option__Option_box_axiom_definition 20 instances [0m
[92m[INFO] [edit] written to data/projs/fast_fail_dfd12f3282/base.z3/47e38b79.smt2 [0m
[94m[DEBUG] [skolem] i$!skolem_user_svsm__mm__alloc__HeapMemoryRegion__writable_page_infos_88!1 -> skv_b1fc922b6756af3f_1 [0m
[94m[DEBUG] [skolem] i$!skolem_user_svsm__mm__alloc__HeapMemoryRegion__writable_page_infos_87!0 -> skv_b1fc922b6756af3f_2 [0m
[92m[INFO] [edit] [skolem] internal_svsm!mm.alloc.impl&__113.writable_page_infos.?_definition creates 2 skolem funs, 1 asserts [0m
(assert (=> (fuel_bool fuel%svsm!mm.alloc.impl&%113.writable_page_infos.) (forall ((self! Poly) (pfn! Poly) (npage! Poly) (perms! Poly)) (! (= (svsm!mm.alloc.impl&%113.writable_page_infos.? self! pfn! npage! perms!) (and (forall ((i$ Poly)) (! (=> (has_type i$ USIZE) (=> (let ((tmp%%$ (%I pfn!))) (let ((tmp%%$1 (%I i$))) (let ((tmp%%$2 (Add (%I pfn!) (%I npage!)))) (and (<= tmp%%$ tmp%%$1) (< tmp%%$1 tmp%%$2))))) (vstd!iset.ISet.contains.? $ USIZE (vstd!set.impl&%0.to_iset.? $ USIZE (vstd!map.impl&%0.dom.? $ USIZE $ (TYPE%verify_proof!frac_ptr.FracTypedPerm. $ TYPE%svsm!mm.alloc.PageStorageType.) perms!)) i$))) :pattern ((vstd!iset.ISet.contains.? $ USIZE (vstd!set.impl&%0.to_iset.? $ USIZE (vstd!map.impl&%0.dom.? $ USIZE $ (TYPE%verify_proof!frac_ptr.FracTypedPerm. $ TYPE%svsm!mm.alloc.PageStorageType.) perms!)) i$)) :qid user_svsm__mm__alloc__HeapMemoryRegion__writable_page_infos_87 :skolemid skolem_user_svsm__mm__alloc__HeapMemoryRegion__writable_page_infos_87)) (forall ((i$ Poly)) (! (=> (has_type i$ USIZE) (=> (let ((tmp%%$ (%I pfn!))) (let ((tmp%%$4 (%I i$))) (let ((tmp%%$5 (Add (%I pfn!) (%I npage!)))) (and (<= tmp%%$ tmp%%$4) (< tmp%%$4 tmp%%$5))))) (svsm!mm.alloc.impl&%113.writable_page_info.? self! i$ (vstd!map.impl&%0.index.? $ USIZE $ (TYPE%verify_proof!frac_ptr.FracTypedPerm. $ TYPE%svsm!mm.alloc.PageStorageType.) perms! i$)))) :pattern ((vstd!map.impl&%0.index.? $ USIZE $ (TYPE%verify_proof!frac_ptr.FracTypedPerm. $ TYPE%svsm!mm.alloc.PageStorageType.) perms! i$)) :pattern ((vstd!map.impl&%0.index.? $ USIZE $ (TYPE%verify_proof!frac_ptr.FracTypedPerm. $ TYPE%svsm!mm.alloc.PageStorageType.) perms! i$)) :qid user_svsm__mm__alloc__HeapMemoryRegion__writable_page_infos_88 :skolemid skolem_user_svsm__mm__alloc__HeapMemoryRegion__writable_page_infos_88)))) :pattern ((svsm!mm.alloc.impl&%113.writable_page_infos.? self! pfn! npage! perms!)) :qid internal_svsm!mm.alloc.impl&__113.writable_page_infos.?_definition :skolemid skolem_internal_svsm!mm.alloc.impl&__113.writable_page_infos.?_definition))))
[92m[INFO] [edit] [banish] internal_svsm!mm.alloc.impl&__113.writable_page_infos.?_definition [0m
[93m[WARN] failed to banish internal_svsm!mm.alloc.impl&__113.writable_page_infos.?_definition [0m
[92m[INFO] [edit] written to data/projs/fast_fail_dfd12f3282/base.z3/37af2558.smt2 [0m
[92m[INFO] [edit] [inst] user_vstd__set_lib__range_set_properties_50 2 instances [0m
[92m[INFO] [edit] [erase] user_vstd__set_lib__range_set_properties_50 [0m
[92m[INFO] [edit] written to data/projs/fast_fail_dfd12f3282/base.z3/6e08d1fb.smt2 [0m
[92m[INFO] [edit] [inst] prelude_u_clip 15 instances [0m
[92m[INFO] [edit] written to data/projs/fast_fail_dfd12f3282/base.z3/2184a143.smt2 [0m
Produced candidate smt2 files
[94m[DEBUG] created table fast_fail_dfd12f3282_base_z3_z3_4_16_0_exp [0m
[92m[INFO] running 10 original queries [0m
[94m[DEBUG] running ALL of fast_fail_dfd12f3282.base.z3 [0m
[94m[DEBUG] adding 10 tasks [0m
[92m[INFO] running 10 tasks [0m
[92m[INFO] there is 4 processors [0m
[94m[DEBUG] worker 3 finished in 1.77 seconds [0m
[94m[DEBUG] worker 0 finished in 1.79 seconds [0m
[94m[DEBUG] worker 2 finished in 1.96 seconds [0m
[94m[DEBUG] worker 1 finished in 2.0 seconds [0m
[92m[INFO] workers finished [0m
[92m[INFO] done post processing exp data [0m
verify candidate 8ab12f96: 0.851s; rank=1; p=8; t=0.851
verify candidate 0cb3b2cb: 1.036s; rank=6; p=4; t=1.036
verify candidate 37af2558: 1.092s; rank=8; p=3; t=1.092
verify candidate 6e08d1fb: 1.125s; rank=9; p=3; t=1.125
verify candidate 2184a143: 1.387s; rank=10; p=3; t=1.387
selected 5 verified candidates to data/projs/fast_fail_dfd12f3282.filtered/base.z3 with 5.491s vanilla verification budget
[92m[INFO] running 5 original queries [0m
[92m[INFO] running 50 tasks [0m
[92m[INFO] there is 7 processors [0m
[94m[DEBUG] created table fast_fail_dfd12f3282_filtered_base_z3_z3_4_16_0_exp [0m
[94m[DEBUG] running ALL of fast_fail_dfd12f3282.filtered.base.z3 [0m
[94m[DEBUG] adding 50 tasks [0m
[94m[DEBUG] worker 0 finished in 8.7 seconds [0m
[94m[DEBUG] worker 2 finished in 9.0 seconds [0m
[94m[DEBUG] worker 6 finished in 9.1 seconds [0m
[94m[DEBUG] worker 1 finished in 9.22 seconds [0m
[94m[DEBUG] worker 3 finished in 9.36 seconds [0m
[94m[DEBUG] worker 5 finished in 9.39 seconds [0m
[94m[DEBUG] worker 4 finished in 9.5 seconds [0m
[92m[INFO] workers finished [0m
[92m[INFO] done post processing exp data [0m
=== Overall Report ===

project dir:	data/projs/fast_fail_dfd12f3282.filtered/base.z3
exper config:	filter
solver path:	bin/z3-4.16.0
analyzer:	default

| category   |   count | percentage   |
|------------|---------|--------------|
| unstable   |       5 | 100.0%       |
| total      |       5 | 100.00 %     |

=== Report End ===
Ran mariposa on filtered queries
[92m[INFO] carving out query 0cb3b2cb [0m
Passed Mutants (9):
data/projs/fast_fail_dfd12f3282.filtered/base.z3/0cb3b2cb.smt2 - unsat - 1.27
gen/fast_fail_dfd12f3282.filtered/base.z3/filter/0cb3b2cb.976130895546308329.rename.smt2 - unsat - 1.27
gen/fast_fail_dfd12f3282.filtered/base.z3/filter/0cb3b2cb.2669969521261184518.rename.smt2 - unsat - 1.28
gen/fast_fail_dfd12f3282.filtered/base.z3/filter/0cb3b2cb.8071144457713223868.reseed.smt2 - unsat - 1.35
gen/fast_fail_dfd12f3282.filtered/base.z3/filter/0cb3b2cb.15836908900563881200.shuffle.smt2 - unsat - 1.93
gen/fast_fail_dfd12f3282.filtered/base.z3/filter/0cb3b2cb.1292008368146391255.reseed.smt2 - unsat - 1.62
gen/fast_fail_dfd12f3282.filtered/base.z3/filter/0cb3b2cb.15048475771258149460.reseed.smt2 - unsat - 1.32
gen/fast_fail_dfd12f3282.filtered/base.z3/filter/0cb3b2cb.8900241479244038427.rename.smt2 - unsat - 1.24
gen/fast_fail_dfd12f3282.filtered/base.z3/filter/0cb3b2cb.2976638408390484568.shuffle.smt2 - unsat - 1.67

Failed Mutants (1):
gen/fast_fail_dfd12f3282.filtered/base.z3/filter/0cb3b2cb.11647479220332522943.shuffle.smt2 - unknown - 0.95
[92m[INFO] carving out query 2184a143 [0m
Passed Mutants (8):
gen/fast_fail_dfd12f3282.filtered/base.z3/filter/2184a143.16819998123391522309.rename.smt2 - unsat - 1.71
gen/fast_fail_dfd12f3282.filtered/base.z3/filter/2184a143.858260463468136603.reseed.smt2 - unsat - 1.8
gen/fast_fail_dfd12f3282.filtered/base.z3/filter/2184a143.13198252277936879157.reseed.smt2 - unsat - 1.55
gen/fast_fail_dfd12f3282.filtered/base.z3/filter/2184a143.9231818055246924026.shuffle.smt2 - unsat - 1.56
gen/fast_fail_dfd12f3282.filtered/base.z3/filter/2184a143.18279397211073684863.rename.smt2 - unsat - 1.71
data/projs/fast_fail_dfd12f3282.filtered/base.z3/2184a143.smt2 - unsat - 1.69
gen/fast_fail_dfd12f3282.filtered/base.z3/filter/2184a143.9551095358531739349.reseed.smt2 - unsat - 1.51
gen/fast_fail_dfd12f3282.filtered/base.z3/filter/2184a143.6797816732213386666.rename.smt2 - unsat - 1.71

Failed Mutants (2):
gen/fast_fail_dfd12f3282.filtered/base.z3/filter/2184a143.3471628815930390386.shuffle.smt2 - unknown - 0.6
gen/fast_fail_dfd12f3282.filtered/base.z3/filter/2184a143.16791499796738762008.shuffle.smt2 - unknown - 0.93
[92m[INFO] carving out query 37af2558 [0m
Passed Mutants (9):
gen/fast_fail_dfd12f3282.filtered/base.z3/filter/37af2558.6902464972112301302.shuffle.smt2 - unsat - 0.96
gen/fast_fail_dfd12f3282.filtered/base.z3/filter/37af2558.15742595604669863994.reseed.smt2 - unsat - 1.43
data/projs/fast_fail_dfd12f3282.filtered/base.z3/37af2558.smt2 - unsat - 1.35
gen/fast_fail_dfd12f3282.filtered/base.z3/filter/37af2558.15778840696401413384.rename.smt2 - unsat - 1.4
gen/fast_fail_dfd12f3282.filtered/base.z3/filter/37af2558.188894401181422335.reseed.smt2 - unsat - 1.28
gen/fast_fail_dfd12f3282.filtered/base.z3/filter/37af2558.13658335879312878846.reseed.smt2 - unsat - 1.41
gen/fast_fail_dfd12f3282.filtered/base.z3/filter/37af2558.8280919931491314885.shuffle.smt2 - unsat - 0.85
gen/fast_fail_dfd12f3282.filtered/base.z3/filter/37af2558.7485179206879308340.rename.smt2 - unsat - 1.33
gen/fast_fail_dfd12f3282.filtered/base.z3/filter/37af2558.5540663429599203144.rename.smt2 - unsat - 1.3

Failed Mutants (1):
gen/fast_fail_dfd12f3282.filtered/base.z3/filter/37af2558.4795303951814326104.shuffle.smt2 - unknown - 0.71
[92m[INFO] carving out query 6e08d1fb [0m
Passed Mutants (7):
gen/fast_fail_dfd12f3282.filtered/base.z3/filter/6e08d1fb.17511036488196715368.reseed.smt2 - unsat - 1.38
data/projs/fast_fail_dfd12f3282.filtered/base.z3/6e08d1fb.smt2 - unsat - 1.4
gen/fast_fail_dfd12f3282.filtered/base.z3/filter/6e08d1fb.9795008382147274773.shuffle.smt2 - unsat - 0.88
gen/fast_fail_dfd12f3282.filtered/base.z3/filter/6e08d1fb.9714662121205449141.reseed.smt2 - unsat - 1.4
gen/fast_fail_dfd12f3282.filtered/base.z3/filter/6e08d1fb.2585808427001243692.rename.smt2 - unsat - 1.41
gen/fast_fail_dfd12f3282.filtered/base.z3/filter/6e08d1fb.14636637551776446444.rename.smt2 - unsat - 1.38
gen/fast_fail_dfd12f3282.filtered/base.z3/filter/6e08d1fb.9103199745623430035.rename.smt2 - unsat - 1.25

Failed Mutants (3):
gen/fast_fail_dfd12f3282.filtered/base.z3/filter/6e08d1fb.5152357925415318362.shuffle.smt2 - unknown - 0.32
gen/fast_fail_dfd12f3282.filtered/base.z3/filter/6e08d1fb.479574432947358785.shuffle.smt2 - unknown - 0.75
gen/fast_fail_dfd12f3282.filtered/base.z3/filter/6e08d1fb.2774441200530314962.reseed.smt2 - unknown - 0.62
[92m[INFO] carving out query 8ab12f96 [0m
Passed Mutants (8):
gen/fast_fail_dfd12f3282.filtered/base.z3/filter/8ab12f96.9466134723090966893.rename.smt2 - unsat - 1.07
gen/fast_fail_dfd12f3282.filtered/base.z3/filter/8ab12f96.2712593586997174703.shuffle.smt2 - unsat - 1.19
gen/fast_fail_dfd12f3282.filtered/base.z3/filter/8ab12f96.16332999622589009576.shuffle.smt2 - unsat - 1.4
gen/fast_fail_dfd12f3282.filtered/base.z3/filter/8ab12f96.5897386377699925553.rename.smt2 - unsat - 1.08
data/projs/fast_fail_dfd12f3282.filtered/base.z3/8ab12f96.smt2 - unsat - 1.07
gen/fast_fail_dfd12f3282.filtered/base.z3/filter/8ab12f96.14431815384673793172.reseed.smt2 - unsat - 1.23
gen/fast_fail_dfd12f3282.filtered/base.z3/filter/8ab12f96.10937742017380286179.reseed.smt2 - unsat - 1.22
gen/fast_fail_dfd12f3282.filtered/base.z3/filter/8ab12f96.2115234800701187252.rename.smt2 - unsat - 0.99

Failed Mutants (2):
gen/fast_fail_dfd12f3282.filtered/base.z3/filter/8ab12f96.11548243994420273782.shuffle.smt2 - unknown - 0.68
gen/fast_fail_dfd12f3282.filtered/base.z3/filter/8ab12f96.3673212814654112230.reseed.smt2 - unknown - 0.66
[92m[INFO] removed 5 queries, 0 remaining [0m
Carved out unstable queries
Ran early-stop stability checks until a stable fix was found
Checking candidates by increasing vanilla verification time
Got list of fixes
No fixes were found :(

=== Caza external-call time (wall clock) ===
    2.39s  initial stability check
    0.05s  build debugger trace and proof
    1.59s  finding fixes
    2.05s  verify candidates
    0.01s  filter broken candidates
   10.18s  filter candidates experiment
    0.88s  carve unstable candidates
   17.14s  total

================================================================================
[50/73] Caza query finished 2026-08-25T17:35:23
exit status: 0
================================================================================

================================================================================
[51/73] Caza query started 2026-08-25T17:35:23
query: /home/youjia/mariposa/data/verita_bad/tla-rs__generated__RSL__learner_gen.13.smt2
command: /usr/bin/python3 -u /home/youjia/mariposa/src/caza_wizard.py --set-seed 0x87654321 --early --fast-proof --sort time /home/youjia/mariposa/data/verita_bad/tla-rs__generated__RSL__learner_gen.13.smt2
================================================================================
Parsing...
Checking whether the input query is already stable
[92m[INFO] removing gen/sproj_single_fb2a961c63 [0m
[92m[INFO] using 60s solver timeout (capped by analyzer 60sec) [0m
[94m[DEBUG] created table single_fb2a961c63_base_z3_z3_4_16_0_exp [0m
[92m[INFO] running 1 original queries [0m
[94m[DEBUG] running ALL of single_fb2a961c63.base.z3 [0m
[94m[DEBUG] adding 181 tasks [0m
[92m[INFO] criteria: vanilla=unsat@0.094s; groups: shuffle=[unsat@0.095s, unsat@0.096s, unsat@0.096s, unsat@0.097s, unsat@0.097s, unsat@0.095s, unsat@0.098s, unsat@0.098s, unsat@0.100s, unknown@0.099s, unknown@0.100s, unsat@0.096s, unknown@0.102s, unsat@0.098s, unsat@0.101s, unsat@0.097s, unsat@0.097s, unsat@0.097s, unsat@0.095s, unsat@0.096s, unsat@0.096s, unsat@0.099s, unknown@0.101s] (37 mutant result(s) pending); rename=[] (60 mutant result(s) pending); reseed=[] (60 mutant result(s) pending); possible final categories=[unstable] [0m
[92m[INFO] early decision: gen/sproj_single_fb2a961c63/tla-rs__generated__RSL__learner_gen.13.smt2 -> not_stable; skipping 151 queued tasks [0m
=== stable (0) ===
Starting Cazamariposas
[92m[INFO] [init] loaded cached artifacts: traces=2, cores=4, proofs=4 [0m
[92m[INFO] [init] cached-proofs-only: skipping trace, core, and proof construction [0m
[92m[INFO] [init] dbg root: dbg/fb2a961c63/ [0m
[92m[INFO] [init] fb2a961c63 auto selected DbgMode.FAST_FAIL [0m
Found failure trace and proof object
[94m[DEBUG] [edit] proof path: dbg/fb2a961c63/proofs/rename.191134073603777486.proof [0m
[94m[DEBUG] [edit] trace path: dbg/fb2a961c63/traces/shuffle.9052052896573762575 [0m
6921f84fb52c5b0f5c926b35eba83523.pickle
[93m[WARN] [differ] qid constructor_accessor_axiom not found in dbg/fb2a961c63/orig.smt2 [0m
[92m[INFO] [edit] [inst] prelude_fuel_defaults 13 instances [0m
[92m[INFO] [edit] [erase] prelude_fuel_defaults [0m
[92m[INFO] [edit] written to data/projs/fast_fail_fb2a961c63/base.z3/8ab12f96.smt2 [0m
[94m[DEBUG] [skolem] k$1!skolem_mariposa_qid_7!0 -> skv_2bf43fc1737c2f04_1 [0m
[92m[INFO] [edit] [skolem] mariposa_qid_6 creates 1 skolem funs, 1 asserts [0m
(assert (forall ((%%hole%%0 Type) (%%hole%%1 Dcr) (%%hole%%2 Type) (%%hole%%3 Poly) (%%hole%%4 Poly) (%%hole%%5 Dcr) (%%hole%%6 Type) (%%hole%%7 Poly)) (! (=> (exists ((k$1 Poly)) (! (and (has_type k$1 %%hole%%0) (and (vstd!iset.ISet.contains.? %%hole%%1 %%hole%%2 %%hole%%3 k$1) (= k$1 %%hole%%4))) :pattern ((vstd!iset.ISet.contains.? %%hole%%5 %%hole%%6 %%hole%%7 k$1)) :qid user_lib__implementation__RSL__types_i__abstractify_cvotes_119 :skolemid skolem_user_lib__implementation__RSL__types_i__abstractify_cvotes_119)) (exists ((k$1 Poly)) (! (and (and (has_type k$1 %%hole%%0) (and (vstd!iset.ISet.contains.? %%hole%%1 %%hole%%2 %%hole%%3 k$1) (= k$1 %%hole%%4))) (= (%%choose%%0 %%hole%%0 %%hole%%1 %%hole%%2 %%hole%%3 %%hole%%4 %%hole%%5 %%hole%%6 %%hole%%7) k$1)) :pattern ((vstd!iset.ISet.contains.? %%hole%%5 %%hole%%6 %%hole%%7 k$1)) :qid mariposa_qid_7 :skolemid skolem_mariposa_qid_7))) :pattern ((%%choose%%0 %%hole%%0 %%hole%%1 %%hole%%2 %%hole%%3 %%hole%%4 %%hole%%5 %%hole%%6 %%hole%%7)) :qid mariposa_qid_6 :skolemid skolem_mariposa_qid_6)))
[92m[INFO] [edit] [banish] mariposa_qid_6 [0m
[93m[WARN] failed to banish mariposa_qid_6 [0m
[92m[INFO] [edit] written to data/projs/fast_fail_fb2a961c63/base.z3/135dc85c.smt2 [0m
[94m[DEBUG] [skolem] k$!skolem_user_lib__generated__RSL__learner_gen__filter_clearnerstate_176!3 -> skv_2bf43fc1737c2f04_2 [0m
[94m[DEBUG] [skolem] k$!skolem_user_lib__generated__RSL__learner_gen__filter_clearnerstate_175!2 -> skv_2bf43fc1737c2f04_3 [0m
[94m[DEBUG] [skolem] k$!skolem_user_lib__generated__RSL__learner_gen__filter_clearnerstate_174!1 -> skv_2bf43fc1737c2f04_4 [0m
[92m[INFO] [edit] [skolem] internal_ens__lib!generated.RSL.learner_gen.filter_clearnerstate._definition creates 3 skolem funs, 1 asserts [0m
(assert (forall ((m! std!collections.hash.map.HashMap<u64./lib!implementation.RSL.types_i.CLearnerTuple./std!hash.random.RandomState./alloc!alloc.Global.>.) (threshold! Int) (res! std!collections.hash.map.HashMap<u64./lib!implementation.RSL.types_i.CLearnerTuple./std!hash.random.RandomState./alloc!alloc.Global.>.)) (! (= (ens%lib!generated.RSL.learner_gen.filter_clearnerstate. m! threshold! res!) (and (lib!implementation.RSL.types_i.clearnerstate_is_valid.? (Poly%std!collections.hash.map.HashMap<u64./lib!implementation.RSL.types_i.CLearnerTuple./std!hash.random.RandomState./alloc!alloc.Global.>. res!)) (lib!implementation.RSL.types_i.clearnerstate_is_abstractable.? (Poly%std!collections.hash.map.HashMap<u64./lib!implementation.RSL.types_i.CLearnerTuple./std!hash.random.RandomState./alloc!alloc.Global.>. res!)) (forall ((k$ Poly)) (! (=> (has_type k$ (UINT 64)) (=> (vstd!iset.ISet.contains.? $ (UINT 64) (vstd!set.impl&%0.to_iset.? $ (UINT 64) (vstd!map.impl&%0.dom.? $ (UINT 64) $ TYPE%lib!implementation.RSL.types_i.CLearnerTuple. (vstd!view.View.view.? $ (TYPE%std!collections.hash.map.HashMap. $ (UINT 64) $ TYPE%lib!implementation.RSL.types_i.CLearnerTuple. $ TYPE%std!hash.random.RandomState. $ TYPE%alloc!alloc.Global.) (Poly%std!collections.hash.map.HashMap<u64./lib!implementation.RSL.types_i.CLearnerTuple./std!hash.random.RandomState./alloc!alloc.Global.>. res!)))) k$) (and (and (vstd!iset.ISet.contains.? $ (UINT 64) (vstd!set.impl&%0.to_iset.? $ (UINT 64) (vstd!map.impl&%0.dom.? $ (UINT 64) $ TYPE%lib!implementation.RSL.types_i.CLearnerTuple. (vstd!view.View.view.? $ (TYPE%std!collections.hash.map.HashMap. $ (UINT 64) $ TYPE%lib!implementation.RSL.types_i.CLearnerTuple. $ TYPE%std!hash.random.RandomState. $ TYPE%alloc!alloc.Global.) (Poly%std!collections.hash.map.HashMap<u64./lib!implementation.RSL.types_i.CLearnerTuple./std!hash.random.RandomState./alloc!alloc.Global.>. m!)))) k$) (>= (%I k$) threshold!)) (= (vstd!map.impl&%0.index.? $ (UINT 64) $ TYPE%lib!implementation.RSL.types_i.CLearnerTuple. (vstd!view.View.view.? $ (TYPE%std!collections.hash.map.HashMap. $ (UINT 64) $ TYPE%lib!implementation.RSL.types_i.CLearnerTuple. $ TYPE%std!hash.random.RandomState. $ TYPE%alloc!alloc.Global.) (Poly%std!collections.hash.map.HashMap<u64./lib!implementation.RSL.types_i.CLearnerTuple./std!hash.random.RandomState./alloc!alloc.Global.>. res!)) k$) (vstd!map.impl&%0.index.? $ (UINT 64) $ TYPE%lib!implementation.RSL.types_i.CLearnerTuple. (vstd!view.View.view.? $ (TYPE%std!collections.hash.map.HashMap. $ (UINT 64) $ TYPE%lib!implementation.RSL.types_i.CLearnerTuple. $ TYPE%std!hash.random.RandomState. $ TYPE%alloc!alloc.Global.) (Poly%std!collections.hash.map.HashMap<u64./lib!implementation.RSL.types_i.CLearnerTuple./std!hash.random.RandomState./alloc!alloc.Global.>. m!)) k$))))) :pattern ((vstd!map.impl&%0.index.? $ (UINT 64) $ TYPE%lib!implementation.RSL.types_i.CLearnerTuple. (vstd!view.View.view.? $ (TYPE%std!collections.hash.map.HashMap. $ (UINT 64) $ TYPE%lib!implementation.RSL.types_i.CLearnerTuple. $ TYPE%std!hash.random.RandomState. $ TYPE%alloc!alloc.Global.) (Poly%std!collections.hash.map.HashMap<u64./lib!implementation.RSL.types_i.CLearnerTuple./std!hash.random.RandomState./alloc!alloc.Global.>. res!)) k$)) :qid user_lib__generated__RSL__learner_gen__filter_clearnerstate_174 :skolemid skolem_user_lib__generated__RSL__learner_gen__filter_clearnerstate_174)) (forall ((k$ Poly)) (! (=> (has_type k$ (UINT 64)) (=> (and (vstd!iset.ISet.contains.? $ (UINT 64) (vstd!set.impl&%0.to_iset.? $ (UINT 64) (vstd!map.impl&%0.dom.? $ (UINT 64) $ TYPE%lib!implementation.RSL.types_i.CLearnerTuple. (vstd!view.View.view.? $ (TYPE%std!collections.hash.map.HashMap. $ (UINT 64) $ TYPE%lib!implementation.RSL.types_i.CLearnerTuple. $ TYPE%std!hash.random.RandomState. $ TYPE%alloc!alloc.Global.) (Poly%std!collections.hash.map.HashMap<u64./lib!implementation.RSL.types_i.CLearnerTuple./std!hash.random.RandomState./alloc!alloc.Global.>. m!)))) k$) (>= (%I k$) threshold!)) (vstd!iset.ISet.contains.? $ (UINT 64) (vstd!set.impl&%0.to_iset.? $ (UINT 64) (vstd!map.impl&%0.dom.? $ (UINT 64) $ TYPE%lib!implementation.RSL.types_i.CLearnerTuple. (vstd!view.View.view.? $ (TYPE%std!collections.hash.map.HashMap. $ (UINT 64) $ TYPE%lib!implementation.RSL.types_i.CLearnerTuple. $ TYPE%std!hash.random.RandomState. $ TYPE%alloc!alloc.Global.) (Poly%std!collections.hash.map.HashMap<u64./lib!implementation.RSL.types_i.CLearnerTuple./std!hash.random.RandomState./alloc!alloc.Global.>. res!)))) k$))) :pattern ((vstd!iset.ISet.contains.? $ (UINT 64) (vstd!set.impl&%0.to_iset.? $ (UINT 64) (vstd!map.impl&%0.dom.? $ (UINT 64) $ TYPE%lib!implementation.RSL.types_i.CLearnerTuple. (vstd!view.View.view.? $ (TYPE%std!collections.hash.map.HashMap. $ (UINT 64) $ TYPE%lib!implementation.RSL.types_i.CLearnerTuple. $ TYPE%std!hash.random.RandomState. $ TYPE%alloc!alloc.Global.) (Poly%std!collections.hash.map.HashMap<u64./lib!implementation.RSL.types_i.CLearnerTuple./std!hash.random.RandomState./alloc!alloc.Global.>. m!)))) k$)) :pattern ((vstd!iset.ISet.contains.? $ (UINT 64) (vstd!set.impl&%0.to_iset.? $ (UINT 64) (vstd!map.impl&%0.dom.? $ (UINT 64) $ TYPE%lib!implementation.RSL.types_i.CLearnerTuple. (vstd!view.View.view.? $ (TYPE%std!collections.hash.map.HashMap. $ (UINT 64) $ TYPE%lib!implementation.RSL.types_i.CLearnerTuple. $ TYPE%std!hash.random.RandomState. $ TYPE%alloc!alloc.Global.) (Poly%std!collections.hash.map.HashMap<u64./lib!implementation.RSL.types_i.CLearnerTuple./std!hash.random.RandomState./alloc!alloc.Global.>. res!)))) k$)) :qid user_lib__generated__RSL__learner_gen__filter_clearnerstate_175 :skolemid skolem_user_lib__generated__RSL__learner_gen__filter_clearnerstate_175)) (forall ((k$ Poly)) (! (=> (has_type k$ (UINT 64)) (=> (vstd!iset.ISet.contains.? $ (UINT 64) (vstd!set.impl&%0.to_iset.? $ (UINT 64) (vstd!map.impl&%0.dom.? $ (UINT 64) $ TYPE%lib!implementation.RSL.types_i.CLearnerTuple. (vstd!view.View.view.? $ (TYPE%std!collections.hash.map.HashMap. $ (UINT 64) $ TYPE%lib!implementation.RSL.types_i.CLearnerTuple. $ TYPE%std!hash.random.RandomState. $ TYPE%alloc!alloc.Global.) (Poly%std!collections.hash.map.HashMap<u64./lib!implementation.RSL.types_i.CLearnerTuple./std!hash.random.RandomState./alloc!alloc.Global.>. res!)))) k$) (vstd!iset.ISet.contains.? $ (UINT 64) (vstd!set.impl&%0.to_iset.? $ (UINT 64) (vstd!map.impl&%0.dom.? $ (UINT 64) $ TYPE%lib!implementation.RSL.types_i.CLearnerTuple. (vstd!view.View.view.? $ (TYPE%std!collections.hash.map.HashMap. $ (UINT 64) $ TYPE%lib!implementation.RSL.types_i.CLearnerTuple. $ TYPE%std!hash.random.RandomState. $ TYPE%alloc!alloc.Global.) (Poly%std!collections.hash.map.HashMap<u64./lib!implementation.RSL.types_i.CLearnerTuple./std!hash.random.RandomState./alloc!alloc.Global.>. m!)))) k$))) :pattern ((vstd!iset.ISet.contains.? $ (UINT 64) (vstd!set.impl&%0.to_iset.? $ (UINT 64) (vstd!map.impl&%0.dom.? $ (UINT 64) $ TYPE%lib!implementation.RSL.types_i.CLearnerTuple. (vstd!view.View.view.? $ (TYPE%std!collections.hash.map.HashMap. $ (UINT 64) $ TYPE%lib!implementation.RSL.types_i.CLearnerTuple. $ TYPE%std!hash.random.RandomState. $ TYPE%alloc!alloc.Global.) (Poly%std!collections.hash.map.HashMap<u64./lib!implementation.RSL.types_i.CLearnerTuple./std!hash.random.RandomState./alloc!alloc.Global.>. res!)))) k$)) :pattern ((vstd!iset.ISet.contains.? $ (UINT 64) (vstd!set.impl&%0.to_iset.? $ (UINT 64) (vstd!map.impl&%0.dom.? $ (UINT 64) $ TYPE%lib!implementation.RSL.types_i.CLearnerTuple. (vstd!view.View.view.? $ (TYPE%std!collections.hash.map.HashMap. $ (UINT 64) $ TYPE%lib!implementation.RSL.types_i.CLearnerTuple. $ TYPE%std!hash.random.RandomState. $ TYPE%alloc!alloc.Global.) (Poly%std!collections.hash.map.HashMap<u64./lib!implementation.RSL.types_i.CLearnerTuple./std!hash.random.RandomState./alloc!alloc.Global.>. m!)))) k$)) :qid user_lib__generated__RSL__learner_gen__filter_clearnerstate_176 :skolemid skolem_user_lib__generated__RSL__learner_gen__filter_clearnerstate_176)))) :pattern ((ens%lib!generated.RSL.learner_gen.filter_clearnerstate. m! threshold! res!)) :qid internal_ens__lib!generated.RSL.learner_gen.filter_clearnerstate._definition :skolemid skolem_internal_ens__lib!generated.RSL.learner_gen.filter_clearnerstate._definition)))
[92m[INFO] [edit] [banish] internal_ens__lib!generated.RSL.learner_gen.filter_clearnerstate._definition [0m
[93m[WARN] failed to banish internal_ens__lib!generated.RSL.learner_gen.filter_clearnerstate._definition [0m
[92m[INFO] [edit] written to data/projs/fast_fail_fb2a961c63/base.z3/b0b97abf.smt2 [0m
[92m[INFO] [edit] [inst] prelude_box_unbox_uint 3 instances [0m
[92m[INFO] [edit] written to data/projs/fast_fail_fb2a961c63/base.z3/fbc580a6.smt2 [0m
[94m[DEBUG] [skolem] a$!skolem_user_vstd__set_lib__impl&%0__lemma_map_contains_57!4 -> skv_2bf43fc1737c2f04_5 [0m
[92m[INFO] [edit] [skolem] user_vstd__set_lib__impl&%0__lemma_map_contains_58 creates 1 skolem funs, 1 asserts [0m
(assert (=> (fuel_bool fuel%vstd!set_lib.impl&%0.lemma_map_contains.) (forall ((A&. Dcr) (A& Type) (B&. Dcr) (B& Type) (self! Poly) (f! Poly) (b! Poly)) (! (=> (and (has_type self! (TYPE%vstd!set.Set. A&. A&)) (has_type f! (TYPE%fun%1. A&. A& B&. B&)) (has_type b! B&)) (=> (and (sized A&.) (sized B&.)) (= (vstd!iset.ISet.contains.? B&. B& (vstd!set.impl&%0.to_iset.? B&. B& (vstd!set_lib.impl&%0.map.? A&. A& B&. B& self! f!)) b!) (exists ((a$ Poly)) (! (and (has_type a$ A&) (and (vstd!iset.ISet.contains.? A&. A& (vstd!set.impl&%0.to_iset.? A&. A& self!) a$) (= b! (%%apply%%0 (%Poly%fun%1. f!) a$)))) :pattern ((vstd!iset.ISet.contains.? A&. A& (vstd!set.impl&%0.to_iset.? A&. A& self!) a$)) :qid user_vstd__set_lib__impl&%0__lemma_map_contains_57 :skolemid skolem_user_vstd__set_lib__impl&%0__lemma_map_contains_57))))) :pattern ((vstd!iset.ISet.contains.? B&. B& (vstd!set.impl&%0.to_iset.? B&. B& (vstd!set_lib.impl&%0.map.? A&. A& B&. B& self! f!)) b!)) :qid user_vstd__set_lib__impl&%0__lemma_map_contains_58 :skolemid skolem_user_vstd__set_lib__impl&%0__lemma_map_contains_58))))
[92m[INFO] [edit] [banish] user_vstd__set_lib__impl&%0__lemma_map_contains_58 [0m
[93m[WARN] failed to banish user_vstd__set_lib__impl&%0__lemma_map_contains_58 [0m
[92m[INFO] [edit] written to data/projs/fast_fail_fb2a961c63/base.z3/591e639a.smt2 [0m
[94m[DEBUG] [skolem] i$!skolem_user_lib__implementation__RSL__types_i__clearnerstate_is_valid_126!5 -> skv_2bf43fc1737c2f04_6 [0m
[92m[INFO] [edit] [skolem] internal_lib!implementation.RSL.types_i.clearnerstate_is_valid.?_definition creates 1 skolem funs, 1 asserts [0m
(assert (=> (fuel_bool fuel%lib!implementation.RSL.types_i.clearnerstate_is_valid.) (forall ((m! Poly)) (! (= (lib!implementation.RSL.types_i.clearnerstate_is_valid.? m!) (and (lib!implementation.RSL.types_i.clearnerstate_is_abstractable.? m!) (forall ((i$ Poly)) (! (=> (has_type i$ (UINT 64)) (=> (vstd!iset.ISet.contains.? $ (UINT 64) (vstd!set.impl&%0.to_iset.? $ (UINT 64) (vstd!map.impl&%0.dom.? $ (UINT 64) $ TYPE%lib!implementation.RSL.types_i.CLearnerTuple. (vstd!view.View.view.? $ (TYPE%std!collections.hash.map.HashMap. $ (UINT 64) $ TYPE%lib!implementation.RSL.types_i.CLearnerTuple. $ TYPE%std!hash.random.RandomState. $ TYPE%alloc!alloc.Global.) m!))) i$) (and (lib!implementation.RSL.types_i.COperationNumberIsValid.? i$) (lib!implementation.RSL.types_i.impl&%10.valid.? (vstd!map.impl&%0.index.? $ (UINT 64) $ TYPE%lib!implementation.RSL.types_i.CLearnerTuple. (vstd!view.View.view.? $ (TYPE%std!collections.hash.map.HashMap. $ (UINT 64) $ TYPE%lib!implementation.RSL.types_i.CLearnerTuple. $ TYPE%std!hash.random.RandomState. $ TYPE%alloc!alloc.Global.) m!) i$))))) :pattern ((lib!implementation.RSL.types_i.COperationNumberIsValid.? i$)) :qid user_lib__implementation__RSL__types_i__clearnerstate_is_valid_126 :skolemid skolem_user_lib__implementation__RSL__types_i__clearnerstate_is_valid_126)))) :pattern ((lib!implementation.RSL.types_i.clearnerstate_is_valid.? m!)) :qid internal_lib!implementation.RSL.types_i.clearnerstate_is_valid.?_definition :skolemid skolem_internal_lib!implementation.RSL.types_i.clearnerstate_is_valid.?_definition))))
[92m[INFO] [edit] [banish] internal_lib!implementation.RSL.types_i.clearnerstate_is_valid.?_definition [0m
[93m[WARN] failed to banish internal_lib!implementation.RSL.types_i.clearnerstate_is_valid.?_definition [0m
[92m[INFO] [edit] written to data/projs/fast_fail_fb2a961c63/base.z3/aa775456.smt2 [0m
[92m[INFO] [edit] [inst] prelude_as_type 4 instances [0m
[92m[INFO] [edit] [erase] prelude_as_type [0m
[92m[INFO] [edit] written to data/projs/fast_fail_fb2a961c63/base.z3/231d51fc.smt2 [0m
[92m[INFO] [edit] [inst] mariposa_qid_13 2 instances [0m
[92m[INFO] [edit] written to data/projs/fast_fail_fb2a961c63/base.z3/371b6885.smt2 [0m
[93m[WARN] [edit] qid mariposa_qid_5 has no feasible actions [0m
[94m[DEBUG] [edit] 53da6753 failed [0m
[92m[INFO] [edit] [inst] internal_vstd!map.impl&__0.dom.?_pre_post_definition 3 instances [0m
[92m[INFO] [edit] [erase] internal_vstd!map.impl&__0.dom.?_pre_post_definition [0m
[92m[INFO] [edit] written to data/projs/fast_fail_fb2a961c63/base.z3/298e3a51.smt2 [0m
[94m[DEBUG] [skolem] T%0!skolem_internal_crate__fun__1_constructor_inner_definition!6 -> skv_2bf43fc1737c2f04_7 [0m
[92m[INFO] [edit] [skolem] internal_crate__fun__1_constructor_definition creates 1 skolem funs, 1 asserts [0m
(assert (forall ((T%0&. Dcr) (T%0& Type) (T%1&. Dcr) (T%1& Type) (x %%Function%%)) (! (=> (forall ((T%0 Poly)) (! (=> (has_type T%0 T%0&) (has_type (%%apply%%0 x T%0) T%1&)) :pattern ((has_type (%%apply%%0 x T%0) T%1&)) :qid internal_crate__fun__1_constructor_inner_definition :skolemid skolem_internal_crate__fun__1_constructor_inner_definition)) (has_type (Poly%fun%1. (mk_fun x)) (TYPE%fun%1. T%0&. T%0& T%1&. T%1&))) :pattern ((has_type (Poly%fun%1. (mk_fun x)) (TYPE%fun%1. T%0&. T%0& T%1&. T%1&))) :qid internal_crate__fun__1_constructor_definition :skolemid skolem_internal_crate__fun__1_constructor_definition)))
[92m[INFO] [edit] [banish] internal_crate__fun__1_constructor_definition [0m
[93m[WARN] failed to banish internal_crate__fun__1_constructor_definition [0m
[92m[INFO] [edit] written to data/projs/fast_fail_fb2a961c63/base.z3/8405e12e.smt2 [0m
Produced candidate smt2 files
[94m[DEBUG] created table fast_fail_fb2a961c63_base_z3_z3_4_16_0_exp [0m
[92m[INFO] running 10 original queries [0m
[94m[DEBUG] running ALL of fast_fail_fb2a961c63.base.z3 [0m
[94m[DEBUG] adding 10 tasks [0m
[92m[INFO] running 10 tasks [0m
[92m[INFO] there is 4 processors [0m
[94m[DEBUG] worker 2 finished in 0.2 seconds [0m
[94m[DEBUG] worker 1 finished in 0.21 seconds [0m
[94m[DEBUG] worker 0 finished in 0.28 seconds [0m
[94m[DEBUG] worker 3 finished in 0.29 seconds [0m
[92m[INFO] workers finished [0m
[92m[INFO] done post processing exp data [0m
verify candidate 8ab12f96: 0.082s; rank=1; p=8; t=0.082
verify candidate b0b97abf: 0.084s; rank=3; p=5; t=0.084
verify candidate aa775456: 0.085s; rank=6; p=4; t=0.085
verify candidate 591e639a: 0.086s; rank=5; p=4; t=0.086
verify candidate 8405e12e: 0.086s; rank=10; p=3; t=0.086
verify candidate 135dc85c: 0.087s; rank=2; p=6; t=0.087
verify candidate fbc580a6: 0.087s; rank=4; p=4; t=0.087
verify candidate 298e3a51: 0.089s; rank=9; p=3; t=0.089
verify candidate 371b6885: 0.091s; rank=8; p=3; t=0.091
verify candidate 231d51fc: 0.100s; rank=7; p=4; t=0.100
selected 10 verified candidates to data/projs/fast_fail_fb2a961c63.filtered/base.z3 with 0.877s vanilla verification budget
[92m[INFO] running 10 original queries [0m
[92m[INFO] running 100 tasks [0m
[92m[INFO] there is 7 processors [0m
[94m[DEBUG] created table fast_fail_fb2a961c63_filtered_base_z3_z3_4_16_0_exp [0m
[94m[DEBUG] running ALL of fast_fail_fb2a961c63.filtered.base.z3 [0m
[94m[DEBUG] adding 100 tasks [0m
[94m[DEBUG] worker 1 finished in 2.02 seconds [0m
[94m[DEBUG] worker 3 finished in 2.03 seconds [0m
[94m[DEBUG] worker 4 finished in 2.05 seconds [0m
[94m[DEBUG] worker 0 finished in 2.08 seconds [0m
[94m[DEBUG] worker 2 finished in 2.1 seconds [0m
[94m[DEBUG] worker 5 finished in 2.1 seconds [0m
[94m[DEBUG] worker 6 finished in 2.17 seconds [0m
[92m[INFO] workers finished [0m
[92m[INFO] done post processing exp data [0m
=== Overall Report ===

project dir:	data/projs/fast_fail_fb2a961c63.filtered/base.z3
exper config:	filter
solver path:	bin/z3-4.16.0
analyzer:	default

| category   |   count | percentage   |
|------------|---------|--------------|
| stable     |       8 | 80.0%        |
| unstable   |       2 | 20.0%        |
| total      |      10 | 100.00 %     |

=== Report End ===
Ran mariposa on filtered queries
[92m[INFO] carving out query 298e3a51 [0m
Passed Mutants (9):
gen/fast_fail_fb2a961c63.filtered/base.z3/filter/298e3a51.3791109315693198184.shuffle.smt2 - unsat - 0.1
data/projs/fast_fail_fb2a961c63.filtered/base.z3/298e3a51.smt2 - unsat - 0.1
gen/fast_fail_fb2a961c63.filtered/base.z3/filter/298e3a51.9171043207769869912.rename.smt2 - unsat - 0.09
gen/fast_fail_fb2a961c63.filtered/base.z3/filter/298e3a51.3328686512441284159.reseed.smt2 - unsat - 0.1
gen/fast_fail_fb2a961c63.filtered/base.z3/filter/298e3a51.5244888017157991489.shuffle.smt2 - unsat - 0.1
gen/fast_fail_fb2a961c63.filtered/base.z3/filter/298e3a51.9323716289627409099.rename.smt2 - unsat - 0.1
gen/fast_fail_fb2a961c63.filtered/base.z3/filter/298e3a51.11256113367781334058.reseed.smt2 - unsat - 0.1
gen/fast_fail_fb2a961c63.filtered/base.z3/filter/298e3a51.11159181567531984313.reseed.smt2 - unsat - 0.1
gen/fast_fail_fb2a961c63.filtered/base.z3/filter/298e3a51.10846618274826737923.rename.smt2 - unsat - 0.09

Failed Mutants (1):
gen/fast_fail_fb2a961c63.filtered/base.z3/filter/298e3a51.2876152641495592359.shuffle.smt2 - unknown - 0.1
[92m[INFO] carving out query 591e639a [0m
Passed Mutants (9):
gen/fast_fail_fb2a961c63.filtered/base.z3/filter/591e639a.11002455657325465804.shuffle.smt2 - unsat - 0.1
gen/fast_fail_fb2a961c63.filtered/base.z3/filter/591e639a.926697712558676451.rename.smt2 - unsat - 0.09
gen/fast_fail_fb2a961c63.filtered/base.z3/filter/591e639a.5076047145659566678.reseed.smt2 - unsat - 0.09
gen/fast_fail_fb2a961c63.filtered/base.z3/filter/591e639a.6937517774591250590.rename.smt2 - unsat - 0.09
gen/fast_fail_fb2a961c63.filtered/base.z3/filter/591e639a.13673331735270057576.rename.smt2 - unsat - 0.09
data/projs/fast_fail_fb2a961c63.filtered/base.z3/591e639a.smt2 - unsat - 0.09
gen/fast_fail_fb2a961c63.filtered/base.z3/filter/591e639a.14061921266374891726.reseed.smt2 - unsat - 0.09
gen/fast_fail_fb2a961c63.filtered/base.z3/filter/591e639a.12830484794601029072.shuffle.smt2 - unsat - 0.1
gen/fast_fail_fb2a961c63.filtered/base.z3/filter/591e639a.4970257510125739329.reseed.smt2 - unsat - 0.09

Failed Mutants (1):
gen/fast_fail_fb2a961c63.filtered/base.z3/filter/591e639a.17909465929459873784.shuffle.smt2 - unknown - 0.1
[92m[INFO] removed 2 queries, 8 remaining [0m
Carved out unstable queries
Ran early-stop stability checks until a stable fix was found
Checking candidates by increasing vanilla verification time
Checking candidate 1/8 for stability: data/projs/fast_fail_fb2a961c63.filtered/base.z3/8ab12f96.smt2
[92m[INFO] removing gen/sproj_single_9399ed6797 [0m
[92m[INFO] using 60s solver timeout (capped by analyzer 60sec) [0m
[94m[DEBUG] created table single_9399ed6797_base_z3_z3_4_16_0_exp [0m
[92m[INFO] running 1 original queries [0m
[94m[DEBUG] running ALL of single_9399ed6797.base.z3 [0m
[94m[DEBUG] adding 181 tasks [0m
=== stable (1) ===
query path: gen/sproj_single_9399ed6797/8ab12f96.smt2
Found a stable fix; stopping further stability checks
Got list of fixes
Found 1 fix(es):
    8ab12f96: inst_replace prelude_fuel_defaults -> data/projs/fast_fail_fb2a961c63/base.z3/8ab12f96.smt2

=== Caza external-call time (wall clock) ===
    0.84s  initial stability check
    0.08s  build debugger trace and proof
    0.95s  finding fixes
    0.33s  verify candidates
    0.00s  filter broken candidates
    2.77s  filter candidates experiment
    0.88s  carve unstable candidates
    3.90s  early stability check 8ab12f96.smt2
    9.76s  total

================================================================================
[51/73] Caza query finished 2026-08-25T17:35:33
exit status: 0
================================================================================

================================================================================
[52/73] Caza query started 2026-08-25T17:35:33
query: /home/youjia/mariposa/data/verita_bad/tla-rs__implementation__RSL__types_i.45.smt2
command: /usr/bin/python3 -u /home/youjia/mariposa/src/caza_wizard.py --set-seed 0x87654321 --early --fast-proof --sort time /home/youjia/mariposa/data/verita_bad/tla-rs__implementation__RSL__types_i.45.smt2
================================================================================
Parsing...
Checking whether the input query is already stable
[92m[INFO] removing gen/sproj_single_e532a44a61 [0m
[92m[INFO] using 60s solver timeout (capped by analyzer 60sec) [0m
[94m[DEBUG] created table single_e532a44a61_base_z3_z3_4_16_0_exp [0m
[92m[INFO] running 1 original queries [0m
[94m[DEBUG] running ALL of single_e532a44a61.base.z3 [0m
[94m[DEBUG] adding 181 tasks [0m
[92m[INFO] criteria: vanilla=unsat@0.061s; groups: shuffle=[unknown@0.058s, unknown@0.058s, unsat@0.077s, unsat@0.077s, unsat@0.078s, unsat@0.079s, unsat@0.058s, unsat@0.059s, unknown@0.061s, unsat@0.059s, unsat@0.059s, unsat@0.058s, unknown@0.060s] (47 mutant result(s) pending); rename=[] (60 mutant result(s) pending); reseed=[] (60 mutant result(s) pending); possible final categories=[unsolvable, unstable] [0m
[92m[INFO] early decision: gen/sproj_single_e532a44a61/tla-rs__implementation__RSL__types_i.45.smt2 -> not_stable; skipping 161 queued tasks [0m
=== stable (0) ===
Starting Cazamariposas
[92m[INFO] [init] loaded cached artifacts: traces=2, cores=4, proofs=4 [0m
[92m[INFO] [init] cached-proofs-only: skipping trace, core, and proof construction [0m
[92m[INFO] [init] dbg root: dbg/e532a44a61/ [0m
[92m[INFO] [init] e532a44a61 auto selected DbgMode.FAST_FAIL [0m
Found failure trace and proof object
[94m[DEBUG] [edit] proof path: dbg/e532a44a61/proofs/rename.191134073603777486.proof [0m
[94m[DEBUG] [edit] trace path: dbg/e532a44a61/traces/shuffle.14201628435324371142 [0m
a83896a4d53fe45c36f0e3859ec5dfc5.pickle
[93m[WARN] [differ] qid constructor_accessor_axiom not found in dbg/e532a44a61/orig.smt2 [0m
[93m[WARN] [differ] qid <null> not found in dbg/e532a44a61/orig.smt2 [0m
[92m[INFO] [edit] [inst] prelude_fuel_defaults 11 instances [0m
[92m[INFO] [edit] [erase] prelude_fuel_defaults [0m
[92m[INFO] [edit] written to data/projs/fast_fail_e532a44a61/base.z3/8ab12f96.smt2 [0m
[94m[DEBUG] [skolem] i$!skolem_user_lib__implementation__RSL__types_i__crequestbatch_is_abstractable_111!0 -> skv_c870ddef1b4fa6ae_1 [0m
[92m[INFO] [edit] [skolem] internal_lib!implementation.RSL.types_i.crequestbatch_is_abstractable.?_definition creates 1 skolem funs, 1 asserts [0m
(assert (=> (fuel_bool fuel%lib!implementation.RSL.types_i.crequestbatch_is_abstractable.) (forall ((s! Poly)) (! (= (lib!implementation.RSL.types_i.crequestbatch_is_abstractable.? s!) (forall ((i$ Poly)) (! (=> (has_type i$ INT) (=> (let ((tmp%%$ 0)) (let ((tmp%%$1 (%I i$))) (let ((tmp%%$2 (vstd!std_specs.vec.spec_vec_len.? $ TYPE%lib!implementation.RSL.types_i.CRequest. $ TYPE%alloc!alloc.Global. s!))) (and (<= tmp%%$ tmp%%$1) (< tmp%%$1 tmp%%$2))))) (lib!implementation.RSL.types_i.impl&%3.abstractable.? (vstd!seq.Seq.index.? $ TYPE%lib!implementation.RSL.types_i.CRequest. (vstd!view.View.view.? $ (TYPE%alloc!vec.Vec. $ TYPE%lib!implementation.RSL.types_i.CRequest. $ TYPE%alloc!alloc.Global.) s!) i$)))) :pattern ((vstd!seq.Seq.index.? $ TYPE%lib!implementation.RSL.types_i.CRequest. (vstd!view.View.view.? $ (TYPE%alloc!vec.Vec. $ TYPE%lib!implementation.RSL.types_i.CRequest. $ TYPE%alloc!alloc.Global.) s!) i$)) :qid user_lib__implementation__RSL__types_i__crequestbatch_is_abstractable_111 :skolemid skolem_user_lib__implementation__RSL__types_i__crequestbatch_is_abstractable_111))) :pattern ((lib!implementation.RSL.types_i.crequestbatch_is_abstractable.? s!)) :qid internal_lib!implementation.RSL.types_i.crequestbatch_is_abstractable.?_definition :skolemid skolem_internal_lib!implementation.RSL.types_i.crequestbatch_is_abstractable.?_definition))))
[92m[INFO] [edit] [banish] internal_lib!implementation.RSL.types_i.crequestbatch_is_abstractable.?_definition [0m
[93m[WARN] failed to banish internal_lib!implementation.RSL.types_i.crequestbatch_is_abstractable.?_definition [0m
[92m[INFO] [edit] written to data/projs/fast_fail_e532a44a61/base.z3/f3a84c06.smt2 [0m
[94m[DEBUG] [skolem] p$!skolem_user_lib__implementation__RSL__types_i__CLearnerTuple__abstractable_119!1 -> skv_c870ddef1b4fa6ae_2 [0m
[92m[INFO] [edit] [skolem] internal_lib!implementation.RSL.types_i.impl&__10.abstractable.?_definition creates 1 skolem funs, 1 asserts [0m
(assert (=> (fuel_bool fuel%lib!implementation.RSL.types_i.impl&%10.abstractable.) (forall ((self! Poly)) (! (= (lib!implementation.RSL.types_i.impl&%10.abstractable.? self!) (and (forall ((p$ Poly)) (! (=> (has_type p$ TYPE%lib!common.native.io_s.EndPoint.) (=> (vstd!iset.ISet.contains.? $ TYPE%lib!common.native.io_s.EndPoint. (vstd!set.impl&%0.to_iset.? $ TYPE%lib!common.native.io_s.EndPoint. (vstd!view.View.view.? $ (TYPE%std!collections.hash.set.HashSet. $ TYPE%lib!common.native.io_s.EndPoint. $ TYPE%std!hash.random.RandomState. $ TYPE%alloc!alloc.Global.) (Poly%std!collections.hash.set.HashSet<lib!common.native.io_s.EndPoint./std!hash.random.RandomState./alloc!alloc.Global.>. (lib!implementation.RSL.types_i.CLearnerTuple./CLearnerTuple/received_2b_message_senders (%Poly%lib!implementation.RSL.types_i.CLearnerTuple. self!))))) p$) (lib!common.native.io_s.impl&%0.valid_physical_address.? (vstd!view.View.view.? $ TYPE%lib!common.native.io_s.EndPoint. p$)))) :pattern ((vstd!iset.ISet.contains.? $ TYPE%lib!common.native.io_s.EndPoint. (vstd!set.impl&%0.to_iset.? $ TYPE%lib!common.native.io_s.EndPoint. (vstd!view.View.view.? $ (TYPE%std!collections.hash.set.HashSet. $ TYPE%lib!common.native.io_s.EndPoint. $ TYPE%std!hash.random.RandomState. $ TYPE%alloc!alloc.Global.) (Poly%std!collections.hash.set.HashSet<lib!common.native.io_s.EndPoint./std!hash.random.RandomState./alloc!alloc.Global.>. (lib!implementation.RSL.types_i.CLearnerTuple./CLearnerTuple/received_2b_message_senders (%Poly%lib!implementation.RSL.types_i.CLearnerTuple. self!))))) p$)) :qid user_lib__implementation__RSL__types_i__CLearnerTuple__abstractable_119 :skolemid skolem_user_lib__implementation__RSL__types_i__CLearnerTuple__abstractable_119)) (lib!implementation.RSL.types_i.crequestbatch_is_abstractable.? (Poly%alloc!vec.Vec<lib!implementation.RSL.types_i.CRequest./alloc!alloc.Global.>. (lib!implementation.RSL.types_i.CLearnerTuple./CLearnerTuple/candidate_learned_value (%Poly%lib!implementation.RSL.types_i.CLearnerTuple. self!)))))) :pattern ((lib!implementation.RSL.types_i.impl&%10.abstractable.? self!)) :qid internal_lib!implementation.RSL.types_i.impl&__10.abstractable.?_definition :skolemid skolem_internal_lib!implementation.RSL.types_i.impl&__10.abstractable.?_definition))))
[92m[INFO] [edit] [banish] internal_lib!implementation.RSL.types_i.impl&__10.abstractable.?_definition [0m
[93m[WARN] failed to banish internal_lib!implementation.RSL.types_i.impl&__10.abstractable.?_definition [0m
[92m[INFO] [edit] written to data/projs/fast_fail_e532a44a61/base.z3/94d6c5f8.smt2 [0m
[94m[DEBUG] [skolem] i$!skolem_user_lib__implementation__RSL__types_i__crequestbatch_is_valid_116!2 -> skv_c870ddef1b4fa6ae_3 [0m
[92m[INFO] [edit] [skolem] internal_lib!implementation.RSL.types_i.crequestbatch_is_valid.?_definition creates 1 skolem funs, 1 asserts [0m
(assert (=> (fuel_bool fuel%lib!implementation.RSL.types_i.crequestbatch_is_valid.) (forall ((s! Poly)) (! (= (lib!implementation.RSL.types_i.crequestbatch_is_valid.? s!) (and (lib!implementation.RSL.types_i.crequestbatch_is_abstractable.? s!) (forall ((i$ Poly)) (! (=> (has_type i$ INT) (=> (let ((tmp%%$ 0)) (let ((tmp%%$1 (%I i$))) (let ((tmp%%$2 (vstd!std_specs.vec.spec_vec_len.? $ TYPE%lib!implementation.RSL.types_i.CRequest. $ TYPE%alloc!alloc.Global. s!))) (and (<= tmp%%$ tmp%%$1) (< tmp%%$1 tmp%%$2))))) (lib!implementation.RSL.types_i.impl&%3.valid.? (vstd!seq.Seq.index.? $ TYPE%lib!implementation.RSL.types_i.CRequest. (vstd!view.View.view.? $ (TYPE%alloc!vec.Vec. $ TYPE%lib!implementation.RSL.types_i.CRequest. $ TYPE%alloc!alloc.Global.) s!) i$)))) :pattern ((vstd!seq.Seq.index.? $ TYPE%lib!implementation.RSL.types_i.CRequest. (vstd!view.View.view.? $ (TYPE%alloc!vec.Vec. $ TYPE%lib!implementation.RSL.types_i.CRequest. $ TYPE%alloc!alloc.Global.) s!) i$)) :qid user_lib__implementation__RSL__types_i__crequestbatch_is_valid_116 :skolemid skolem_user_lib__implementation__RSL__types_i__crequestbatch_is_valid_116)))) :pattern ((lib!implementation.RSL.types_i.crequestbatch_is_valid.? s!)) :qid internal_lib!implementation.RSL.types_i.crequestbatch_is_valid.?_definition :skolemid skolem_internal_lib!implementation.RSL.types_i.crequestbatch_is_valid.?_definition))))
[92m[INFO] [edit] [banish] internal_lib!implementation.RSL.types_i.crequestbatch_is_valid.?_definition [0m
[93m[WARN] failed to banish internal_lib!implementation.RSL.types_i.crequestbatch_is_valid.?_definition [0m
[92m[INFO] [edit] written to data/projs/fast_fail_e532a44a61/base.z3/339fb654.smt2 [0m
[92m[INFO] [edit] [inst] internal_lib!implementation.RSL.types_i.CLearnerTuple./CLearnerTuple/candidate_learned_value_accessor_definition 2 instances [0m
[92m[INFO] [edit] [erase] internal_lib!implementation.RSL.types_i.CLearnerTuple./CLearnerTuple/candidate_learned_value_accessor_definition [0m
[92m[INFO] [edit] written to data/projs/fast_fail_e532a44a61/base.z3/033fe59a.smt2 [0m
[92m[INFO] [edit] [inst] internal_lib!implementation.RSL.types_i.impl&__10.valid.?_definition 2 instances [0m
[92m[INFO] [edit] [erase] internal_lib!implementation.RSL.types_i.impl&__10.valid.?_definition [0m
[92m[INFO] [edit] written to data/projs/fast_fail_e532a44a61/base.z3/6f60d72b.smt2 [0m
[92m[INFO] [edit] [inst] internal_lib!implementation.RSL.types_i.abstractify_crequestbatch.?_definition 2 instances [0m
[92m[INFO] [edit] [erase] internal_lib!implementation.RSL.types_i.abstractify_crequestbatch.?_definition [0m
[92m[INFO] [edit] written to data/projs/fast_fail_e532a44a61/base.z3/4aad5944.smt2 [0m
[92m[INFO] [edit] [inst] user_vstd__std_specs__vec__axiom_spec_len_70 2 instances [0m
[92m[INFO] [edit] [erase] user_vstd__std_specs__vec__axiom_spec_len_70 [0m
[92m[INFO] [edit] written to data/projs/fast_fail_e532a44a61/base.z3/19b38522.smt2 [0m
[92m[INFO] [edit] [inst] internal_lib__implementation__RSL__types_i__CLearnerTuple_box_axiom_definition 2 instances [0m
[92m[INFO] [edit] [erase] internal_lib__implementation__RSL__types_i__CLearnerTuple_box_axiom_definition [0m
[92m[INFO] [edit] written to data/projs/fast_fail_e532a44a61/base.z3/bc75ca19.smt2 [0m
[92m[INFO] [edit] [inst] internal_vstd__seq__Seq<lib!protocol.RSL.types.Request.>_box_axiom_definition 2 instances [0m
[92m[INFO] [edit] [erase] internal_vstd__seq__Seq<lib!protocol.RSL.types.Request.>_box_axiom_definition [0m
[92m[INFO] [edit] written to data/projs/fast_fail_e532a44a61/base.z3/1fed0683.smt2 [0m
Produced candidate smt2 files
[94m[DEBUG] created table fast_fail_e532a44a61_base_z3_z3_4_16_0_exp [0m
[92m[INFO] running 10 original queries [0m
[94m[DEBUG] running ALL of fast_fail_e532a44a61.base.z3 [0m
[94m[DEBUG] adding 10 tasks [0m
[92m[INFO] running 10 tasks [0m
[92m[INFO] there is 4 processors [0m
[94m[DEBUG] worker 1 finished in 0.13 seconds [0m
[94m[DEBUG] worker 2 finished in 0.15 seconds [0m
[94m[DEBUG] worker 0 finished in 0.18 seconds [0m
[94m[DEBUG] worker 3 finished in 0.17 seconds [0m
[92m[INFO] workers finished [0m
[92m[INFO] done post processing exp data [0m
verify candidate 8ab12f96: 0.049s; rank=1; p=8; t=0.049
verify candidate 19b38522: 0.051s; rank=8; p=3; t=0.051
verify candidate 94d6c5f8: 0.052s; rank=3; p=5; t=0.052
verify candidate 339fb654: 0.052s; rank=4; p=4; t=0.052
verify candidate 4aad5944: 0.052s; rank=7; p=4; t=0.052
verify candidate bc75ca19: 0.052s; rank=9; p=3; t=0.052
verify candidate 6f60d72b: 0.053s; rank=6; p=4; t=0.053
verify candidate 033fe59a: 0.054s; rank=5; p=4; t=0.054
verify candidate 1fed0683: 0.055s; rank=10; p=3; t=0.055
verify candidate f3a84c06: 0.060s; rank=2; p=6; t=0.060
selected 10 verified candidates to data/projs/fast_fail_e532a44a61.filtered/base.z3 with 0.530s vanilla verification budget
[92m[INFO] running 10 original queries [0m
[92m[INFO] running 100 tasks [0m
[92m[INFO] there is 7 processors [0m
[94m[DEBUG] created table fast_fail_e532a44a61_filtered_base_z3_z3_4_16_0_exp [0m
[94m[DEBUG] running ALL of fast_fail_e532a44a61.filtered.base.z3 [0m
[94m[DEBUG] adding 100 tasks [0m
[94m[DEBUG] worker 1 finished in 1.33 seconds [0m
[94m[DEBUG] worker 2 finished in 1.34 seconds [0m
[94m[DEBUG] worker 6 finished in 1.36 seconds [0m
[94m[DEBUG] worker 0 finished in 1.39 seconds [0m
[94m[DEBUG] worker 5 finished in 1.39 seconds [0m
[94m[DEBUG] worker 3 finished in 1.4 seconds [0m
[94m[DEBUG] worker 4 finished in 1.41 seconds [0m
[92m[INFO] workers finished [0m
[92m[INFO] done post processing exp data [0m
=== Overall Report ===

project dir:	data/projs/fast_fail_e532a44a61.filtered/base.z3
exper config:	filter
solver path:	bin/z3-4.16.0
analyzer:	default

| category   |   count | percentage   |
|------------|---------|--------------|
| stable     |       9 | 90.0%        |
| unstable   |       1 | 10.0%        |
| total      |      10 | 100.00 %     |

=== Report End ===
Ran mariposa on filtered queries
[92m[INFO] carving out query 033fe59a [0m
Passed Mutants (9):
data/projs/fast_fail_e532a44a61.filtered/base.z3/033fe59a.smt2 - unsat - 0.06
gen/fast_fail_e532a44a61.filtered/base.z3/filter/033fe59a.9287634944350625050.shuffle.smt2 - unsat - 0.06
gen/fast_fail_e532a44a61.filtered/base.z3/filter/033fe59a.1600225234629339801.shuffle.smt2 - unsat - 0.06
gen/fast_fail_e532a44a61.filtered/base.z3/filter/033fe59a.16524302064696985923.reseed.smt2 - unsat - 0.05
gen/fast_fail_e532a44a61.filtered/base.z3/filter/033fe59a.14498128319641654497.reseed.smt2 - unsat - 0.05
gen/fast_fail_e532a44a61.filtered/base.z3/filter/033fe59a.12020291413337570922.rename.smt2 - unsat - 0.06
gen/fast_fail_e532a44a61.filtered/base.z3/filter/033fe59a.1203166980595976761.rename.smt2 - unsat - 0.06
gen/fast_fail_e532a44a61.filtered/base.z3/filter/033fe59a.519625390611883094.reseed.smt2 - unsat - 0.05
gen/fast_fail_e532a44a61.filtered/base.z3/filter/033fe59a.17022737988082791102.rename.smt2 - unsat - 0.06

Failed Mutants (1):
gen/fast_fail_e532a44a61.filtered/base.z3/filter/033fe59a.1819252996004681035.shuffle.smt2 - unknown - 0.06
[92m[INFO] removed 1 queries, 9 remaining [0m
Carved out unstable queries
Ran early-stop stability checks until a stable fix was found
Checking candidates by increasing vanilla verification time
Checking candidate 1/9 for stability: data/projs/fast_fail_e532a44a61.filtered/base.z3/8ab12f96.smt2
[92m[INFO] removing gen/sproj_single_7ca1bf51ab [0m
[92m[INFO] using 60s solver timeout (capped by analyzer 60sec) [0m
[94m[DEBUG] created table single_7ca1bf51ab_base_z3_z3_4_16_0_exp [0m
[92m[INFO] running 1 original queries [0m
[94m[DEBUG] running ALL of single_7ca1bf51ab.base.z3 [0m
[94m[DEBUG] adding 181 tasks [0m
=== stable (1) ===
query path: gen/sproj_single_7ca1bf51ab/8ab12f96.smt2
Found a stable fix; stopping further stability checks
Got list of fixes
Found 1 fix(es):
    8ab12f96: inst_replace prelude_fuel_defaults -> data/projs/fast_fail_e532a44a61/base.z3/8ab12f96.smt2

=== Caza external-call time (wall clock) ===
    0.42s  initial stability check
    0.05s  build debugger trace and proof
    0.70s  finding fixes
    0.23s  verify candidates
    0.02s  filter broken candidates
    2.12s  filter candidates experiment
    0.90s  carve unstable candidates
    2.64s  early stability check 8ab12f96.smt2
    7.07s  total

================================================================================
[52/73] Caza query finished 2026-08-25T17:35:41
exit status: 0
================================================================================

================================================================================
[53/73] Caza query started 2026-08-25T17:35:41
query: /home/youjia/mariposa/data/verita_bad/tla-rs__protocol__Raft__refinement_proof__invariants.97.smt2
command: /usr/bin/python3 -u /home/youjia/mariposa/src/caza_wizard.py --set-seed 0x87654321 --early --fast-proof --sort time /home/youjia/mariposa/data/verita_bad/tla-rs__protocol__Raft__refinement_proof__invariants.97.smt2
================================================================================
Parsing...
Checking whether the input query is already stable
[92m[INFO] removing gen/sproj_single_a9f4d98069 [0m
[92m[INFO] using 60s solver timeout (capped by analyzer 60sec) [0m
[94m[DEBUG] created table single_a9f4d98069_base_z3_z3_4_16_0_exp [0m
[92m[INFO] running 1 original queries [0m
[94m[DEBUG] running ALL of single_a9f4d98069.base.z3 [0m
[94m[DEBUG] adding 181 tasks [0m
[92m[INFO] criteria: vanilla=unsat@0.519s; groups: shuffle=[unknown@1.156s, unknown@1.230s, unknown@1.427s, unknown@1.542s] (56 mutant result(s) pending); rename=[] (60 mutant result(s) pending); reseed=[] (60 mutant result(s) pending); possible final categories=[unsolvable, unstable] [0m
[92m[INFO] early decision: gen/sproj_single_a9f4d98069/tla-rs__protocol__Raft__refinement_proof__invariants.97.smt2 -> not_stable; skipping 170 queued tasks [0m
=== stable (0) ===
Starting Cazamariposas
[92m[INFO] [init] loaded cached artifacts: traces=3, cores=4, proofs=0 [0m
[92m[INFO] [init] cached-proofs-only: skipping trace, core, and proof construction [0m
[92m[INFO] [init] dbg root: dbg/a9f4d98069/ [0m
[93m[WARN] [proof] no proofs available [0m
[92m[INFO] [init] a9f4d98069 auto selected DbgMode.FAST_FAIL [0m
ERROR:root::( could not get any mutant to produce a proof object

=== Caza external-call time (wall clock) ===
    3.82s  initial stability check
    0.00s  build debugger trace and proof
    3.82s  total

================================================================================
[53/73] Caza query finished 2026-08-25T17:35:45
exit status: 0
================================================================================

================================================================================
[54/73] Caza query started 2026-08-25T17:35:45
query: /home/youjia/mariposa/data/verita_bad/verified-storage-multilog__multilog__inv_v.11.smt2
command: /usr/bin/python3 -u /home/youjia/mariposa/src/caza_wizard.py --set-seed 0x87654321 --early --fast-proof --sort time /home/youjia/mariposa/data/verita_bad/verified-storage-multilog__multilog__inv_v.11.smt2
================================================================================
Parsing...
Checking whether the input query is already stable
[92m[INFO] removing gen/sproj_single_56c0620f01 [0m
[92m[INFO] using 60s solver timeout (capped by analyzer 60sec) [0m
[94m[DEBUG] created table single_56c0620f01_base_z3_z3_4_16_0_exp [0m
[92m[INFO] running 1 original queries [0m
[94m[DEBUG] running ALL of single_56c0620f01.base.z3 [0m
[94m[DEBUG] adding 181 tasks [0m
[92m[INFO] criteria: vanilla=unsat@0.245s; groups: shuffle=[unknown@0.138s, unknown@0.205s, unsat@0.307s, unsat@0.312s, unsat@0.321s, unknown@0.336s, unknown@0.199s] (53 mutant result(s) pending); rename=[] (60 mutant result(s) pending); reseed=[] (60 mutant result(s) pending); possible final categories=[unsolvable, unstable] [0m
[92m[INFO] early decision: gen/sproj_single_56c0620f01/verified-storage-multilog__multilog__inv_v.11.smt2 -> not_stable; skipping 167 queued tasks [0m
=== stable (0) ===
Starting Cazamariposas
[92m[INFO] [init] loaded cached artifacts: traces=3, cores=2, proofs=2 [0m
[92m[INFO] [init] cached-proofs-only: skipping trace, core, and proof construction [0m
[92m[INFO] [init] dbg root: dbg/56c0620f01/ [0m
[92m[INFO] [init] 56c0620f01 auto selected DbgMode.FAST_FAIL [0m
Found failure trace and proof object
[94m[DEBUG] [edit] proof path: dbg/56c0620f01/proofs/rename.191134073603777486.proof [0m
[94m[DEBUG] [edit] trace path: dbg/56c0620f01/traces/shuffle.9052052896573762575 [0m
0da2c232ad6e193718ef449b49aac5e7.pickle
[93m[WARN] [differ] qid constructor_accessor_axiom not found in dbg/56c0620f01/orig.smt2 [0m
[93m[WARN] [differ] qid <null> not found in dbg/56c0620f01/orig.smt2 [0m
[92m[INFO] [edit] [inst] prelude_unbox_box_int 34 instances [0m
[92m[INFO] [edit] written to data/projs/fast_fail_56c0620f01/base.z3/7e1bcc27.smt2 [0m
[92m[INFO] [edit] [inst] prelude_fuel_defaults 57 instances [0m
[92m[INFO] [edit] [erase] prelude_fuel_defaults [0m
[92m[INFO] [edit] written to data/projs/fast_fail_56c0620f01/base.z3/8ab12f96.smt2 [0m
[92m[INFO] [edit] [inst] mariposa_qid_2 2 instances [0m
[92m[INFO] [edit] written to data/projs/fast_fail_56c0620f01/base.z3/32c84b0c.smt2 [0m
[92m[INFO] [edit] [inst] prelude_add 29 instances [0m
[92m[INFO] [edit] written to data/projs/fast_fail_56c0620f01/base.z3/b64ee6ef.smt2 [0m
[92m[INFO] [edit] [inst] user_vstd__seq__lemma_seq_new_index_4 2 instances [0m
[92m[INFO] [edit] written to data/projs/fast_fail_56c0620f01/base.z3/fb9e5c4f.smt2 [0m
[92m[INFO] [edit] [inst] internal_vstd!seq.Seq.index.?_pre_post_definition 3 instances [0m
[92m[INFO] [edit] written to data/projs/fast_fail_56c0620f01/base.z3/c859c230.smt2 [0m
[94m[DEBUG] [skolem] k$!skolem_user_multilog__pmem__pmemspec_t__PersistentMemoryRegionView__no_outstanding_writes_in_range_19!0 -> skv_ce0b3fa1697017d2_1 [0m
[92m[INFO] [edit] [skolem] internal_multilog!pmem.pmemspec_t.impl&__8.no_outstanding_writes_in_range.?_definition creates 1 skolem funs, 1 asserts [0m
(assert (=> (fuel_bool fuel%multilog!pmem.pmemspec_t.impl&%8.no_outstanding_writes_in_range.) (forall ((self! Poly) (i! Poly) (j! Poly)) (! (= (multilog!pmem.pmemspec_t.impl&%8.no_outstanding_writes_in_range.? self! i! j!) (forall ((k$ Poly)) (! (=> (has_type k$ INT) (=> (let ((tmp%%$ (%I i!))) (let ((tmp%%$1 (%I k$))) (let ((tmp%%$2 (%I j!))) (and (<= tmp%%$ tmp%%$1) (< tmp%%$1 tmp%%$2))))) ((_ is core!option.Option./None) (multilog!pmem.pmemspec_t.PersistentMemoryByte./PersistentMemoryByte/outstanding_write (%Poly%multilog!pmem.pmemspec_t.PersistentMemoryByte. (vstd!seq.Seq.index.? $ TYPE%multilog!pmem.pmemspec_t.PersistentMemoryByte. (Poly%vstd!seq.Seq<multilog!pmem.pmemspec_t.PersistentMemoryByte.>. (multilog!pmem.pmemspec_t.PersistentMemoryRegionView./PersistentMemoryRegionView/state (%Poly%multilog!pmem.pmemspec_t.PersistentMemoryRegionView. self!))) k$)))))) :pattern ((multilog!pmem.pmemspec_t.PersistentMemoryByte./PersistentMemoryByte/outstanding_write (%Poly%multilog!pmem.pmemspec_t.PersistentMemoryByte. (vstd!seq.Seq.index.? $ TYPE%multilog!pmem.pmemspec_t.PersistentMemoryByte. (Poly%vstd!seq.Seq<multilog!pmem.pmemspec_t.PersistentMemoryByte.>. (multilog!pmem.pmemspec_t.PersistentMemoryRegionView./PersistentMemoryRegionView/state (%Poly%multilog!pmem.pmemspec_t.PersistentMemoryRegionView. self!))) k$)))) :qid user_multilog__pmem__pmemspec_t__PersistentMemoryRegionView__no_outstanding_writes_in_range_19 :skolemid skolem_user_multilog__pmem__pmemspec_t__PersistentMemoryRegionView__no_outstanding_writes_in_range_19))) :pattern ((multilog!pmem.pmemspec_t.impl&%8.no_outstanding_writes_in_range.? self! i! j!)) :qid internal_multilog!pmem.pmemspec_t.impl&__8.no_outstanding_writes_in_range.?_definition :skolemid skolem_internal_multilog!pmem.pmemspec_t.impl&__8.no_outstanding_writes_in_range.?_definition))))
[92m[INFO] [edit] [banish] internal_multilog!pmem.pmemspec_t.impl&__8.no_outstanding_writes_in_range.?_definition [0m
[93m[WARN] failed to banish internal_multilog!pmem.pmemspec_t.impl&__8.no_outstanding_writes_in_range.?_definition [0m
[92m[INFO] [edit] written to data/projs/fast_fail_56c0620f01/base.z3/1505135a.smt2 [0m
[92m[INFO] [edit] [inst] prelude_nat_clip 25 instances [0m
[92m[INFO] [edit] [erase] prelude_nat_clip [0m
[92m[INFO] [edit] written to data/projs/fast_fail_56c0620f01/base.z3/0bbd00e5.smt2 [0m
[92m[INFO] [edit] [inst] internal_vstd__seq__Seq<u8.>_unbox_axiom_definition 17 instances [0m
[92m[INFO] [edit] written to data/projs/fast_fail_56c0620f01/base.z3/7dd3ef82.smt2 [0m
[92m[INFO] [edit] [inst] prelude_has_type_int 13 instances [0m
[92m[INFO] [edit] written to data/projs/fast_fail_56c0620f01/base.z3/11c97c25.smt2 [0m
Produced candidate smt2 files
[94m[DEBUG] created table fast_fail_56c0620f01_base_z3_z3_4_16_0_exp [0m
[92m[INFO] running 10 original queries [0m
[94m[DEBUG] running ALL of fast_fail_56c0620f01.base.z3 [0m
[94m[DEBUG] adding 10 tasks [0m
[92m[INFO] running 10 tasks [0m
[92m[INFO] there is 4 processors [0m
[94m[DEBUG] worker 2 finished in 0.39 seconds [0m
[94m[DEBUG] worker 1 finished in 0.45 seconds [0m
[94m[DEBUG] worker 0 finished in 0.55 seconds [0m
[94m[DEBUG] worker 3 finished in 0.65 seconds [0m
[92m[INFO] workers finished [0m
[92m[INFO] done post processing exp data [0m
verify candidate 1505135a: 0.205s; rank=7; p=4; t=0.205
verify candidate 8ab12f96: 0.209s; rank=2; p=6; t=0.209
verify candidate 32c84b0c: 0.230s; rank=3; p=5; t=0.230
verify candidate fb9e5c4f: 0.234s; rank=5; p=4; t=0.234
verify candidate 7dd3ef82: 0.239s; rank=9; p=3; t=0.239
verify candidate c859c230: 0.262s; rank=6; p=4; t=0.262
selected 6 verified candidates to data/projs/fast_fail_56c0620f01.filtered/base.z3 with 1.379s vanilla verification budget
[92m[INFO] running 6 original queries [0m
[92m[INFO] running 60 tasks [0m
[92m[INFO] there is 7 processors [0m
[94m[DEBUG] created table fast_fail_56c0620f01_filtered_base_z3_z3_4_16_0_exp [0m
[94m[DEBUG] running ALL of fast_fail_56c0620f01.filtered.base.z3 [0m
[94m[DEBUG] adding 60 tasks [0m
[94m[DEBUG] worker 0 finished in 2.29 seconds [0m
[94m[DEBUG] worker 2 finished in 2.29 seconds [0m
[94m[DEBUG] worker 1 finished in 2.31 seconds [0m
[94m[DEBUG] worker 6 finished in 2.31 seconds [0m
[94m[DEBUG] worker 4 finished in 2.45 seconds [0m
[94m[DEBUG] worker 5 finished in 2.51 seconds [0m
[94m[DEBUG] worker 3 finished in 2.53 seconds [0m
[92m[INFO] workers finished [0m
[92m[INFO] done post processing exp data [0m
=== Overall Report ===

project dir:	data/projs/fast_fail_56c0620f01.filtered/base.z3
exper config:	filter
solver path:	bin/z3-4.16.0
analyzer:	default

| category   |   count | percentage   |
|------------|---------|--------------|
| unstable   |       4 | 66.67%       |
| stable     |       2 | 33.33%       |
| total      |       6 | 100.00 %     |

=== Report End ===
Ran mariposa on filtered queries
[92m[INFO] carving out query 32c84b0c [0m
Passed Mutants (8):
gen/fast_fail_56c0620f01.filtered/base.z3/filter/32c84b0c.3901888271112480571.reseed.smt2 - unsat - 0.25
gen/fast_fail_56c0620f01.filtered/base.z3/filter/32c84b0c.3731987996052485069.rename.smt2 - unsat - 0.26
gen/fast_fail_56c0620f01.filtered/base.z3/filter/32c84b0c.15908582173497293081.shuffle.smt2 - unsat - 0.27
gen/fast_fail_56c0620f01.filtered/base.z3/filter/32c84b0c.16206319133984890839.reseed.smt2 - unsat - 0.25
data/projs/fast_fail_56c0620f01.filtered/base.z3/32c84b0c.smt2 - unsat - 0.26
gen/fast_fail_56c0620f01.filtered/base.z3/filter/32c84b0c.3902924135748974547.reseed.smt2 - unsat - 0.28
gen/fast_fail_56c0620f01.filtered/base.z3/filter/32c84b0c.13549740225434483160.rename.smt2 - unsat - 0.26
gen/fast_fail_56c0620f01.filtered/base.z3/filter/32c84b0c.8305586560158990599.rename.smt2 - unsat - 0.26

Failed Mutants (2):
gen/fast_fail_56c0620f01.filtered/base.z3/filter/32c84b0c.15973055457289008298.shuffle.smt2 - unknown - 0.15
gen/fast_fail_56c0620f01.filtered/base.z3/filter/32c84b0c.7039017173493567343.shuffle.smt2 - unknown - 0.15
[92m[INFO] carving out query 7dd3ef82 [0m
Passed Mutants (8):
gen/fast_fail_56c0620f01.filtered/base.z3/filter/7dd3ef82.2681969975183263034.rename.smt2 - unsat - 0.27
data/projs/fast_fail_56c0620f01.filtered/base.z3/7dd3ef82.smt2 - unsat - 0.27
gen/fast_fail_56c0620f01.filtered/base.z3/filter/7dd3ef82.12313830377009145452.reseed.smt2 - unsat - 0.27
gen/fast_fail_56c0620f01.filtered/base.z3/filter/7dd3ef82.9337669494537037512.rename.smt2 - unsat - 0.28
gen/fast_fail_56c0620f01.filtered/base.z3/filter/7dd3ef82.8248202345052826466.reseed.smt2 - unsat - 0.26
gen/fast_fail_56c0620f01.filtered/base.z3/filter/7dd3ef82.12671383325864308149.reseed.smt2 - unsat - 0.27
gen/fast_fail_56c0620f01.filtered/base.z3/filter/7dd3ef82.15103535295665542612.rename.smt2 - unsat - 0.27
gen/fast_fail_56c0620f01.filtered/base.z3/filter/7dd3ef82.9232704965972547411.shuffle.smt2 - unsat - 0.3

Failed Mutants (2):
gen/fast_fail_56c0620f01.filtered/base.z3/filter/7dd3ef82.1683052695662101794.shuffle.smt2 - unknown - 0.3
gen/fast_fail_56c0620f01.filtered/base.z3/filter/7dd3ef82.16284556575331744204.shuffle.smt2 - unknown - 0.23
[92m[INFO] carving out query c859c230 [0m
Passed Mutants (8):
gen/fast_fail_56c0620f01.filtered/base.z3/filter/c859c230.13989162096757776301.reseed.smt2 - unsat - 0.26
data/projs/fast_fail_56c0620f01.filtered/base.z3/c859c230.smt2 - unsat - 0.3
gen/fast_fail_56c0620f01.filtered/base.z3/filter/c859c230.6657649954198535962.reseed.smt2 - unsat - 0.28
gen/fast_fail_56c0620f01.filtered/base.z3/filter/c859c230.11263042003248172328.shuffle.smt2 - unsat - 0.28
gen/fast_fail_56c0620f01.filtered/base.z3/filter/c859c230.3348493831470785983.rename.smt2 - unsat - 0.3
gen/fast_fail_56c0620f01.filtered/base.z3/filter/c859c230.6126008168180136223.reseed.smt2 - unsat - 0.31
gen/fast_fail_56c0620f01.filtered/base.z3/filter/c859c230.5433302076621828330.rename.smt2 - unsat - 0.3
gen/fast_fail_56c0620f01.filtered/base.z3/filter/c859c230.1522814764014067692.rename.smt2 - unsat - 0.3

Failed Mutants (2):
gen/fast_fail_56c0620f01.filtered/base.z3/filter/c859c230.15352405358465442298.shuffle.smt2 - unknown - 0.19
gen/fast_fail_56c0620f01.filtered/base.z3/filter/c859c230.5299060164072651287.shuffle.smt2 - unknown - 0.34
[92m[INFO] carving out query fb9e5c4f [0m
Passed Mutants (7):
data/projs/fast_fail_56c0620f01.filtered/base.z3/fb9e5c4f.smt2 - unsat - 0.27
gen/fast_fail_56c0620f01.filtered/base.z3/filter/fb9e5c4f.6318389933699304975.reseed.smt2 - unsat - 0.24
gen/fast_fail_56c0620f01.filtered/base.z3/filter/fb9e5c4f.7091902274643607437.rename.smt2 - unsat - 0.27
gen/fast_fail_56c0620f01.filtered/base.z3/filter/fb9e5c4f.14057124642919494861.reseed.smt2 - unsat - 0.23
gen/fast_fail_56c0620f01.filtered/base.z3/filter/fb9e5c4f.6489371822189597235.reseed.smt2 - unsat - 0.24
gen/fast_fail_56c0620f01.filtered/base.z3/filter/fb9e5c4f.11894559677623061946.rename.smt2 - unsat - 0.26
gen/fast_fail_56c0620f01.filtered/base.z3/filter/fb9e5c4f.3112844436949755191.rename.smt2 - unsat - 0.24

Failed Mutants (3):
gen/fast_fail_56c0620f01.filtered/base.z3/filter/fb9e5c4f.7984584352620800878.shuffle.smt2 - unknown - 0.14
gen/fast_fail_56c0620f01.filtered/base.z3/filter/fb9e5c4f.15553260788840440059.shuffle.smt2 - unknown - 0.15
gen/fast_fail_56c0620f01.filtered/base.z3/filter/fb9e5c4f.11887549852580931920.shuffle.smt2 - unknown - 0.15
[92m[INFO] removed 4 queries, 2 remaining [0m
Carved out unstable queries
Ran early-stop stability checks until a stable fix was found
Checking candidates by increasing vanilla verification time
Checking candidate 1/2 for stability: data/projs/fast_fail_56c0620f01.filtered/base.z3/1505135a.smt2
[92m[INFO] removing gen/sproj_single_175c45cfca [0m
[92m[INFO] using 60s solver timeout (capped by analyzer 60sec) [0m
[94m[DEBUG] created table single_175c45cfca_base_z3_z3_4_16_0_exp [0m
[92m[INFO] running 1 original queries [0m
[94m[DEBUG] running ALL of single_175c45cfca.base.z3 [0m
[94m[DEBUG] adding 181 tasks [0m
[92m[INFO] criteria: vanilla=unsat@0.227s; groups: shuffle=[unknown@0.220s, unknown@0.228s, unknown@0.254s, unsat@0.279s, unsat@0.317s, unsat@0.276s, unsat@0.293s, unknown@0.263s] (52 mutant result(s) pending); rename=[] (60 mutant result(s) pending); reseed=[] (60 mutant result(s) pending); possible final categories=[unsolvable, unstable] [0m
[92m[INFO] early decision: gen/sproj_single_175c45cfca/1505135a.smt2 -> not_stable; skipping 166 queued tasks [0m
=== stable (0) ===
Checking candidate 2/2 for stability: data/projs/fast_fail_56c0620f01.filtered/base.z3/8ab12f96.smt2
[92m[INFO] removing gen/sproj_single_9f056dda9c [0m
[92m[INFO] using 60s solver timeout (capped by analyzer 60sec) [0m
[94m[DEBUG] created table single_9f056dda9c_base_z3_z3_4_16_0_exp [0m
[92m[INFO] running 1 original queries [0m
[94m[DEBUG] running ALL of single_9f056dda9c.base.z3 [0m
[94m[DEBUG] adding 181 tasks [0m
=== stable (1) ===
query path: gen/sproj_single_9f056dda9c/8ab12f96.smt2
Found a stable fix; stopping further stability checks
Got list of fixes
Found 1 fix(es):
    8ab12f96: inst_replace prelude_fuel_defaults -> data/projs/fast_fail_56c0620f01/base.z3/8ab12f96.smt2

=== Caza external-call time (wall clock) ===
    0.93s  initial stability check
    0.05s  build debugger trace and proof
    0.81s  finding fixes
    0.70s  verify candidates
    0.01s  filter broken candidates
    3.21s  filter candidates experiment
    0.89s  carve unstable candidates
    1.07s  early stability check 1505135a.smt2
    7.11s  early stability check 8ab12f96.smt2
   14.77s  total

================================================================================
[54/73] Caza query finished 2026-08-25T17:36:01
exit status: 0
================================================================================

================================================================================
[55/73] Caza query started 2026-08-25T17:36:01
query: /home/youjia/mariposa/data/verita_bad/verified-storage-multilog__multilog__inv_v.13.smt2
command: /usr/bin/python3 -u /home/youjia/mariposa/src/caza_wizard.py --set-seed 0x87654321 --early --fast-proof --sort time /home/youjia/mariposa/data/verita_bad/verified-storage-multilog__multilog__inv_v.13.smt2
================================================================================
Parsing...
Checking whether the input query is already stable
[92m[INFO] removing gen/sproj_single_ef2d20ead5 [0m
[92m[INFO] using 60s solver timeout (capped by analyzer 60sec) [0m
[94m[DEBUG] created table single_ef2d20ead5_base_z3_z3_4_16_0_exp [0m
[92m[INFO] running 1 original queries [0m
[94m[DEBUG] running ALL of single_ef2d20ead5.base.z3 [0m
[94m[DEBUG] adding 181 tasks [0m
[92m[INFO] criteria: vanilla=pending; groups: shuffle=[unknown@0.140s, unknown@0.181s, unknown@0.195s, unsat@0.310s, unknown@0.137s] (55 mutant result(s) pending); rename=[] (60 mutant result(s) pending); reseed=[] (60 mutant result(s) pending); possible final categories=[unsolvable, unstable] [0m
[92m[INFO] early decision: gen/sproj_single_ef2d20ead5/verified-storage-multilog__multilog__inv_v.13.smt2 -> not_stable; skipping 170 queued tasks [0m
=== stable (0) ===
Starting Cazamariposas
[92m[INFO] [init] loaded cached artifacts: traces=2, cores=2, proofs=2 [0m
[92m[INFO] [init] cached-proofs-only: skipping trace, core, and proof construction [0m
[92m[INFO] [init] dbg root: dbg/ef2d20ead5/ [0m
[92m[INFO] [init] ef2d20ead5 auto selected DbgMode.FAST_FAIL [0m
Found failure trace and proof object
[94m[DEBUG] [edit] proof path: dbg/ef2d20ead5/proofs/rename.191134073603777486.proof [0m
[94m[DEBUG] [edit] trace path: dbg/ef2d20ead5/traces/shuffle.12420925493754069455 [0m
98c661066e83edebf84afdd32e3b4377.pickle
[93m[WARN] [differ] qid constructor_accessor_axiom not found in dbg/ef2d20ead5/orig.smt2 [0m
[93m[WARN] [differ] qid <null> not found in dbg/ef2d20ead5/orig.smt2 [0m
[92m[INFO] [edit] [inst] prelude_unbox_box_int 42 instances [0m
[92m[INFO] [edit] written to data/projs/fast_fail_ef2d20ead5/base.z3/7e1bcc27.smt2 [0m
[92m[INFO] [edit] [inst] prelude_fuel_defaults 60 instances [0m
[92m[INFO] [edit] [erase] prelude_fuel_defaults [0m
[92m[INFO] [edit] written to data/projs/fast_fail_ef2d20ead5/base.z3/8ab12f96.smt2 [0m
[92m[INFO] [edit] [inst] user_vstd__seq__lemma_seq_new_index_4 2 instances [0m
[92m[INFO] [edit] written to data/projs/fast_fail_ef2d20ead5/base.z3/fb9e5c4f.smt2 [0m
[92m[INFO] [edit] [inst] mariposa_qid_2 2 instances [0m
[92m[INFO] [edit] written to data/projs/fast_fail_ef2d20ead5/base.z3/32c84b0c.smt2 [0m
[92m[INFO] [edit] [inst] prelude_add 31 instances [0m
[92m[INFO] [edit] written to data/projs/fast_fail_ef2d20ead5/base.z3/b64ee6ef.smt2 [0m
[92m[INFO] [edit] [inst] internal_vstd!seq.Seq.index.?_pre_post_definition 5 instances [0m
[92m[INFO] [edit] written to data/projs/fast_fail_ef2d20ead5/base.z3/c859c230.smt2 [0m
[92m[INFO] [edit] [inst] prelude_has_type_int 13 instances [0m
[92m[INFO] [edit] written to data/projs/fast_fail_ef2d20ead5/base.z3/11c97c25.smt2 [0m
[92m[INFO] [edit] [inst] internal_vstd__seq__Seq<u8.>_unbox_axiom_definition 21 instances [0m
[92m[INFO] [edit] written to data/projs/fast_fail_ef2d20ead5/base.z3/7dd3ef82.smt2 [0m
[93m[WARN] [edit] qid mariposa_qid_4 has no feasible actions [0m
[94m[DEBUG] [edit] 4fb9a30b failed [0m
[92m[INFO] [edit] [inst] prelude_nat_clip 26 instances [0m
[92m[INFO] [edit] [erase] prelude_nat_clip [0m
[92m[INFO] [edit] written to data/projs/fast_fail_ef2d20ead5/base.z3/0bbd00e5.smt2 [0m
[93m[WARN] [edit] qid user_vstd__seq__lemma_seq_subrange_index_10 has no feasible actions [0m
[94m[DEBUG] [edit] fbc597e4 failed [0m
[92m[INFO] [edit] [inst] internal_vstd!seq.Seq.subrange.?_pre_post_definition 16 instances [0m
[92m[INFO] [edit] written to data/projs/fast_fail_ef2d20ead5/base.z3/e03705b7.smt2 [0m
Produced candidate smt2 files
[94m[DEBUG] created table fast_fail_ef2d20ead5_base_z3_z3_4_16_0_exp [0m
[92m[INFO] running 10 original queries [0m
[94m[DEBUG] running ALL of fast_fail_ef2d20ead5.base.z3 [0m
[94m[DEBUG] adding 10 tasks [0m
[92m[INFO] running 10 tasks [0m
[92m[INFO] there is 4 processors [0m
[94m[DEBUG] worker 3 finished in 0.49 seconds [0m
[94m[DEBUG] worker 2 finished in 0.73 seconds [0m
[94m[DEBUG] worker 0 finished in 0.75 seconds [0m
[94m[DEBUG] worker 1 finished in 0.83 seconds [0m
[92m[INFO] workers finished [0m
[92m[INFO] done post processing exp data [0m
verify candidate 11c97c25: 0.275s; rank=7; p=4; t=0.275
verify candidate c859c230: 0.321s; rank=6; p=4; t=0.321
verify candidate 7dd3ef82: 0.329s; rank=8; p=3; t=0.329
verify candidate 32c84b0c: 0.332s; rank=4; p=4; t=0.332
verify candidate 8ab12f96: 0.345s; rank=2; p=6; t=0.345
verify candidate e03705b7: 0.347s; rank=10; p=3; t=0.347
verify candidate fb9e5c4f: 0.367s; rank=3; p=5; t=0.367
selected 7 verified candidates to data/projs/fast_fail_ef2d20ead5.filtered/base.z3 with 2.316s vanilla verification budget
[92m[INFO] running 7 original queries [0m
[92m[INFO] running 70 tasks [0m
[92m[INFO] there is 7 processors [0m
[94m[DEBUG] created table fast_fail_ef2d20ead5_filtered_base_z3_z3_4_16_0_exp [0m
[94m[DEBUG] running ALL of fast_fail_ef2d20ead5.filtered.base.z3 [0m
[94m[DEBUG] adding 70 tasks [0m
[94m[DEBUG] worker 2 finished in 3.69 seconds [0m
[94m[DEBUG] worker 6 finished in 3.68 seconds [0m
[94m[DEBUG] worker 4 finished in 3.79 seconds [0m
[94m[DEBUG] worker 0 finished in 3.87 seconds [0m
[94m[DEBUG] worker 5 finished in 3.9 seconds [0m
[94m[DEBUG] worker 1 finished in 3.91 seconds [0m
[94m[DEBUG] worker 3 finished in 4.02 seconds [0m
[92m[INFO] workers finished [0m
[92m[INFO] done post processing exp data [0m
=== Overall Report ===

project dir:	data/projs/fast_fail_ef2d20ead5.filtered/base.z3
exper config:	filter
solver path:	bin/z3-4.16.0
analyzer:	default

| category   |   count | percentage   |
|------------|---------|--------------|
| unstable   |       6 | 85.71%       |
| stable     |       1 | 14.29%       |
| total      |       7 | 100.00 %     |

=== Report End ===
Ran mariposa on filtered queries
[92m[INFO] carving out query 11c97c25 [0m
Passed Mutants (8):
gen/fast_fail_ef2d20ead5.filtered/base.z3/filter/11c97c25.13521661810474482725.reseed.smt2 - unsat - 0.34
gen/fast_fail_ef2d20ead5.filtered/base.z3/filter/11c97c25.14063551369139984865.rename.smt2 - unsat - 0.32
gen/fast_fail_ef2d20ead5.filtered/base.z3/filter/11c97c25.3037584813843425144.shuffle.smt2 - unsat - 0.44
gen/fast_fail_ef2d20ead5.filtered/base.z3/filter/11c97c25.14119552635070189836.rename.smt2 - unsat - 0.32
data/projs/fast_fail_ef2d20ead5.filtered/base.z3/11c97c25.smt2 - unsat - 0.32
gen/fast_fail_ef2d20ead5.filtered/base.z3/filter/11c97c25.2234596515691607108.reseed.smt2 - unsat - 0.32
gen/fast_fail_ef2d20ead5.filtered/base.z3/filter/11c97c25.13561184354519122587.rename.smt2 - unsat - 0.33
gen/fast_fail_ef2d20ead5.filtered/base.z3/filter/11c97c25.10552500451205014023.reseed.smt2 - unsat - 0.33

Failed Mutants (2):
gen/fast_fail_ef2d20ead5.filtered/base.z3/filter/11c97c25.15030068543932046035.shuffle.smt2 - unknown - 0.2
gen/fast_fail_ef2d20ead5.filtered/base.z3/filter/11c97c25.12229443004737981091.shuffle.smt2 - unknown - 0.16
[92m[INFO] carving out query 32c84b0c [0m
Passed Mutants (7):
gen/fast_fail_ef2d20ead5.filtered/base.z3/filter/32c84b0c.15888776588977336680.rename.smt2 - unsat - 0.4
gen/fast_fail_ef2d20ead5.filtered/base.z3/filter/32c84b0c.4812405075662592417.reseed.smt2 - unsat - 0.4
gen/fast_fail_ef2d20ead5.filtered/base.z3/filter/32c84b0c.9538869550105787811.reseed.smt2 - unsat - 0.37
data/projs/fast_fail_ef2d20ead5.filtered/base.z3/32c84b0c.smt2 - unsat - 0.38
gen/fast_fail_ef2d20ead5.filtered/base.z3/filter/32c84b0c.12278606373777485166.reseed.smt2 - unsat - 0.36
gen/fast_fail_ef2d20ead5.filtered/base.z3/filter/32c84b0c.13088485162590819779.rename.smt2 - unsat - 0.39
gen/fast_fail_ef2d20ead5.filtered/base.z3/filter/32c84b0c.11630372852437424791.rename.smt2 - unsat - 0.39

Failed Mutants (3):
gen/fast_fail_ef2d20ead5.filtered/base.z3/filter/32c84b0c.13750118177443984539.shuffle.smt2 - unknown - 0.17
gen/fast_fail_ef2d20ead5.filtered/base.z3/filter/32c84b0c.1985016837194113019.shuffle.smt2 - unknown - 0.15
gen/fast_fail_ef2d20ead5.filtered/base.z3/filter/32c84b0c.17325315444605975773.shuffle.smt2 - unknown - 0.25
[92m[INFO] carving out query 7dd3ef82 [0m
Passed Mutants (9):
gen/fast_fail_ef2d20ead5.filtered/base.z3/filter/7dd3ef82.7932907346888281157.reseed.smt2 - unsat - 0.44
gen/fast_fail_ef2d20ead5.filtered/base.z3/filter/7dd3ef82.17681222670318321731.rename.smt2 - unsat - 0.41
gen/fast_fail_ef2d20ead5.filtered/base.z3/filter/7dd3ef82.392309119829830268.reseed.smt2 - unsat - 0.4
gen/fast_fail_ef2d20ead5.filtered/base.z3/filter/7dd3ef82.14564563333234251912.reseed.smt2 - unsat - 0.41
gen/fast_fail_ef2d20ead5.filtered/base.z3/filter/7dd3ef82.6590261009910576336.rename.smt2 - unsat - 0.41
gen/fast_fail_ef2d20ead5.filtered/base.z3/filter/7dd3ef82.17585396112058853021.shuffle.smt2 - unsat - 0.46
gen/fast_fail_ef2d20ead5.filtered/base.z3/filter/7dd3ef82.15025492071290987250.rename.smt2 - unsat - 0.4
data/projs/fast_fail_ef2d20ead5.filtered/base.z3/7dd3ef82.smt2 - unsat - 0.4
gen/fast_fail_ef2d20ead5.filtered/base.z3/filter/7dd3ef82.3944762945470009819.shuffle.smt2 - unsat - 0.38

Failed Mutants (1):
gen/fast_fail_ef2d20ead5.filtered/base.z3/filter/7dd3ef82.5571599629967044871.shuffle.smt2 - unknown - 0.2
[92m[INFO] carving out query c859c230 [0m
Passed Mutants (8):
gen/fast_fail_ef2d20ead5.filtered/base.z3/filter/c859c230.3825669728350474020.reseed.smt2 - unsat - 0.38
gen/fast_fail_ef2d20ead5.filtered/base.z3/filter/c859c230.13453867716166979059.rename.smt2 - unsat - 0.37
gen/fast_fail_ef2d20ead5.filtered/base.z3/filter/c859c230.13977362827295489478.shuffle.smt2 - unsat - 0.46
data/projs/fast_fail_ef2d20ead5.filtered/base.z3/c859c230.smt2 - unsat - 0.37
gen/fast_fail_ef2d20ead5.filtered/base.z3/filter/c859c230.12629878334624995917.rename.smt2 - unsat - 0.37
gen/fast_fail_ef2d20ead5.filtered/base.z3/filter/c859c230.5421537119151421015.reseed.smt2 - unsat - 0.41
gen/fast_fail_ef2d20ead5.filtered/base.z3/filter/c859c230.11372681764245347159.rename.smt2 - unsat - 0.36
gen/fast_fail_ef2d20ead5.filtered/base.z3/filter/c859c230.14268105401082044918.reseed.smt2 - unsat - 0.38

Failed Mutants (2):
gen/fast_fail_ef2d20ead5.filtered/base.z3/filter/c859c230.12830922343764155769.shuffle.smt2 - unknown - 0.17
gen/fast_fail_ef2d20ead5.filtered/base.z3/filter/c859c230.18401237793261349517.shuffle.smt2 - unknown - 0.14
[92m[INFO] carving out query e03705b7 [0m
Passed Mutants (9):
data/projs/fast_fail_ef2d20ead5.filtered/base.z3/e03705b7.smt2 - unsat - 0.41
gen/fast_fail_ef2d20ead5.filtered/base.z3/filter/e03705b7.6213911664220009703.reseed.smt2 - unsat - 0.41
gen/fast_fail_ef2d20ead5.filtered/base.z3/filter/e03705b7.8853207732158761970.rename.smt2 - unsat - 0.4
gen/fast_fail_ef2d20ead5.filtered/base.z3/filter/e03705b7.12114457634310427559.shuffle.smt2 - unsat - 0.45
gen/fast_fail_ef2d20ead5.filtered/base.z3/filter/e03705b7.11933868277849822076.shuffle.smt2 - unsat - 0.46
gen/fast_fail_ef2d20ead5.filtered/base.z3/filter/e03705b7.13115172769484633540.rename.smt2 - unsat - 0.41
gen/fast_fail_ef2d20ead5.filtered/base.z3/filter/e03705b7.5573364691786713593.rename.smt2 - unsat - 0.41
gen/fast_fail_ef2d20ead5.filtered/base.z3/filter/e03705b7.1362067660537278711.reseed.smt2 - unsat - 0.38
gen/fast_fail_ef2d20ead5.filtered/base.z3/filter/e03705b7.7524681266045002256.reseed.smt2 - unsat - 0.41

Failed Mutants (1):
gen/fast_fail_ef2d20ead5.filtered/base.z3/filter/e03705b7.4273502287547352328.shuffle.smt2 - unknown - 0.17
[92m[INFO] carving out query fb9e5c4f [0m
Passed Mutants (7):
gen/fast_fail_ef2d20ead5.filtered/base.z3/filter/fb9e5c4f.8335816776547657186.rename.smt2 - unsat - 0.45
gen/fast_fail_ef2d20ead5.filtered/base.z3/filter/fb9e5c4f.16592974162545628495.reseed.smt2 - unsat - 0.36
gen/fast_fail_ef2d20ead5.filtered/base.z3/filter/fb9e5c4f.9068504034389642759.reseed.smt2 - unsat - 0.36
gen/fast_fail_ef2d20ead5.filtered/base.z3/filter/fb9e5c4f.13392121171122290506.rename.smt2 - unsat - 0.46
data/projs/fast_fail_ef2d20ead5.filtered/base.z3/fb9e5c4f.smt2 - unsat - 0.45
gen/fast_fail_ef2d20ead5.filtered/base.z3/filter/fb9e5c4f.13511704764731645832.reseed.smt2 - unsat - 0.37
gen/fast_fail_ef2d20ead5.filtered/base.z3/filter/fb9e5c4f.83158581324039728.rename.smt2 - unsat - 0.41

Failed Mutants (3):
gen/fast_fail_ef2d20ead5.filtered/base.z3/filter/fb9e5c4f.5455501696562936453.shuffle.smt2 - unknown - 0.19
gen/fast_fail_ef2d20ead5.filtered/base.z3/filter/fb9e5c4f.18212273936643850576.shuffle.smt2 - unknown - 0.2
gen/fast_fail_ef2d20ead5.filtered/base.z3/filter/fb9e5c4f.8697470155734652654.shuffle.smt2 - unknown - 0.23
[92m[INFO] removed 6 queries, 1 remaining [0m
Carved out unstable queries
Ran early-stop stability checks until a stable fix was found
Checking candidates by increasing vanilla verification time
Checking candidate 1/1 for stability: data/projs/fast_fail_ef2d20ead5.filtered/base.z3/8ab12f96.smt2
[92m[INFO] removing gen/sproj_single_a3214e5091 [0m
[92m[INFO] using 60s solver timeout (capped by analyzer 60sec) [0m
[94m[DEBUG] created table single_a3214e5091_base_z3_z3_4_16_0_exp [0m
[92m[INFO] running 1 original queries [0m
[94m[DEBUG] running ALL of single_a3214e5091.base.z3 [0m
[94m[DEBUG] adding 181 tasks [0m
[94m[DEBUG] finished: 162/181, elapsed: 0.0 hours, estimated: 08-25 17:36 [0m
=== stable (1) ===
query path: gen/sproj_single_a3214e5091/8ab12f96.smt2
Found a stable fix; stopping further stability checks
Got list of fixes
Found 1 fix(es):
    8ab12f96: inst_replace prelude_fuel_defaults -> data/projs/fast_fail_ef2d20ead5/base.z3/8ab12f96.smt2

=== Caza external-call time (wall clock) ===
    0.60s  initial stability check
    0.08s  build debugger trace and proof
    0.92s  finding fixes
    0.87s  verify candidates
    0.00s  filter broken candidates
    4.67s  filter candidates experiment
    0.89s  carve unstable candidates
   11.23s  early stability check 8ab12f96.smt2
   19.26s  total

================================================================================
[55/73] Caza query finished 2026-08-25T17:36:21
exit status: 0
================================================================================

================================================================================
[56/73] Caza query started 2026-08-25T17:36:21
query: /home/youjia/mariposa/data/verita_bad/verified-storage-multilog__multilog__inv_v.14.smt2
command: /usr/bin/python3 -u /home/youjia/mariposa/src/caza_wizard.py --set-seed 0x87654321 --early --fast-proof --sort time /home/youjia/mariposa/data/verita_bad/verified-storage-multilog__multilog__inv_v.14.smt2
================================================================================
Parsing...
Checking whether the input query is already stable
[92m[INFO] removing gen/sproj_single_7bbacbeb31 [0m
[92m[INFO] using 60s solver timeout (capped by analyzer 60sec) [0m
[94m[DEBUG] created table single_7bbacbeb31_base_z3_z3_4_16_0_exp [0m
[92m[INFO] running 1 original queries [0m
[94m[DEBUG] running ALL of single_7bbacbeb31.base.z3 [0m
[94m[DEBUG] adding 181 tasks [0m
[92m[INFO] criteria: vanilla=unsat@0.485s; groups: shuffle=[unsat@0.362s, unknown@0.372s, unknown@0.382s, unknown@0.430s, unsat@0.443s, unsat@0.516s, unknown@0.334s] (53 mutant result(s) pending); rename=[] (60 mutant result(s) pending); reseed=[] (60 mutant result(s) pending); possible final categories=[unsolvable, unstable] [0m
[92m[INFO] early decision: gen/sproj_single_7bbacbeb31/verified-storage-multilog__multilog__inv_v.14.smt2 -> not_stable; skipping 167 queued tasks [0m
=== stable (0) ===
Starting Cazamariposas
[92m[INFO] [init] loaded cached artifacts: traces=4, cores=2, proofs=2 [0m
[92m[INFO] [init] cached-proofs-only: skipping trace, core, and proof construction [0m
[92m[INFO] [init] dbg root: dbg/7bbacbeb31/ [0m
[92m[INFO] [init] 7bbacbeb31 auto selected DbgMode.FAST_FAIL [0m
Found failure trace and proof object
[94m[DEBUG] [edit] proof path: dbg/7bbacbeb31/proofs/rename.191134073603777486.proof [0m
[94m[DEBUG] [edit] trace path: dbg/7bbacbeb31/traces/shuffle.12973822379145794368 [0m
035e6c84b0765455797ba70fc04810b2.pickle
[93m[WARN] [differ] qid constructor_accessor_axiom not found in dbg/7bbacbeb31/orig.smt2 [0m
[93m[WARN] [differ] qid <null> not found in dbg/7bbacbeb31/orig.smt2 [0m
[92m[INFO] [edit] [inst] prelude_unbox_box_int 38 instances [0m
[92m[INFO] [edit] written to data/projs/fast_fail_7bbacbeb31/base.z3/7e1bcc27.smt2 [0m
[92m[INFO] [edit] [inst] prelude_fuel_defaults 60 instances [0m
[92m[INFO] [edit] [erase] prelude_fuel_defaults [0m
[92m[INFO] [edit] written to data/projs/fast_fail_7bbacbeb31/base.z3/8ab12f96.smt2 [0m
[92m[INFO] [edit] [inst] mariposa_qid_2 2 instances [0m
[92m[INFO] [edit] written to data/projs/fast_fail_7bbacbeb31/base.z3/32c84b0c.smt2 [0m
[92m[INFO] [edit] [inst] user_vstd__seq__lemma_seq_new_index_4 2 instances [0m
[92m[INFO] [edit] written to data/projs/fast_fail_7bbacbeb31/base.z3/fb9e5c4f.smt2 [0m
[92m[INFO] [edit] [inst] prelude_add 32 instances [0m
[92m[INFO] [edit] written to data/projs/fast_fail_7bbacbeb31/base.z3/b64ee6ef.smt2 [0m
[92m[INFO] [edit] [inst] internal_vstd!seq.Seq.index.?_pre_post_definition 5 instances [0m
[92m[INFO] [edit] written to data/projs/fast_fail_7bbacbeb31/base.z3/c859c230.smt2 [0m
[92m[INFO] [edit] [inst] prelude_nat_clip 32 instances [0m
[92m[INFO] [edit] [erase] prelude_nat_clip [0m
[92m[INFO] [edit] written to data/projs/fast_fail_7bbacbeb31/base.z3/0bbd00e5.smt2 [0m
[92m[INFO] [edit] [inst] prelude_has_type_int 14 instances [0m
[92m[INFO] [edit] written to data/projs/fast_fail_7bbacbeb31/base.z3/11c97c25.smt2 [0m
[92m[INFO] [edit] [inst] internal_vstd__seq__Seq<u8.>_unbox_axiom_definition 17 instances [0m
[92m[INFO] [edit] written to data/projs/fast_fail_7bbacbeb31/base.z3/7dd3ef82.smt2 [0m
[93m[WARN] [edit] qid prelude_box_unbox_int has no feasible actions [0m
[94m[DEBUG] [edit] 30b5acb0 failed [0m
[93m[WARN] [edit] qid user_vstd__seq__lemma_seq_subrange_index_10 has no feasible actions [0m
[94m[DEBUG] [edit] fbc597e4 failed [0m
[92m[INFO] [edit] [inst] user_vstd__seq__lemma_seq_subrange_len_9 21 instances [0m
[92m[INFO] [edit] written to data/projs/fast_fail_7bbacbeb31/base.z3/5234427c.smt2 [0m
Produced candidate smt2 files
[94m[DEBUG] created table fast_fail_7bbacbeb31_base_z3_z3_4_16_0_exp [0m
[92m[INFO] running 10 original queries [0m
[94m[DEBUG] running ALL of fast_fail_7bbacbeb31.base.z3 [0m
[94m[DEBUG] adding 10 tasks [0m
[92m[INFO] running 10 tasks [0m
[92m[INFO] there is 4 processors [0m
[94m[DEBUG] worker 2 finished in 0.83 seconds [0m
[94m[DEBUG] worker 1 finished in 0.88 seconds [0m
[94m[DEBUG] worker 3 finished in 1.11 seconds [0m
[94m[DEBUG] worker 0 finished in 1.18 seconds [0m
[92m[INFO] workers finished [0m
[92m[INFO] done post processing exp data [0m
verify candidate 7dd3ef82: 0.389s; rank=9; p=3; t=0.389
verify candidate 5234427c: 0.406s; rank=10; p=3; t=0.406
verify candidate 8ab12f96: 0.408s; rank=2; p=6; t=0.408
verify candidate fb9e5c4f: 0.419s; rank=4; p=4; t=0.419
verify candidate 0bbd00e5: 0.424s; rank=7; p=4; t=0.424
verify candidate 32c84b0c: 0.447s; rank=3; p=5; t=0.447
verify candidate c859c230: 0.481s; rank=6; p=4; t=0.481
selected 7 verified candidates to data/projs/fast_fail_7bbacbeb31.filtered/base.z3 with 2.974s vanilla verification budget
[92m[INFO] running 7 original queries [0m
[92m[INFO] running 70 tasks [0m
[92m[INFO] there is 7 processors [0m
[94m[DEBUG] created table fast_fail_7bbacbeb31_filtered_base_z3_z3_4_16_0_exp [0m
[94m[DEBUG] running ALL of fast_fail_7bbacbeb31.filtered.base.z3 [0m
[94m[DEBUG] adding 70 tasks [0m
[94m[DEBUG] worker 1 finished in 4.8 seconds [0m
[94m[DEBUG] worker 6 finished in 4.89 seconds [0m
[94m[DEBUG] worker 5 finished in 4.95 seconds [0m
[94m[DEBUG] worker 3 finished in 5.06 seconds [0m
[94m[DEBUG] worker 0 finished in 5.15 seconds [0m
[94m[DEBUG] worker 4 finished in 5.24 seconds [0m
[94m[DEBUG] worker 2 finished in 5.33 seconds [0m
[92m[INFO] workers finished [0m
[92m[INFO] done post processing exp data [0m
=== Overall Report ===

project dir:	data/projs/fast_fail_7bbacbeb31.filtered/base.z3
exper config:	filter
solver path:	bin/z3-4.16.0
analyzer:	default

| category   |   count | percentage   |
|------------|---------|--------------|
| unstable   |       6 | 85.71%       |
| stable     |       1 | 14.29%       |
| total      |       7 | 100.00 %     |

=== Report End ===
Ran mariposa on filtered queries
[92m[INFO] carving out query 0bbd00e5 [0m
Passed Mutants (7):
gen/fast_fail_7bbacbeb31.filtered/base.z3/filter/0bbd00e5.8568736038169547335.rename.smt2 - unsat - 0.5
gen/fast_fail_7bbacbeb31.filtered/base.z3/filter/0bbd00e5.3095746563770930681.reseed.smt2 - unsat - 0.49
gen/fast_fail_7bbacbeb31.filtered/base.z3/filter/0bbd00e5.684868879463271193.rename.smt2 - unsat - 0.49
gen/fast_fail_7bbacbeb31.filtered/base.z3/filter/0bbd00e5.17728232945620545847.reseed.smt2 - unsat - 0.54
gen/fast_fail_7bbacbeb31.filtered/base.z3/filter/0bbd00e5.12200726267945654033.rename.smt2 - unsat - 0.49
data/projs/fast_fail_7bbacbeb31.filtered/base.z3/0bbd00e5.smt2 - unsat - 0.49
gen/fast_fail_7bbacbeb31.filtered/base.z3/filter/0bbd00e5.2411644750693921055.reseed.smt2 - unsat - 0.48

Failed Mutants (3):
gen/fast_fail_7bbacbeb31.filtered/base.z3/filter/0bbd00e5.16557958874231517932.shuffle.smt2 - unknown - 0.52
gen/fast_fail_7bbacbeb31.filtered/base.z3/filter/0bbd00e5.1597540984710494235.shuffle.smt2 - unknown - 0.44
gen/fast_fail_7bbacbeb31.filtered/base.z3/filter/0bbd00e5.6852885594040711328.shuffle.smt2 - unknown - 0.37
[92m[INFO] carving out query 32c84b0c [0m
Passed Mutants (8):
gen/fast_fail_7bbacbeb31.filtered/base.z3/filter/32c84b0c.14244770354480156903.reseed.smt2 - unsat - 0.55
gen/fast_fail_7bbacbeb31.filtered/base.z3/filter/32c84b0c.14477630864850133698.rename.smt2 - unsat - 0.53
gen/fast_fail_7bbacbeb31.filtered/base.z3/filter/32c84b0c.12318919950551149694.reseed.smt2 - unsat - 0.54
gen/fast_fail_7bbacbeb31.filtered/base.z3/filter/32c84b0c.4883680303478065111.reseed.smt2 - unsat - 0.56
data/projs/fast_fail_7bbacbeb31.filtered/base.z3/32c84b0c.smt2 - unsat - 0.52
gen/fast_fail_7bbacbeb31.filtered/base.z3/filter/32c84b0c.16047561320951646306.rename.smt2 - unsat - 0.52
gen/fast_fail_7bbacbeb31.filtered/base.z3/filter/32c84b0c.5805954549143497351.shuffle.smt2 - unsat - 0.32
gen/fast_fail_7bbacbeb31.filtered/base.z3/filter/32c84b0c.11384938088493429814.rename.smt2 - unsat - 0.45

Failed Mutants (2):
gen/fast_fail_7bbacbeb31.filtered/base.z3/filter/32c84b0c.18213232237562037314.shuffle.smt2 - unknown - 0.32
gen/fast_fail_7bbacbeb31.filtered/base.z3/filter/32c84b0c.8146698615661557993.shuffle.smt2 - unknown - 0.34
[92m[INFO] carving out query 5234427c [0m
Passed Mutants (7):
data/projs/fast_fail_7bbacbeb31.filtered/base.z3/5234427c.smt2 - unsat - 0.48
gen/fast_fail_7bbacbeb31.filtered/base.z3/filter/5234427c.2217288146686239645.rename.smt2 - unsat - 0.48
gen/fast_fail_7bbacbeb31.filtered/base.z3/filter/5234427c.15530576555656337808.reseed.smt2 - unsat - 0.46
gen/fast_fail_7bbacbeb31.filtered/base.z3/filter/5234427c.823510047058276954.reseed.smt2 - unsat - 0.49
gen/fast_fail_7bbacbeb31.filtered/base.z3/filter/5234427c.17036629971455593486.rename.smt2 - unsat - 0.47
gen/fast_fail_7bbacbeb31.filtered/base.z3/filter/5234427c.14622496254156406040.reseed.smt2 - unsat - 0.47
gen/fast_fail_7bbacbeb31.filtered/base.z3/filter/5234427c.11429231872391188877.rename.smt2 - unsat - 0.48

Failed Mutants (3):
gen/fast_fail_7bbacbeb31.filtered/base.z3/filter/5234427c.18089837970127294121.shuffle.smt2 - unknown - 0.19
gen/fast_fail_7bbacbeb31.filtered/base.z3/filter/5234427c.17117181405404894503.shuffle.smt2 - unknown - 0.37
gen/fast_fail_7bbacbeb31.filtered/base.z3/filter/5234427c.3114751467268091151.shuffle.smt2 - unknown - 0.53
[92m[INFO] carving out query 7dd3ef82 [0m
Passed Mutants (9):
gen/fast_fail_7bbacbeb31.filtered/base.z3/filter/7dd3ef82.7581148465985448825.rename.smt2 - unsat - 0.49
gen/fast_fail_7bbacbeb31.filtered/base.z3/filter/7dd3ef82.9463793771843883162.shuffle.smt2 - unsat - 0.53
gen/fast_fail_7bbacbeb31.filtered/base.z3/filter/7dd3ef82.12003216179698579439.rename.smt2 - unsat - 0.49
data/projs/fast_fail_7bbacbeb31.filtered/base.z3/7dd3ef82.smt2 - unsat - 0.5
gen/fast_fail_7bbacbeb31.filtered/base.z3/filter/7dd3ef82.14573683619606822327.rename.smt2 - unsat - 0.49
gen/fast_fail_7bbacbeb31.filtered/base.z3/filter/7dd3ef82.6583879485587187719.reseed.smt2 - unsat - 0.5
gen/fast_fail_7bbacbeb31.filtered/base.z3/filter/7dd3ef82.14980235190531303618.reseed.smt2 - unsat - 0.5
gen/fast_fail_7bbacbeb31.filtered/base.z3/filter/7dd3ef82.3750404684139976147.reseed.smt2 - unsat - 0.56
gen/fast_fail_7bbacbeb31.filtered/base.z3/filter/7dd3ef82.17344961325836256280.shuffle.smt2 - unsat - 0.46

Failed Mutants (1):
gen/fast_fail_7bbacbeb31.filtered/base.z3/filter/7dd3ef82.1464625845791539958.shuffle.smt2 - unknown - 0.34
[92m[INFO] carving out query c859c230 [0m
Passed Mutants (7):
data/projs/fast_fail_7bbacbeb31.filtered/base.z3/c859c230.smt2 - unsat - 0.56
gen/fast_fail_7bbacbeb31.filtered/base.z3/filter/c859c230.14288237417221572496.reseed.smt2 - unsat - 0.57
gen/fast_fail_7bbacbeb31.filtered/base.z3/filter/c859c230.9833754441801548234.reseed.smt2 - unsat - 0.58
gen/fast_fail_7bbacbeb31.filtered/base.z3/filter/c859c230.13115630123749398170.rename.smt2 - unsat - 0.59
gen/fast_fail_7bbacbeb31.filtered/base.z3/filter/c859c230.13722641717675202047.reseed.smt2 - unsat - 0.57
gen/fast_fail_7bbacbeb31.filtered/base.z3/filter/c859c230.13117169006308192864.rename.smt2 - unsat - 0.57
gen/fast_fail_7bbacbeb31.filtered/base.z3/filter/c859c230.14925451633322767893.rename.smt2 - unsat - 0.57

Failed Mutants (3):
gen/fast_fail_7bbacbeb31.filtered/base.z3/filter/c859c230.10772340050251554641.shuffle.smt2 - unknown - 0.58
gen/fast_fail_7bbacbeb31.filtered/base.z3/filter/c859c230.6800680411312230501.shuffle.smt2 - unknown - 0.34
gen/fast_fail_7bbacbeb31.filtered/base.z3/filter/c859c230.8572398446017335341.shuffle.smt2 - unknown - 0.4
[92m[INFO] carving out query fb9e5c4f [0m
Passed Mutants (9):
gen/fast_fail_7bbacbeb31.filtered/base.z3/filter/fb9e5c4f.18084097084197548231.reseed.smt2 - unsat - 0.47
gen/fast_fail_7bbacbeb31.filtered/base.z3/filter/fb9e5c4f.717834042831876339.reseed.smt2 - unsat - 0.5
gen/fast_fail_7bbacbeb31.filtered/base.z3/filter/fb9e5c4f.16758195789326458460.rename.smt2 - unsat - 0.47
gen/fast_fail_7bbacbeb31.filtered/base.z3/filter/fb9e5c4f.15263419251131612471.reseed.smt2 - unsat - 0.46
gen/fast_fail_7bbacbeb31.filtered/base.z3/filter/fb9e5c4f.8345500396270931009.rename.smt2 - unsat - 0.48
data/projs/fast_fail_7bbacbeb31.filtered/base.z3/fb9e5c4f.smt2 - unsat - 0.47
gen/fast_fail_7bbacbeb31.filtered/base.z3/filter/fb9e5c4f.15001455226866839161.shuffle.smt2 - unsat - 0.41
gen/fast_fail_7bbacbeb31.filtered/base.z3/filter/fb9e5c4f.6544401964200526474.shuffle.smt2 - unsat - 0.41
gen/fast_fail_7bbacbeb31.filtered/base.z3/filter/fb9e5c4f.13131021294588601827.rename.smt2 - unsat - 0.43

Failed Mutants (1):
gen/fast_fail_7bbacbeb31.filtered/base.z3/filter/fb9e5c4f.1732936514527125065.shuffle.smt2 - unknown - 0.4
[92m[INFO] removed 6 queries, 1 remaining [0m
Carved out unstable queries
Ran early-stop stability checks until a stable fix was found
Checking candidates by increasing vanilla verification time
Checking candidate 1/1 for stability: data/projs/fast_fail_7bbacbeb31.filtered/base.z3/8ab12f96.smt2
[92m[INFO] removing gen/sproj_single_1fd4188082 [0m
[92m[INFO] using 60s solver timeout (capped by analyzer 60sec) [0m
[94m[DEBUG] created table single_1fd4188082_base_z3_z3_4_16_0_exp [0m
[92m[INFO] running 1 original queries [0m
[94m[DEBUG] running ALL of single_1fd4188082.base.z3 [0m
[94m[DEBUG] adding 181 tasks [0m
[94m[DEBUG] finished: 135/181, elapsed: 0.0 hours, estimated: 08-25 17:36 [0m
=== stable (1) ===
query path: gen/sproj_single_1fd4188082/8ab12f96.smt2
Found a stable fix; stopping further stability checks
Got list of fixes
Found 1 fix(es):
    8ab12f96: inst_replace prelude_fuel_defaults -> data/projs/fast_fail_7bbacbeb31/base.z3/8ab12f96.smt2

=== Caza external-call time (wall clock) ===
    1.01s  initial stability check
    0.05s  build debugger trace and proof
    1.03s  finding fixes
    1.23s  verify candidates
    0.00s  filter broken candidates
    5.96s  filter candidates experiment
    0.89s  carve unstable candidates
   13.18s  early stability check 8ab12f96.smt2
   23.35s  total

================================================================================
[56/73] Caza query finished 2026-08-25T17:36:45
exit status: 0
================================================================================

================================================================================
[57/73] Caza query started 2026-08-25T17:36:45
query: /home/youjia/mariposa/data/verita_bad/verified-storage-multilog__multilog__inv_v.15.smt2
command: /usr/bin/python3 -u /home/youjia/mariposa/src/caza_wizard.py --set-seed 0x87654321 --early --fast-proof --sort time /home/youjia/mariposa/data/verita_bad/verified-storage-multilog__multilog__inv_v.15.smt2
================================================================================
Parsing...
Checking whether the input query is already stable
[92m[INFO] removing gen/sproj_single_d444e35c4b [0m
[92m[INFO] using 60s solver timeout (capped by analyzer 60sec) [0m
[94m[DEBUG] created table single_d444e35c4b_base_z3_z3_4_16_0_exp [0m
[92m[INFO] running 1 original queries [0m
[94m[DEBUG] running ALL of single_d444e35c4b.base.z3 [0m
[94m[DEBUG] adding 181 tasks [0m
[92m[INFO] criteria: vanilla=unsat@0.402s; groups: shuffle=[unknown@0.273s, unsat@0.289s, unsat@0.316s, unsat@0.331s, unsat@0.356s, unsat@0.385s, unknown@0.253s, unsat@0.270s, unsat@0.308s, unknown@0.276s, unsat@0.308s, unknown@0.266s] (48 mutant result(s) pending); rename=[] (60 mutant result(s) pending); reseed=[] (60 mutant result(s) pending); possible final categories=[unsolvable, unstable] [0m
[92m[INFO] early decision: gen/sproj_single_d444e35c4b/verified-storage-multilog__multilog__inv_v.15.smt2 -> not_stable; skipping 162 queued tasks [0m
=== stable (0) ===
Starting Cazamariposas
[92m[INFO] [init] loaded cached artifacts: traces=3, cores=3, proofs=3 [0m
[92m[INFO] [init] cached-proofs-only: skipping trace, core, and proof construction [0m
[92m[INFO] [init] dbg root: dbg/d444e35c4b/ [0m
[92m[INFO] [init] d444e35c4b auto selected DbgMode.FAST_FAIL [0m
Found failure trace and proof object
[94m[DEBUG] [edit] proof path: dbg/d444e35c4b/proofs/rename.191134073603777486.proof [0m
[94m[DEBUG] [edit] trace path: dbg/d444e35c4b/traces/shuffle.14652170157256588663 [0m
6ea4b554689d03c46c49174af4d5d760.pickle
[93m[WARN] [differ] qid constructor_accessor_axiom not found in dbg/d444e35c4b/orig.smt2 [0m
[93m[WARN] [differ] qid <null> not found in dbg/d444e35c4b/orig.smt2 [0m
[92m[INFO] [edit] [inst] prelude_unbox_box_int 38 instances [0m
[92m[INFO] [edit] written to data/projs/fast_fail_d444e35c4b/base.z3/7e1bcc27.smt2 [0m
[92m[INFO] [edit] [inst] prelude_fuel_defaults 60 instances [0m
[92m[INFO] [edit] [erase] prelude_fuel_defaults [0m
[92m[INFO] [edit] written to data/projs/fast_fail_d444e35c4b/base.z3/8ab12f96.smt2 [0m
[92m[INFO] [edit] [inst] mariposa_qid_2 2 instances [0m
[92m[INFO] [edit] written to data/projs/fast_fail_d444e35c4b/base.z3/32c84b0c.smt2 [0m
[92m[INFO] [edit] [inst] prelude_add 32 instances [0m
[92m[INFO] [edit] written to data/projs/fast_fail_d444e35c4b/base.z3/b64ee6ef.smt2 [0m
[92m[INFO] [edit] [inst] user_vstd__seq__lemma_seq_new_index_4 2 instances [0m
[92m[INFO] [edit] written to data/projs/fast_fail_d444e35c4b/base.z3/fb9e5c4f.smt2 [0m
[92m[INFO] [edit] [inst] prelude_nat_clip 33 instances [0m
[92m[INFO] [edit] [erase] prelude_nat_clip [0m
[92m[INFO] [edit] written to data/projs/fast_fail_d444e35c4b/base.z3/0bbd00e5.smt2 [0m
[92m[INFO] [edit] [inst] internal_vstd!seq.Seq.index.?_pre_post_definition 5 instances [0m
[92m[INFO] [edit] written to data/projs/fast_fail_d444e35c4b/base.z3/c859c230.smt2 [0m
[92m[INFO] [edit] [inst] prelude_has_type_int 15 instances [0m
[92m[INFO] [edit] written to data/projs/fast_fail_d444e35c4b/base.z3/11c97c25.smt2 [0m
[92m[INFO] [edit] [inst] prelude_box_unbox_int 1 instances [0m
[92m[INFO] [edit] written to data/projs/fast_fail_d444e35c4b/base.z3/2ce24263.smt2 [0m
[92m[INFO] [edit] [inst] internal_vstd__seq__Seq<u8.>_unbox_axiom_definition 21 instances [0m
[92m[INFO] [edit] written to data/projs/fast_fail_d444e35c4b/base.z3/7dd3ef82.smt2 [0m
Produced candidate smt2 files
[94m[DEBUG] created table fast_fail_d444e35c4b_base_z3_z3_4_16_0_exp [0m
[92m[INFO] running 10 original queries [0m
[94m[DEBUG] running ALL of fast_fail_d444e35c4b.base.z3 [0m
[94m[DEBUG] adding 10 tasks [0m
[92m[INFO] running 10 tasks [0m
[92m[INFO] there is 4 processors [0m
[94m[DEBUG] worker 1 finished in 0.58 seconds [0m
[94m[DEBUG] worker 0 finished in 0.6 seconds [0m
[94m[DEBUG] worker 3 finished in 0.73 seconds [0m
[94m[DEBUG] worker 2 finished in 0.88 seconds [0m
[92m[INFO] workers finished [0m
[92m[INFO] done post processing exp data [0m
verify candidate 0bbd00e5: 0.206s; rank=6; p=4; t=0.206
verify candidate 8ab12f96: 0.270s; rank=2; p=6; t=0.270
verify candidate c859c230: 0.301s; rank=7; p=4; t=0.301
verify candidate 32c84b0c: 0.308s; rank=3; p=5; t=0.308
verify candidate fb9e5c4f: 0.313s; rank=5; p=4; t=0.313
verify candidate 2ce24263: 0.330s; rank=9; p=3; t=0.330
verify candidate 7dd3ef82: 0.344s; rank=10; p=3; t=0.344
selected 7 verified candidates to data/projs/fast_fail_d444e35c4b.filtered/base.z3 with 2.072s vanilla verification budget
[92m[INFO] running 7 original queries [0m
[92m[INFO] running 70 tasks [0m
[92m[INFO] there is 7 processors [0m
[94m[DEBUG] created table fast_fail_d444e35c4b_filtered_base_z3_z3_4_16_0_exp [0m
[94m[DEBUG] running ALL of fast_fail_d444e35c4b.filtered.base.z3 [0m
[94m[DEBUG] adding 70 tasks [0m
[94m[DEBUG] worker 6 finished in 3.5 seconds [0m
[94m[DEBUG] worker 0 finished in 3.52 seconds [0m
[94m[DEBUG] worker 1 finished in 3.52 seconds [0m
[94m[DEBUG] worker 4 finished in 3.55 seconds [0m
[94m[DEBUG] worker 5 finished in 3.67 seconds [0m
[94m[DEBUG] worker 2 finished in 3.7 seconds [0m
[94m[DEBUG] worker 3 finished in 3.82 seconds [0m
[92m[INFO] workers finished [0m
[92m[INFO] done post processing exp data [0m
=== Overall Report ===

project dir:	data/projs/fast_fail_d444e35c4b.filtered/base.z3
exper config:	filter
solver path:	bin/z3-4.16.0
analyzer:	default

| category   |   count | percentage   |
|------------|---------|--------------|
| stable     |       4 | 57.14%       |
| unstable   |       3 | 42.86%       |
| total      |       7 | 100.00 %     |

=== Report End ===
Ran mariposa on filtered queries
[92m[INFO] carving out query 7dd3ef82 [0m
Passed Mutants (8):
gen/fast_fail_d444e35c4b.filtered/base.z3/filter/7dd3ef82.5903287977703570688.reseed.smt2 - unsat - 0.41
gen/fast_fail_d444e35c4b.filtered/base.z3/filter/7dd3ef82.2906451706828073885.rename.smt2 - unsat - 0.39
gen/fast_fail_d444e35c4b.filtered/base.z3/filter/7dd3ef82.5407592894404485446.shuffle.smt2 - unsat - 0.38
gen/fast_fail_d444e35c4b.filtered/base.z3/filter/7dd3ef82.9443066572232170897.reseed.smt2 - unsat - 0.38
gen/fast_fail_d444e35c4b.filtered/base.z3/filter/7dd3ef82.2654961786804882690.reseed.smt2 - unsat - 0.42
data/projs/fast_fail_d444e35c4b.filtered/base.z3/7dd3ef82.smt2 - unsat - 0.39
gen/fast_fail_d444e35c4b.filtered/base.z3/filter/7dd3ef82.7371110114348264903.rename.smt2 - unsat - 0.4
gen/fast_fail_d444e35c4b.filtered/base.z3/filter/7dd3ef82.244675837847542952.rename.smt2 - unsat - 0.33

Failed Mutants (2):
gen/fast_fail_d444e35c4b.filtered/base.z3/filter/7dd3ef82.8949715888341140293.shuffle.smt2 - unknown - 0.32
gen/fast_fail_d444e35c4b.filtered/base.z3/filter/7dd3ef82.13545568852718371107.shuffle.smt2 - unknown - 0.29
[92m[INFO] carving out query c859c230 [0m
Passed Mutants (9):
gen/fast_fail_d444e35c4b.filtered/base.z3/filter/c859c230.10391446988761753723.rename.smt2 - unsat - 0.34
gen/fast_fail_d444e35c4b.filtered/base.z3/filter/c859c230.16346821824828374093.shuffle.smt2 - unsat - 0.33
gen/fast_fail_d444e35c4b.filtered/base.z3/filter/c859c230.139809307175117967.reseed.smt2 - unsat - 0.36
gen/fast_fail_d444e35c4b.filtered/base.z3/filter/c859c230.2701054684229711318.rename.smt2 - unsat - 0.35
gen/fast_fail_d444e35c4b.filtered/base.z3/filter/c859c230.15165437736271650880.shuffle.smt2 - unsat - 0.28
gen/fast_fail_d444e35c4b.filtered/base.z3/filter/c859c230.17372441049802056311.rename.smt2 - unsat - 0.34
data/projs/fast_fail_d444e35c4b.filtered/base.z3/c859c230.smt2 - unsat - 0.33
gen/fast_fail_d444e35c4b.filtered/base.z3/filter/c859c230.17873530587068156253.reseed.smt2 - unsat - 0.35
gen/fast_fail_d444e35c4b.filtered/base.z3/filter/c859c230.13492771891406575233.reseed.smt2 - unsat - 0.34

Failed Mutants (1):
gen/fast_fail_d444e35c4b.filtered/base.z3/filter/c859c230.15146893195985981144.shuffle.smt2 - unknown - 0.31
[92m[INFO] carving out query fb9e5c4f [0m
Passed Mutants (7):
gen/fast_fail_d444e35c4b.filtered/base.z3/filter/fb9e5c4f.7642538278902464347.reseed.smt2 - unsat - 0.38
gen/fast_fail_d444e35c4b.filtered/base.z3/filter/fb9e5c4f.17193773882232015704.rename.smt2 - unsat - 0.35
gen/fast_fail_d444e35c4b.filtered/base.z3/filter/fb9e5c4f.10019267369914930198.reseed.smt2 - unsat - 0.36
data/projs/fast_fail_d444e35c4b.filtered/base.z3/fb9e5c4f.smt2 - unsat - 0.34
gen/fast_fail_d444e35c4b.filtered/base.z3/filter/fb9e5c4f.2377845254375048190.rename.smt2 - unsat - 0.35
gen/fast_fail_d444e35c4b.filtered/base.z3/filter/fb9e5c4f.8359259368267439108.rename.smt2 - unsat - 0.34
gen/fast_fail_d444e35c4b.filtered/base.z3/filter/fb9e5c4f.16213710940923590863.reseed.smt2 - unsat - 0.36

Failed Mutants (3):
gen/fast_fail_d444e35c4b.filtered/base.z3/filter/fb9e5c4f.18188830751814474746.shuffle.smt2 - unknown - 0.28
gen/fast_fail_d444e35c4b.filtered/base.z3/filter/fb9e5c4f.17286819847924777024.shuffle.smt2 - unknown - 0.31
gen/fast_fail_d444e35c4b.filtered/base.z3/filter/fb9e5c4f.1145190679464302104.shuffle.smt2 - unknown - 0.23
[92m[INFO] removed 3 queries, 4 remaining [0m
Carved out unstable queries
Ran early-stop stability checks until a stable fix was found
Checking candidates by increasing vanilla verification time
Checking candidate 1/4 for stability: data/projs/fast_fail_d444e35c4b.filtered/base.z3/0bbd00e5.smt2
[92m[INFO] removing gen/sproj_single_8fbf2b69c8 [0m
[92m[INFO] using 60s solver timeout (capped by analyzer 60sec) [0m
[94m[DEBUG] created table single_8fbf2b69c8_base_z3_z3_4_16_0_exp [0m
[92m[INFO] running 1 original queries [0m
[94m[DEBUG] running ALL of single_8fbf2b69c8.base.z3 [0m
[94m[DEBUG] adding 181 tasks [0m
=== stable (1) ===
query path: gen/sproj_single_8fbf2b69c8/0bbd00e5.smt2
Found a stable fix; stopping further stability checks
Got list of fixes
Found 1 fix(es):
    0bbd00e5: inst_replace prelude_nat_clip -> data/projs/fast_fail_d444e35c4b/base.z3/0bbd00e5.smt2

=== Caza external-call time (wall clock) ===
    1.11s  initial stability check
    0.05s  build debugger trace and proof
    1.02s  finding fixes
    0.95s  verify candidates
    0.00s  filter broken candidates
    4.42s  filter candidates experiment
    0.88s  carve unstable candidates
    8.57s  early stability check 0bbd00e5.smt2
   16.99s  total

================================================================================
[57/73] Caza query finished 2026-08-25T17:37:02
exit status: 0
================================================================================

================================================================================
[58/73] Caza query started 2026-08-25T17:37:02
query: /home/youjia/mariposa/data/verita_bad/verified-storage-multilog__multilog__inv_v.16.smt2
command: /usr/bin/python3 -u /home/youjia/mariposa/src/caza_wizard.py --set-seed 0x87654321 --early --fast-proof --sort time /home/youjia/mariposa/data/verita_bad/verified-storage-multilog__multilog__inv_v.16.smt2
================================================================================
Parsing...
Checking whether the input query is already stable
[92m[INFO] removing gen/sproj_single_79a4cc76f2 [0m
[92m[INFO] using 60s solver timeout (capped by analyzer 60sec) [0m
[94m[DEBUG] created table single_79a4cc76f2_base_z3_z3_4_16_0_exp [0m
[92m[INFO] running 1 original queries [0m
[94m[DEBUG] running ALL of single_79a4cc76f2.base.z3 [0m
[94m[DEBUG] adding 181 tasks [0m
[92m[INFO] criteria: vanilla=unsat@0.308s; groups: shuffle=[unknown@0.219s, unknown@0.228s, unsat@0.248s, unsat@0.265s, unknown@0.276s, unsat@0.305s, unknown@0.151s] (53 mutant result(s) pending); rename=[] (60 mutant result(s) pending); reseed=[] (60 mutant result(s) pending); possible final categories=[unsolvable, unstable] [0m
[92m[INFO] early decision: gen/sproj_single_79a4cc76f2/verified-storage-multilog__multilog__inv_v.16.smt2 -> not_stable; skipping 167 queued tasks [0m
=== stable (0) ===
Starting Cazamariposas
[92m[INFO] [init] loaded cached artifacts: traces=3, cores=4, proofs=4 [0m
[92m[INFO] [init] cached-proofs-only: skipping trace, core, and proof construction [0m
[92m[INFO] [init] dbg root: dbg/79a4cc76f2/ [0m
[92m[INFO] [init] 79a4cc76f2 auto selected DbgMode.FAST_FAIL [0m
Found failure trace and proof object
[94m[DEBUG] [edit] proof path: dbg/79a4cc76f2/proofs/rename.191134073603777486.proof [0m
[94m[DEBUG] [edit] trace path: dbg/79a4cc76f2/traces/shuffle.12420925493754069455 [0m
17c59c7341ed136211e0f942449282c4.pickle
[93m[WARN] [differ] qid constructor_accessor_axiom not found in dbg/79a4cc76f2/orig.smt2 [0m
[93m[WARN] [differ] qid <null> not found in dbg/79a4cc76f2/orig.smt2 [0m
[92m[INFO] [edit] [inst] prelude_unbox_box_int 41 instances [0m
[92m[INFO] [edit] written to data/projs/fast_fail_79a4cc76f2/base.z3/7e1bcc27.smt2 [0m
[92m[INFO] [edit] [inst] mariposa_qid_2 4 instances [0m
[92m[INFO] [edit] written to data/projs/fast_fail_79a4cc76f2/base.z3/32c84b0c.smt2 [0m
[92m[INFO] [edit] [inst] user_vstd__seq__lemma_seq_new_index_4 8 instances [0m
[92m[INFO] [edit] written to data/projs/fast_fail_79a4cc76f2/base.z3/fb9e5c4f.smt2 [0m
[92m[INFO] [edit] [inst] prelude_fuel_defaults 54 instances [0m
[92m[INFO] [edit] [erase] prelude_fuel_defaults [0m
[92m[INFO] [edit] written to data/projs/fast_fail_79a4cc76f2/base.z3/8ab12f96.smt2 [0m
[92m[INFO] [edit] [inst] prelude_add 29 instances [0m
[92m[INFO] [edit] written to data/projs/fast_fail_79a4cc76f2/base.z3/b64ee6ef.smt2 [0m
[92m[INFO] [edit] [inst] prelude_nat_clip 36 instances [0m
[92m[INFO] [edit] [erase] prelude_nat_clip [0m
[92m[INFO] [edit] written to data/projs/fast_fail_79a4cc76f2/base.z3/0bbd00e5.smt2 [0m
[92m[INFO] [edit] [inst] internal_vstd!seq.Seq.index.?_pre_post_definition 5 instances [0m
[92m[INFO] [edit] written to data/projs/fast_fail_79a4cc76f2/base.z3/c859c230.smt2 [0m
[93m[WARN] [edit] qid mariposa_qid_3 has no feasible actions [0m
[94m[DEBUG] [edit] 346a04cf failed [0m
[92m[INFO] [edit] [inst] prelude_has_type_int 13 instances [0m
[92m[INFO] [edit] written to data/projs/fast_fail_79a4cc76f2/base.z3/11c97c25.smt2 [0m
[92m[INFO] [edit] [inst] internal_vstd__seq__Seq<u8.>_unbox_axiom_definition 26 instances [0m
[92m[INFO] [edit] [erase] internal_vstd__seq__Seq<u8.>_unbox_axiom_definition [0m
[92m[INFO] [edit] written to data/projs/fast_fail_79a4cc76f2/base.z3/82ffdc07.smt2 [0m
[92m[INFO] [edit] [inst] prelude_box_unbox_int 1 instances [0m
[92m[INFO] [edit] written to data/projs/fast_fail_79a4cc76f2/base.z3/2ce24263.smt2 [0m
Produced candidate smt2 files
[94m[DEBUG] created table fast_fail_79a4cc76f2_base_z3_z3_4_16_0_exp [0m
[92m[INFO] running 10 original queries [0m
[94m[DEBUG] running ALL of fast_fail_79a4cc76f2.base.z3 [0m
[94m[DEBUG] adding 10 tasks [0m
[92m[INFO] running 10 tasks [0m
[92m[INFO] there is 4 processors [0m
[94m[DEBUG] worker 0 finished in 0.6 seconds [0m
[94m[DEBUG] worker 2 finished in 0.6 seconds [0m
[94m[DEBUG] worker 1 finished in 0.66 seconds [0m
[94m[DEBUG] worker 3 finished in 0.73 seconds [0m
[92m[INFO] workers finished [0m
[92m[INFO] done post processing exp data [0m
verify candidate 8ab12f96: 0.215s; rank=4; p=4; t=0.215
verify candidate 2ce24263: 0.288s; rank=10; p=3; t=0.288
verify candidate c859c230: 0.308s; rank=7; p=4; t=0.308
verify candidate fb9e5c4f: 0.323s; rank=3; p=5; t=0.323
verify candidate 82ffdc07: 0.336s; rank=9; p=3; t=0.336
verify candidate 32c84b0c: 0.366s; rank=2; p=6; t=0.366
selected 6 verified candidates to data/projs/fast_fail_79a4cc76f2.filtered/base.z3 with 1.836s vanilla verification budget
[92m[INFO] running 6 original queries [0m
[92m[INFO] running 60 tasks [0m
[92m[INFO] there is 7 processors [0m
[94m[DEBUG] created table fast_fail_79a4cc76f2_filtered_base_z3_z3_4_16_0_exp [0m
[94m[DEBUG] running ALL of fast_fail_79a4cc76f2.filtered.base.z3 [0m
[94m[DEBUG] adding 60 tasks [0m
[94m[DEBUG] worker 5 finished in 2.83 seconds [0m
[94m[DEBUG] worker 4 finished in 2.87 seconds [0m
[94m[DEBUG] worker 2 finished in 2.88 seconds [0m
[94m[DEBUG] worker 0 finished in 2.92 seconds [0m
[94m[DEBUG] worker 3 finished in 3.02 seconds [0m
[94m[DEBUG] worker 6 finished in 3.02 seconds [0m
[94m[DEBUG] worker 1 finished in 3.08 seconds [0m
[92m[INFO] workers finished [0m
[92m[INFO] done post processing exp data [0m
=== Overall Report ===

project dir:	data/projs/fast_fail_79a4cc76f2.filtered/base.z3
exper config:	filter
solver path:	bin/z3-4.16.0
analyzer:	default

| category   |   count | percentage   |
|------------|---------|--------------|
| unstable   |       4 | 66.67%       |
| stable     |       2 | 33.33%       |
| total      |       6 | 100.00 %     |

=== Report End ===
Ran mariposa on filtered queries
[92m[INFO] carving out query 2ce24263 [0m
Passed Mutants (7):
gen/fast_fail_79a4cc76f2.filtered/base.z3/filter/2ce24263.9492611760247197582.rename.smt2 - unsat - 0.33
gen/fast_fail_79a4cc76f2.filtered/base.z3/filter/2ce24263.16648940252611051621.rename.smt2 - unsat - 0.34
gen/fast_fail_79a4cc76f2.filtered/base.z3/filter/2ce24263.8458219504632622404.reseed.smt2 - unsat - 0.28
data/projs/fast_fail_79a4cc76f2.filtered/base.z3/2ce24263.smt2 - unsat - 0.33
gen/fast_fail_79a4cc76f2.filtered/base.z3/filter/2ce24263.1450552644209039959.reseed.smt2 - unsat - 0.27
gen/fast_fail_79a4cc76f2.filtered/base.z3/filter/2ce24263.16486112155749892901.rename.smt2 - unsat - 0.34
gen/fast_fail_79a4cc76f2.filtered/base.z3/filter/2ce24263.8567460460742381656.reseed.smt2 - unsat - 0.32

Failed Mutants (3):
gen/fast_fail_79a4cc76f2.filtered/base.z3/filter/2ce24263.7961267196173875306.shuffle.smt2 - unknown - 0.22
gen/fast_fail_79a4cc76f2.filtered/base.z3/filter/2ce24263.10348248227154437755.shuffle.smt2 - unknown - 0.23
gen/fast_fail_79a4cc76f2.filtered/base.z3/filter/2ce24263.11718546629020477123.shuffle.smt2 - unknown - 0.2
[92m[INFO] carving out query 32c84b0c [0m
Passed Mutants (7):
data/projs/fast_fail_79a4cc76f2.filtered/base.z3/32c84b0c.smt2 - unsat - 0.39
gen/fast_fail_79a4cc76f2.filtered/base.z3/filter/32c84b0c.9337174402972837231.rename.smt2 - unsat - 0.38
gen/fast_fail_79a4cc76f2.filtered/base.z3/filter/32c84b0c.8467602026043917867.reseed.smt2 - unsat - 0.35
gen/fast_fail_79a4cc76f2.filtered/base.z3/filter/32c84b0c.17553256275343559270.reseed.smt2 - unsat - 0.35
gen/fast_fail_79a4cc76f2.filtered/base.z3/filter/32c84b0c.17261957101612275801.rename.smt2 - unsat - 0.38
gen/fast_fail_79a4cc76f2.filtered/base.z3/filter/32c84b0c.1457321798805056303.rename.smt2 - unsat - 0.38
gen/fast_fail_79a4cc76f2.filtered/base.z3/filter/32c84b0c.12233245367875918733.reseed.smt2 - unsat - 0.31

Failed Mutants (3):
gen/fast_fail_79a4cc76f2.filtered/base.z3/filter/32c84b0c.15741638999599569976.shuffle.smt2 - unknown - 0.32
gen/fast_fail_79a4cc76f2.filtered/base.z3/filter/32c84b0c.15850176586629446286.shuffle.smt2 - unknown - 0.24
gen/fast_fail_79a4cc76f2.filtered/base.z3/filter/32c84b0c.3248127497047960765.shuffle.smt2 - unknown - 0.21
[92m[INFO] carving out query c859c230 [0m
Passed Mutants (8):
gen/fast_fail_79a4cc76f2.filtered/base.z3/filter/c859c230.15257579242827860547.rename.smt2 - unsat - 0.36
gen/fast_fail_79a4cc76f2.filtered/base.z3/filter/c859c230.12560331373414014972.shuffle.smt2 - unsat - 0.28
gen/fast_fail_79a4cc76f2.filtered/base.z3/filter/c859c230.9913445359345850015.reseed.smt2 - unsat - 0.24
data/projs/fast_fail_79a4cc76f2.filtered/base.z3/c859c230.smt2 - unsat - 0.34
gen/fast_fail_79a4cc76f2.filtered/base.z3/filter/c859c230.10765319308647234776.rename.smt2 - unsat - 0.34
gen/fast_fail_79a4cc76f2.filtered/base.z3/filter/c859c230.12284737133438308093.reseed.smt2 - unsat - 0.25
gen/fast_fail_79a4cc76f2.filtered/base.z3/filter/c859c230.6075844689306973930.rename.smt2 - unsat - 0.34
gen/fast_fail_79a4cc76f2.filtered/base.z3/filter/c859c230.17714777150172603548.reseed.smt2 - unsat - 0.22

Failed Mutants (2):
gen/fast_fail_79a4cc76f2.filtered/base.z3/filter/c859c230.8193711202910696147.shuffle.smt2 - unknown - 0.37
gen/fast_fail_79a4cc76f2.filtered/base.z3/filter/c859c230.10767719738866573242.shuffle.smt2 - unknown - 0.3
[92m[INFO] carving out query fb9e5c4f [0m
Passed Mutants (8):
gen/fast_fail_79a4cc76f2.filtered/base.z3/filter/fb9e5c4f.4372236090764067152.reseed.smt2 - unsat - 0.34
gen/fast_fail_79a4cc76f2.filtered/base.z3/filter/fb9e5c4f.8874826264758752352.shuffle.smt2 - unsat - 0.33
gen/fast_fail_79a4cc76f2.filtered/base.z3/filter/fb9e5c4f.11711490549877495651.reseed.smt2 - unsat - 0.39
gen/fast_fail_79a4cc76f2.filtered/base.z3/filter/fb9e5c4f.13011128180717741094.reseed.smt2 - unsat - 0.35
gen/fast_fail_79a4cc76f2.filtered/base.z3/filter/fb9e5c4f.16426425479695681377.rename.smt2 - unsat - 0.36
gen/fast_fail_79a4cc76f2.filtered/base.z3/filter/fb9e5c4f.9580257193542944045.rename.smt2 - unsat - 0.36
data/projs/fast_fail_79a4cc76f2.filtered/base.z3/fb9e5c4f.smt2 - unsat - 0.36
gen/fast_fail_79a4cc76f2.filtered/base.z3/filter/fb9e5c4f.15110003636926456382.rename.smt2 - unsat - 0.35

Failed Mutants (2):
gen/fast_fail_79a4cc76f2.filtered/base.z3/filter/fb9e5c4f.5910724793273954548.shuffle.smt2 - unknown - 0.2
gen/fast_fail_79a4cc76f2.filtered/base.z3/filter/fb9e5c4f.13626053600521118044.shuffle.smt2 - unknown - 0.34
[92m[INFO] removed 4 queries, 2 remaining [0m
Carved out unstable queries
Ran early-stop stability checks until a stable fix was found
Checking candidates by increasing vanilla verification time
Checking candidate 1/2 for stability: data/projs/fast_fail_79a4cc76f2.filtered/base.z3/8ab12f96.smt2
[92m[INFO] removing gen/sproj_single_e544316c29 [0m
[92m[INFO] using 60s solver timeout (capped by analyzer 60sec) [0m
[94m[DEBUG] created table single_e544316c29_base_z3_z3_4_16_0_exp [0m
[92m[INFO] running 1 original queries [0m
[94m[DEBUG] running ALL of single_e544316c29.base.z3 [0m
[94m[DEBUG] adding 181 tasks [0m
=== stable (1) ===
query path: gen/sproj_single_e544316c29/8ab12f96.smt2
Found a stable fix; stopping further stability checks
Got list of fixes
Found 1 fix(es):
    8ab12f96: inst_replace prelude_fuel_defaults -> data/projs/fast_fail_79a4cc76f2/base.z3/8ab12f96.smt2

=== Caza external-call time (wall clock) ===
    0.70s  initial stability check
    0.05s  build debugger trace and proof
    0.92s  finding fixes
    0.79s  verify candidates
    0.01s  filter broken candidates
    3.76s  filter candidates experiment
    0.88s  carve unstable candidates
    8.12s  early stability check 8ab12f96.smt2
   15.23s  total

================================================================================
[58/73] Caza query finished 2026-08-25T17:37:18
exit status: 0
================================================================================

================================================================================
[59/73] Caza query started 2026-08-25T17:37:18
query: /home/youjia/mariposa/data/verita_bad/verified-storage-multilog__multilog__inv_v.17.smt2
command: /usr/bin/python3 -u /home/youjia/mariposa/src/caza_wizard.py --set-seed 0x87654321 --early --fast-proof --sort time /home/youjia/mariposa/data/verita_bad/verified-storage-multilog__multilog__inv_v.17.smt2
================================================================================
Parsing...
Checking whether the input query is already stable
[92m[INFO] removing gen/sproj_single_c6f06ac71d [0m
[92m[INFO] using 60s solver timeout (capped by analyzer 60sec) [0m
[94m[DEBUG] created table single_c6f06ac71d_base_z3_z3_4_16_0_exp [0m
[92m[INFO] running 1 original queries [0m
[94m[DEBUG] running ALL of single_c6f06ac71d.base.z3 [0m
[94m[DEBUG] adding 181 tasks [0m
[92m[INFO] criteria: vanilla=unsat@0.270s; groups: shuffle=[unsat@0.200s, unsat@0.207s, unsat@0.220s, unsat@0.238s, unknown@0.258s, unsat@0.265s, unknown@0.222s, unknown@0.174s, unknown@0.224s] (51 mutant result(s) pending); rename=[] (60 mutant result(s) pending); reseed=[] (60 mutant result(s) pending); possible final categories=[unsolvable, unstable] [0m
[92m[INFO] early decision: gen/sproj_single_c6f06ac71d/verified-storage-multilog__multilog__inv_v.17.smt2 -> not_stable; skipping 165 queued tasks [0m
=== stable (0) ===
Starting Cazamariposas
[92m[INFO] [init] loaded cached artifacts: traces=2, cores=3, proofs=3 [0m
[92m[INFO] [init] cached-proofs-only: skipping trace, core, and proof construction [0m
[92m[INFO] [init] dbg root: dbg/c6f06ac71d/ [0m
[92m[INFO] [init] c6f06ac71d auto selected DbgMode.FAST_FAIL [0m
Found failure trace and proof object
[94m[DEBUG] [edit] proof path: dbg/c6f06ac71d/proofs/rename.191134073603777486.proof [0m
[94m[DEBUG] [edit] trace path: dbg/c6f06ac71d/traces/shuffle.12420925493754069455 [0m
7a45c9a208d81501dad7b05c2756a032.pickle
[93m[WARN] [differ] qid constructor_accessor_axiom not found in dbg/c6f06ac71d/orig.smt2 [0m
[93m[WARN] [differ] qid <null> not found in dbg/c6f06ac71d/orig.smt2 [0m
[92m[INFO] [edit] [inst] prelude_unbox_box_int 33 instances [0m
[92m[INFO] [edit] written to data/projs/fast_fail_c6f06ac71d/base.z3/7e1bcc27.smt2 [0m
[92m[INFO] [edit] [inst] prelude_fuel_defaults 47 instances [0m
[92m[INFO] [edit] [erase] prelude_fuel_defaults [0m
[92m[INFO] [edit] written to data/projs/fast_fail_c6f06ac71d/base.z3/8ab12f96.smt2 [0m
[92m[INFO] [edit] [inst] mariposa_qid_2 2 instances [0m
[92m[INFO] [edit] written to data/projs/fast_fail_c6f06ac71d/base.z3/32c84b0c.smt2 [0m
[92m[INFO] [edit] [inst] prelude_add 28 instances [0m
[92m[INFO] [edit] written to data/projs/fast_fail_c6f06ac71d/base.z3/b64ee6ef.smt2 [0m
[92m[INFO] [edit] [inst] prelude_nat_clip 34 instances [0m
[92m[INFO] [edit] [erase] prelude_nat_clip [0m
[92m[INFO] [edit] written to data/projs/fast_fail_c6f06ac71d/base.z3/0bbd00e5.smt2 [0m
[92m[INFO] [edit] [inst] user_vstd__seq__lemma_seq_new_index_4 6 instances [0m
[92m[INFO] [edit] written to data/projs/fast_fail_c6f06ac71d/base.z3/fb9e5c4f.smt2 [0m
[92m[INFO] [edit] [inst] prelude_has_type_int 15 instances [0m
[92m[INFO] [edit] written to data/projs/fast_fail_c6f06ac71d/base.z3/11c97c25.smt2 [0m
[93m[WARN] [edit] qid mariposa_qid_3 has no feasible actions [0m
[94m[DEBUG] [edit] 346a04cf failed [0m
[92m[INFO] [edit] [inst] internal_vstd__seq__Seq<u8.>_unbox_axiom_definition 21 instances [0m
[92m[INFO] [edit] [erase] internal_vstd__seq__Seq<u8.>_unbox_axiom_definition [0m
[92m[INFO] [edit] written to data/projs/fast_fail_c6f06ac71d/base.z3/82ffdc07.smt2 [0m
[92m[INFO] [edit] [inst] internal_vstd!seq.Seq.index.?_pre_post_definition 6 instances [0m
[92m[INFO] [edit] written to data/projs/fast_fail_c6f06ac71d/base.z3/c859c230.smt2 [0m
[92m[INFO] [edit] [inst] prelude_sub 19 instances [0m
[92m[INFO] [edit] [erase] prelude_sub [0m
[92m[INFO] [edit] written to data/projs/fast_fail_c6f06ac71d/base.z3/4cdcaea2.smt2 [0m
Produced candidate smt2 files
[94m[DEBUG] created table fast_fail_c6f06ac71d_base_z3_z3_4_16_0_exp [0m
[92m[INFO] running 10 original queries [0m
[94m[DEBUG] running ALL of fast_fail_c6f06ac71d.base.z3 [0m
[94m[DEBUG] adding 10 tasks [0m
[92m[INFO] running 10 tasks [0m
[92m[INFO] there is 4 processors [0m
[94m[DEBUG] worker 3 finished in 0.44 seconds [0m
[94m[DEBUG] worker 2 finished in 0.5 seconds [0m
[94m[DEBUG] worker 0 finished in 0.55 seconds [0m
[94m[DEBUG] worker 1 finished in 0.59 seconds [0m
[92m[INFO] workers finished [0m
[92m[INFO] done post processing exp data [0m
verify candidate 4cdcaea2: 0.167s; rank=10; p=3; t=0.167
verify candidate 0bbd00e5: 0.186s; rank=5; p=4; t=0.186
verify candidate 8ab12f96: 0.212s; rank=2; p=6; t=0.212
verify candidate c859c230: 0.237s; rank=9; p=3; t=0.237
verify candidate 32c84b0c: 0.241s; rank=3; p=5; t=0.241
verify candidate fb9e5c4f: 0.241s; rank=6; p=4; t=0.241
verify candidate 82ffdc07: 0.255s; rank=8; p=3; t=0.255
selected 7 verified candidates to data/projs/fast_fail_c6f06ac71d.filtered/base.z3 with 1.539s vanilla verification budget
[92m[INFO] running 7 original queries [0m
[92m[INFO] running 70 tasks [0m
[92m[INFO] there is 7 processors [0m
[94m[DEBUG] created table fast_fail_c6f06ac71d_filtered_base_z3_z3_4_16_0_exp [0m
[94m[DEBUG] running ALL of fast_fail_c6f06ac71d.filtered.base.z3 [0m
[94m[DEBUG] adding 70 tasks [0m
[94m[DEBUG] worker 6 finished in 2.51 seconds [0m
[94m[DEBUG] worker 3 finished in 2.57 seconds [0m
[94m[DEBUG] worker 2 finished in 2.58 seconds [0m
[94m[DEBUG] worker 1 finished in 2.64 seconds [0m
[94m[DEBUG] worker 4 finished in 2.69 seconds [0m
[94m[DEBUG] worker 5 finished in 2.7 seconds [0m
[94m[DEBUG] worker 0 finished in 2.75 seconds [0m
[92m[INFO] workers finished [0m
[92m[INFO] done post processing exp data [0m
=== Overall Report ===

project dir:	data/projs/fast_fail_c6f06ac71d.filtered/base.z3
exper config:	filter
solver path:	bin/z3-4.16.0
analyzer:	default

| category   |   count | percentage   |
|------------|---------|--------------|
| unstable   |       4 | 57.14%       |
| stable     |       3 | 42.86%       |
| total      |       7 | 100.00 %     |

=== Report End ===
Ran mariposa on filtered queries
[92m[INFO] carving out query 32c84b0c [0m
Passed Mutants (9):
gen/fast_fail_c6f06ac71d.filtered/base.z3/filter/32c84b0c.8737788527110013491.reseed.smt2 - unsat - 0.26
gen/fast_fail_c6f06ac71d.filtered/base.z3/filter/32c84b0c.13064342758746352503.reseed.smt2 - unsat - 0.27
gen/fast_fail_c6f06ac71d.filtered/base.z3/filter/32c84b0c.14251189937468374262.rename.smt2 - unsat - 0.27
gen/fast_fail_c6f06ac71d.filtered/base.z3/filter/32c84b0c.5868194971471227311.rename.smt2 - unsat - 0.26
gen/fast_fail_c6f06ac71d.filtered/base.z3/filter/32c84b0c.16987026805369907110.shuffle.smt2 - unsat - 0.18
data/projs/fast_fail_c6f06ac71d.filtered/base.z3/32c84b0c.smt2 - unsat - 0.26
gen/fast_fail_c6f06ac71d.filtered/base.z3/filter/32c84b0c.11519423602277870378.shuffle.smt2 - unsat - 0.24
gen/fast_fail_c6f06ac71d.filtered/base.z3/filter/32c84b0c.18389739935539453859.reseed.smt2 - unsat - 0.25
gen/fast_fail_c6f06ac71d.filtered/base.z3/filter/32c84b0c.2950088778188950592.rename.smt2 - unsat - 0.24

Failed Mutants (1):
gen/fast_fail_c6f06ac71d.filtered/base.z3/filter/32c84b0c.8410571505909385632.shuffle.smt2 - unknown - 0.21
[92m[INFO] carving out query 82ffdc07 [0m
Passed Mutants (9):
data/projs/fast_fail_c6f06ac71d.filtered/base.z3/82ffdc07.smt2 - unsat - 0.28
gen/fast_fail_c6f06ac71d.filtered/base.z3/filter/82ffdc07.10923584897425002669.shuffle.smt2 - unsat - 0.26
gen/fast_fail_c6f06ac71d.filtered/base.z3/filter/82ffdc07.7299384741805517173.reseed.smt2 - unsat - 0.26
gen/fast_fail_c6f06ac71d.filtered/base.z3/filter/82ffdc07.5018770982017605928.shuffle.smt2 - unsat - 0.27
gen/fast_fail_c6f06ac71d.filtered/base.z3/filter/82ffdc07.7680360594885811420.rename.smt2 - unsat - 0.28
gen/fast_fail_c6f06ac71d.filtered/base.z3/filter/82ffdc07.7525575475271183839.reseed.smt2 - unsat - 0.28
gen/fast_fail_c6f06ac71d.filtered/base.z3/filter/82ffdc07.9027700119734185180.rename.smt2 - unsat - 0.29
gen/fast_fail_c6f06ac71d.filtered/base.z3/filter/82ffdc07.269419353636170589.rename.smt2 - unsat - 0.29
gen/fast_fail_c6f06ac71d.filtered/base.z3/filter/82ffdc07.4415968327775304012.reseed.smt2 - unsat - 0.26

Failed Mutants (1):
gen/fast_fail_c6f06ac71d.filtered/base.z3/filter/82ffdc07.4851394073215084298.shuffle.smt2 - unknown - 0.19
[92m[INFO] carving out query c859c230 [0m
Passed Mutants (8):
gen/fast_fail_c6f06ac71d.filtered/base.z3/filter/c859c230.4724735111773390911.reseed.smt2 - unsat - 0.28
gen/fast_fail_c6f06ac71d.filtered/base.z3/filter/c859c230.7663091289294739626.reseed.smt2 - unsat - 0.28
gen/fast_fail_c6f06ac71d.filtered/base.z3/filter/c859c230.13202683155568963601.rename.smt2 - unsat - 0.26
gen/fast_fail_c6f06ac71d.filtered/base.z3/filter/c859c230.6600085442932906418.shuffle.smt2 - unsat - 0.18
data/projs/fast_fail_c6f06ac71d.filtered/base.z3/c859c230.smt2 - unsat - 0.26
gen/fast_fail_c6f06ac71d.filtered/base.z3/filter/c859c230.12561181876510075612.rename.smt2 - unsat - 0.27
gen/fast_fail_c6f06ac71d.filtered/base.z3/filter/c859c230.9704839090866283783.reseed.smt2 - unsat - 0.29
gen/fast_fail_c6f06ac71d.filtered/base.z3/filter/c859c230.12775972123932821380.rename.smt2 - unsat - 0.27

Failed Mutants (2):
gen/fast_fail_c6f06ac71d.filtered/base.z3/filter/c859c230.1458253271371168754.shuffle.smt2 - unknown - 0.22
gen/fast_fail_c6f06ac71d.filtered/base.z3/filter/c859c230.205723407443612778.shuffle.smt2 - unknown - 0.2
[92m[INFO] carving out query fb9e5c4f [0m
Passed Mutants (9):
gen/fast_fail_c6f06ac71d.filtered/base.z3/filter/fb9e5c4f.17637456852985678037.shuffle.smt2 - unsat - 0.26
gen/fast_fail_c6f06ac71d.filtered/base.z3/filter/fb9e5c4f.13929301394903177952.rename.smt2 - unsat - 0.27
gen/fast_fail_c6f06ac71d.filtered/base.z3/filter/fb9e5c4f.16250284800788876322.reseed.smt2 - unsat - 0.25
data/projs/fast_fail_c6f06ac71d.filtered/base.z3/fb9e5c4f.smt2 - unsat - 0.26
gen/fast_fail_c6f06ac71d.filtered/base.z3/filter/fb9e5c4f.9276202542491450928.reseed.smt2 - unsat - 0.25
gen/fast_fail_c6f06ac71d.filtered/base.z3/filter/fb9e5c4f.8058790326019624631.shuffle.smt2 - unsat - 0.25
gen/fast_fail_c6f06ac71d.filtered/base.z3/filter/fb9e5c4f.7940408296431642767.rename.smt2 - unsat - 0.26
gen/fast_fail_c6f06ac71d.filtered/base.z3/filter/fb9e5c4f.12753233657321143724.rename.smt2 - unsat - 0.26
gen/fast_fail_c6f06ac71d.filtered/base.z3/filter/fb9e5c4f.8381111566674023921.reseed.smt2 - unsat - 0.26

Failed Mutants (1):
gen/fast_fail_c6f06ac71d.filtered/base.z3/filter/fb9e5c4f.8248889951224192409.shuffle.smt2 - unknown - 0.18
[92m[INFO] removed 4 queries, 3 remaining [0m
Carved out unstable queries
Ran early-stop stability checks until a stable fix was found
Checking candidates by increasing vanilla verification time
Checking candidate 1/3 for stability: data/projs/fast_fail_c6f06ac71d.filtered/base.z3/4cdcaea2.smt2
[92m[INFO] using 60s solver timeout (capped by analyzer 60sec) [0m
[94m[DEBUG] created table single_04ed444060_base_z3_z3_4_16_0_exp [0m
[92m[INFO] running 1 original queries [0m
[94m[DEBUG] running ALL of single_04ed444060.base.z3 [0m
[94m[DEBUG] adding 181 tasks [0m
=== stable (1) ===
query path: gen/sproj_single_04ed444060/4cdcaea2.smt2
Found a stable fix; stopping further stability checks
Got list of fixes
Found 1 fix(es):
    4cdcaea2: inst_replace prelude_sub -> data/projs/fast_fail_c6f06ac71d/base.z3/4cdcaea2.smt2

=== Caza external-call time (wall clock) ===
    0.77s  initial stability check
    0.05s  build debugger trace and proof
    0.89s  finding fixes
    0.63s  verify candidates
    0.01s  filter broken candidates
    3.43s  filter candidates experiment
    0.88s  carve unstable candidates
    6.37s  early stability check 4cdcaea2.smt2
   13.02s  total

================================================================================
[59/73] Caza query finished 2026-08-25T17:37:32
exit status: 0
================================================================================

================================================================================
[60/73] Caza query started 2026-08-25T17:37:32
query: /home/youjia/mariposa/data/verita_bad/verified-storage-multilog__multilog__inv_v.2.smt2
command: /usr/bin/python3 -u /home/youjia/mariposa/src/caza_wizard.py --set-seed 0x87654321 --early --fast-proof --sort time /home/youjia/mariposa/data/verita_bad/verified-storage-multilog__multilog__inv_v.2.smt2
================================================================================
Parsing...
Checking whether the input query is already stable
[92m[INFO] removing gen/sproj_single_737c951661 [0m
[92m[INFO] using 60s solver timeout (capped by analyzer 60sec) [0m
[94m[DEBUG] created table single_737c951661_base_z3_z3_4_16_0_exp [0m
[92m[INFO] running 1 original queries [0m
[94m[DEBUG] running ALL of single_737c951661.base.z3 [0m
[94m[DEBUG] adding 181 tasks [0m
[92m[INFO] criteria: vanilla=unsat@0.245s; groups: shuffle=[unknown@0.183s, unsat@0.193s, unsat@0.185s, unsat@0.196s, unsat@0.230s, unknown@0.230s, unknown@0.173s, unknown@0.169s] (52 mutant result(s) pending); rename=[] (60 mutant result(s) pending); reseed=[] (60 mutant result(s) pending); possible final categories=[unsolvable, unstable] [0m
[92m[INFO] early decision: gen/sproj_single_737c951661/verified-storage-multilog__multilog__inv_v.2.smt2 -> not_stable; skipping 166 queued tasks [0m
=== stable (0) ===
Starting Cazamariposas
[92m[INFO] [init] loaded cached artifacts: traces=2, cores=4, proofs=4 [0m
[92m[INFO] [init] cached-proofs-only: skipping trace, core, and proof construction [0m
[92m[INFO] [init] dbg root: dbg/737c951661/ [0m
[92m[INFO] [init] 737c951661 auto selected DbgMode.FAST_FAIL [0m
Found failure trace and proof object
[94m[DEBUG] [edit] proof path: dbg/737c951661/proofs/rename.191134073603777486.proof [0m
[94m[DEBUG] [edit] trace path: dbg/737c951661/traces/shuffle.12420925493754069455 [0m
b781b7667b344c912ea11b1f80b6a1ef.pickle
[93m[WARN] [differ] qid constructor_accessor_axiom not found in dbg/737c951661/orig.smt2 [0m
[93m[WARN] [differ] qid <null> not found in dbg/737c951661/orig.smt2 [0m
[92m[INFO] [edit] [inst] prelude_fuel_defaults 53 instances [0m
[92m[INFO] [edit] [erase] prelude_fuel_defaults [0m
[92m[INFO] [edit] written to data/projs/fast_fail_737c951661/base.z3/8ab12f96.smt2 [0m
[92m[INFO] [edit] [inst] prelude_unbox_box_int 37 instances [0m
[92m[INFO] [edit] written to data/projs/fast_fail_737c951661/base.z3/7e1bcc27.smt2 [0m
[92m[INFO] [edit] [inst] prelude_add 30 instances [0m
[92m[INFO] [edit] written to data/projs/fast_fail_737c951661/base.z3/b64ee6ef.smt2 [0m
[92m[INFO] [edit] [inst] prelude_nat_clip 31 instances [0m
[92m[INFO] [edit] [erase] prelude_nat_clip [0m
[92m[INFO] [edit] written to data/projs/fast_fail_737c951661/base.z3/0bbd00e5.smt2 [0m
[92m[INFO] [edit] [inst] prelude_has_type_int 15 instances [0m
[92m[INFO] [edit] written to data/projs/fast_fail_737c951661/base.z3/11c97c25.smt2 [0m
[93m[WARN] [edit] qid user_vstd__seq__lemma_seq_subrange_index_10 has no feasible actions [0m
[94m[DEBUG] [edit] fbc597e4 failed [0m
[92m[INFO] [edit] [inst] prelude_sub 15 instances [0m
[92m[INFO] [edit] written to data/projs/fast_fail_737c951661/base.z3/799880e0.smt2 [0m
[92m[INFO] [edit] [inst] internal_vstd__seq__Seq<u8.>_unbox_axiom_definition 16 instances [0m
[92m[INFO] [edit] [erase] internal_vstd__seq__Seq<u8.>_unbox_axiom_definition [0m
[92m[INFO] [edit] written to data/projs/fast_fail_737c951661/base.z3/82ffdc07.smt2 [0m
[92m[INFO] [edit] [inst] user_vstd__seq__lemma_seq_subrange_len_9 15 instances [0m
[92m[INFO] [edit] [erase] user_vstd__seq__lemma_seq_subrange_len_9 [0m
[92m[INFO] [edit] written to data/projs/fast_fail_737c951661/base.z3/2094487f.smt2 [0m
[94m[DEBUG] [skolem] k$!skolem_user_multilog__pmem__pmemspec_t__PersistentMemoryRegionView__no_outstanding_writes_in_range_19!0 -> skv_ce0ad98d0915d053_1 [0m
[92m[INFO] [edit] [skolem] internal_multilog!pmem.pmemspec_t.impl&__8.no_outstanding_writes_in_range.?_definition creates 1 skolem funs, 1 asserts [0m
(assert (=> (fuel_bool fuel%multilog!pmem.pmemspec_t.impl&%8.no_outstanding_writes_in_range.) (forall ((self! Poly) (i! Poly) (j! Poly)) (! (= (multilog!pmem.pmemspec_t.impl&%8.no_outstanding_writes_in_range.? self! i! j!) (forall ((k$ Poly)) (! (=> (has_type k$ INT) (=> (let ((tmp%%$ (%I i!))) (let ((tmp%%$1 (%I k$))) (let ((tmp%%$2 (%I j!))) (and (<= tmp%%$ tmp%%$1) (< tmp%%$1 tmp%%$2))))) ((_ is core!option.Option./None) (multilog!pmem.pmemspec_t.PersistentMemoryByte./PersistentMemoryByte/outstanding_write (%Poly%multilog!pmem.pmemspec_t.PersistentMemoryByte. (vstd!seq.Seq.index.? $ TYPE%multilog!pmem.pmemspec_t.PersistentMemoryByte. (Poly%vstd!seq.Seq<multilog!pmem.pmemspec_t.PersistentMemoryByte.>. (multilog!pmem.pmemspec_t.PersistentMemoryRegionView./PersistentMemoryRegionView/state (%Poly%multilog!pmem.pmemspec_t.PersistentMemoryRegionView. self!))) k$)))))) :pattern ((multilog!pmem.pmemspec_t.PersistentMemoryByte./PersistentMemoryByte/outstanding_write (%Poly%multilog!pmem.pmemspec_t.PersistentMemoryByte. (vstd!seq.Seq.index.? $ TYPE%multilog!pmem.pmemspec_t.PersistentMemoryByte. (Poly%vstd!seq.Seq<multilog!pmem.pmemspec_t.PersistentMemoryByte.>. (multilog!pmem.pmemspec_t.PersistentMemoryRegionView./PersistentMemoryRegionView/state (%Poly%multilog!pmem.pmemspec_t.PersistentMemoryRegionView. self!))) k$)))) :qid user_multilog__pmem__pmemspec_t__PersistentMemoryRegionView__no_outstanding_writes_in_range_19 :skolemid skolem_user_multilog__pmem__pmemspec_t__PersistentMemoryRegionView__no_outstanding_writes_in_range_19))) :pattern ((multilog!pmem.pmemspec_t.impl&%8.no_outstanding_writes_in_range.? self! i! j!)) :qid internal_multilog!pmem.pmemspec_t.impl&__8.no_outstanding_writes_in_range.?_definition :skolemid skolem_internal_multilog!pmem.pmemspec_t.impl&__8.no_outstanding_writes_in_range.?_definition))))
[92m[INFO] [edit] [banish] internal_multilog!pmem.pmemspec_t.impl&__8.no_outstanding_writes_in_range.?_definition [0m
[93m[WARN] failed to banish internal_multilog!pmem.pmemspec_t.impl&__8.no_outstanding_writes_in_range.?_definition [0m
[92m[INFO] [edit] written to data/projs/fast_fail_737c951661/base.z3/1505135a.smt2 [0m
[92m[INFO] [edit] [inst] internal_vstd!seq.Seq.subrange.?_pre_post_definition 12 instances [0m
[92m[INFO] [edit] [erase] internal_vstd!seq.Seq.subrange.?_pre_post_definition [0m
[92m[INFO] [edit] written to data/projs/fast_fail_737c951661/base.z3/58a52ee2.smt2 [0m
Produced candidate smt2 files
[94m[DEBUG] created table fast_fail_737c951661_base_z3_z3_4_16_0_exp [0m
[92m[INFO] running 10 original queries [0m
[94m[DEBUG] running ALL of fast_fail_737c951661.base.z3 [0m
[94m[DEBUG] adding 10 tasks [0m
[92m[INFO] running 10 tasks [0m
[92m[INFO] there is 4 processors [0m
[94m[DEBUG] worker 1 finished in 0.49 seconds [0m
[94m[DEBUG] worker 2 finished in 0.51 seconds [0m
[94m[DEBUG] worker 3 finished in 0.52 seconds [0m
[94m[DEBUG] worker 0 finished in 0.55 seconds [0m
[92m[INFO] workers finished [0m
[92m[INFO] done post processing exp data [0m
verify candidate 799880e0: 0.169s; rank=6; p=4; t=0.169
verify candidate 0bbd00e5: 0.190s; rank=4; p=4; t=0.190
verify candidate 2094487f: 0.195s; rank=8; p=3; t=0.195
verify candidate 1505135a: 0.216s; rank=9; p=3; t=0.216
verify candidate 8ab12f96: 0.236s; rank=1; p=8; t=0.236
verify candidate 58a52ee2: 0.246s; rank=10; p=3; t=0.246
verify candidate 82ffdc07: 0.319s; rank=7; p=4; t=0.319
selected 7 verified candidates to data/projs/fast_fail_737c951661.filtered/base.z3 with 1.571s vanilla verification budget
[92m[INFO] running 7 original queries [0m
[92m[INFO] running 70 tasks [0m
[92m[INFO] there is 7 processors [0m
[94m[DEBUG] created table fast_fail_737c951661_filtered_base_z3_z3_4_16_0_exp [0m
[94m[DEBUG] running ALL of fast_fail_737c951661.filtered.base.z3 [0m
[94m[DEBUG] adding 70 tasks [0m
[94m[DEBUG] worker 0 finished in 2.55 seconds [0m
[94m[DEBUG] worker 4 finished in 2.66 seconds [0m
[94m[DEBUG] worker 2 finished in 2.67 seconds [0m
[94m[DEBUG] worker 5 finished in 2.71 seconds [0m
[94m[DEBUG] worker 1 finished in 2.72 seconds [0m
[94m[DEBUG] worker 3 finished in 2.73 seconds [0m
[94m[DEBUG] worker 6 finished in 2.74 seconds [0m
[92m[INFO] workers finished [0m
[92m[INFO] done post processing exp data [0m
=== Overall Report ===

project dir:	data/projs/fast_fail_737c951661.filtered/base.z3
exper config:	filter
solver path:	bin/z3-4.16.0
analyzer:	default

| category   |   count | percentage   |
|------------|---------|--------------|
| unstable   |       4 | 57.14%       |
| stable     |       3 | 42.86%       |
| total      |       7 | 100.00 %     |

=== Report End ===
Ran mariposa on filtered queries
[92m[INFO] carving out query 1505135a [0m
Passed Mutants (8):
gen/fast_fail_737c951661.filtered/base.z3/filter/1505135a.13958616607350851352.reseed.smt2 - unsat - 0.25
gen/fast_fail_737c951661.filtered/base.z3/filter/1505135a.18328977262158975242.reseed.smt2 - unsat - 0.25
gen/fast_fail_737c951661.filtered/base.z3/filter/1505135a.5427605615221881516.shuffle.smt2 - unsat - 0.27
gen/fast_fail_737c951661.filtered/base.z3/filter/1505135a.10660056127292267435.rename.smt2 - unsat - 0.24
gen/fast_fail_737c951661.filtered/base.z3/filter/1505135a.4649895551688381645.reseed.smt2 - unsat - 0.25
gen/fast_fail_737c951661.filtered/base.z3/filter/1505135a.7239677392634383362.rename.smt2 - unsat - 0.24
data/projs/fast_fail_737c951661.filtered/base.z3/1505135a.smt2 - unsat - 0.23
gen/fast_fail_737c951661.filtered/base.z3/filter/1505135a.12713612864892504463.rename.smt2 - unsat - 0.23

Failed Mutants (2):
gen/fast_fail_737c951661.filtered/base.z3/filter/1505135a.17357324188684585501.shuffle.smt2 - unknown - 0.23
gen/fast_fail_737c951661.filtered/base.z3/filter/1505135a.15277127926043887893.shuffle.smt2 - unknown - 0.17
[92m[INFO] carving out query 2094487f [0m
Passed Mutants (9):
gen/fast_fail_737c951661.filtered/base.z3/filter/2094487f.7527561890653720817.shuffle.smt2 - unsat - 0.19
gen/fast_fail_737c951661.filtered/base.z3/filter/2094487f.6793698159693355337.reseed.smt2 - unsat - 0.19
gen/fast_fail_737c951661.filtered/base.z3/filter/2094487f.4907247673582794476.shuffle.smt2 - unsat - 0.21
gen/fast_fail_737c951661.filtered/base.z3/filter/2094487f.1190782309653930278.reseed.smt2 - unsat - 0.2
data/projs/fast_fail_737c951661.filtered/base.z3/2094487f.smt2 - unsat - 0.21
gen/fast_fail_737c951661.filtered/base.z3/filter/2094487f.7496870900589057060.rename.smt2 - unsat - 0.22
gen/fast_fail_737c951661.filtered/base.z3/filter/2094487f.2191216120470359978.reseed.smt2 - unsat - 0.19
gen/fast_fail_737c951661.filtered/base.z3/filter/2094487f.4243512384522541722.rename.smt2 - unsat - 0.21
gen/fast_fail_737c951661.filtered/base.z3/filter/2094487f.7131727082147609372.rename.smt2 - unsat - 0.21

Failed Mutants (1):
gen/fast_fail_737c951661.filtered/base.z3/filter/2094487f.592160897103272958.shuffle.smt2 - unknown - 0.17
[92m[INFO] carving out query 58a52ee2 [0m
Passed Mutants (7):
gen/fast_fail_737c951661.filtered/base.z3/filter/58a52ee2.16204342736653792055.reseed.smt2 - unsat - 0.28
gen/fast_fail_737c951661.filtered/base.z3/filter/58a52ee2.12622885310453212830.rename.smt2 - unsat - 0.28
gen/fast_fail_737c951661.filtered/base.z3/filter/58a52ee2.15466537088716470877.rename.smt2 - unsat - 0.27
gen/fast_fail_737c951661.filtered/base.z3/filter/58a52ee2.656923926785465215.rename.smt2 - unsat - 0.28
gen/fast_fail_737c951661.filtered/base.z3/filter/58a52ee2.14695316243352054021.reseed.smt2 - unsat - 0.28
gen/fast_fail_737c951661.filtered/base.z3/filter/58a52ee2.18410772977750506622.reseed.smt2 - unsat - 0.29
data/projs/fast_fail_737c951661.filtered/base.z3/58a52ee2.smt2 - unsat - 0.28

Failed Mutants (3):
gen/fast_fail_737c951661.filtered/base.z3/filter/58a52ee2.825213310240983828.shuffle.smt2 - unknown - 0.23
gen/fast_fail_737c951661.filtered/base.z3/filter/58a52ee2.15738296945021151187.shuffle.smt2 - unknown - 0.2
gen/fast_fail_737c951661.filtered/base.z3/filter/58a52ee2.1272356434451446449.shuffle.smt2 - unknown - 0.22
[92m[INFO] carving out query 82ffdc07 [0m
Passed Mutants (8):
gen/fast_fail_737c951661.filtered/base.z3/filter/82ffdc07.13883662166469799073.reseed.smt2 - unsat - 0.31
gen/fast_fail_737c951661.filtered/base.z3/filter/82ffdc07.12828622075569538229.rename.smt2 - unsat - 0.37
gen/fast_fail_737c951661.filtered/base.z3/filter/82ffdc07.2402103326803454783.rename.smt2 - unsat - 0.37
gen/fast_fail_737c951661.filtered/base.z3/filter/82ffdc07.1672169314392061625.reseed.smt2 - unsat - 0.32
gen/fast_fail_737c951661.filtered/base.z3/filter/82ffdc07.16913054330589423769.shuffle.smt2 - unsat - 0.22
gen/fast_fail_737c951661.filtered/base.z3/filter/82ffdc07.882249595634081900.reseed.smt2 - unsat - 0.33
gen/fast_fail_737c951661.filtered/base.z3/filter/82ffdc07.5903062689990977259.rename.smt2 - unsat - 0.36
data/projs/fast_fail_737c951661.filtered/base.z3/82ffdc07.smt2 - unsat - 0.36

Failed Mutants (2):
gen/fast_fail_737c951661.filtered/base.z3/filter/82ffdc07.9089509186072925508.shuffle.smt2 - unknown - 0.24
gen/fast_fail_737c951661.filtered/base.z3/filter/82ffdc07.9617260836715700307.shuffle.smt2 - unknown - 0.26
[92m[INFO] removed 4 queries, 3 remaining [0m
Carved out unstable queries
Ran early-stop stability checks until a stable fix was found
Checking candidates by increasing vanilla verification time
Checking candidate 1/3 for stability: data/projs/fast_fail_737c951661.filtered/base.z3/799880e0.smt2
[92m[INFO] using 60s solver timeout (capped by analyzer 60sec) [0m
[94m[DEBUG] created table single_6507aaf858_base_z3_z3_4_16_0_exp [0m
[92m[INFO] running 1 original queries [0m
[94m[DEBUG] running ALL of single_6507aaf858.base.z3 [0m
[94m[DEBUG] adding 181 tasks [0m
=== stable (1) ===
query path: gen/sproj_single_6507aaf858/799880e0.smt2
Found a stable fix; stopping further stability checks
Got list of fixes
Found 1 fix(es):
    799880e0: inst_keep prelude_sub -> data/projs/fast_fail_737c951661/base.z3/799880e0.smt2

=== Caza external-call time (wall clock) ===
    0.68s  initial stability check
    0.05s  build debugger trace and proof
    0.79s  finding fixes
    0.59s  verify candidates
    0.00s  filter broken candidates
    3.34s  filter candidates experiment
    0.87s  carve unstable candidates
    6.29s  early stability check 799880e0.smt2
   12.61s  total

================================================================================
[60/73] Caza query finished 2026-08-25T17:37:45
exit status: 0
================================================================================

================================================================================
[61/73] Caza query started 2026-08-25T17:37:45
query: /home/youjia/mariposa/data/verita_bad/verified-storage-multilog__multilog__inv_v.7.smt2
command: /usr/bin/python3 -u /home/youjia/mariposa/src/caza_wizard.py --set-seed 0x87654321 --early --fast-proof --sort time /home/youjia/mariposa/data/verita_bad/verified-storage-multilog__multilog__inv_v.7.smt2
================================================================================
Parsing...
Checking whether the input query is already stable
[92m[INFO] removing gen/sproj_single_c5835e0da5 [0m
[92m[INFO] using 60s solver timeout (capped by analyzer 60sec) [0m
[94m[DEBUG] created table single_c5835e0da5_base_z3_z3_4_16_0_exp [0m
[92m[INFO] running 1 original queries [0m
[94m[DEBUG] running ALL of single_c5835e0da5.base.z3 [0m
[94m[DEBUG] adding 181 tasks [0m
[92m[INFO] criteria: vanilla=unsat@0.256s; groups: shuffle=[unknown@0.191s, unsat@0.198s, unsat@0.197s, unknown@0.210s, unsat@0.244s, unsat@0.266s, unknown@0.133s, unknown@0.120s] (52 mutant result(s) pending); rename=[] (60 mutant result(s) pending); reseed=[] (60 mutant result(s) pending); possible final categories=[unsolvable, unstable] [0m
[92m[INFO] early decision: gen/sproj_single_c5835e0da5/verified-storage-multilog__multilog__inv_v.7.smt2 -> not_stable; skipping 166 queued tasks [0m
=== stable (0) ===
Starting Cazamariposas
[92m[INFO] [init] loaded cached artifacts: traces=2, cores=3, proofs=3 [0m
[92m[INFO] [init] cached-proofs-only: skipping trace, core, and proof construction [0m
[92m[INFO] [init] dbg root: dbg/c5835e0da5/ [0m
[92m[INFO] [init] c5835e0da5 auto selected DbgMode.FAST_FAIL [0m
Found failure trace and proof object
[94m[DEBUG] [edit] proof path: dbg/c5835e0da5/proofs/rename.191134073603777486.proof [0m
[94m[DEBUG] [edit] trace path: dbg/c5835e0da5/traces/shuffle.11649937724482683049 [0m
d3f717ddcbab7b779476e4ef5999ccef.pickle
[93m[WARN] [differ] qid constructor_accessor_axiom not found in dbg/c5835e0da5/orig.smt2 [0m
[93m[WARN] [differ] qid <null> not found in dbg/c5835e0da5/orig.smt2 [0m
[92m[INFO] [edit] [inst] prelude_unbox_box_int 40 instances [0m
[92m[INFO] [edit] written to data/projs/fast_fail_c5835e0da5/base.z3/7e1bcc27.smt2 [0m
[92m[INFO] [edit] [inst] prelude_add 31 instances [0m
[92m[INFO] [edit] written to data/projs/fast_fail_c5835e0da5/base.z3/b64ee6ef.smt2 [0m
[92m[INFO] [edit] [inst] prelude_fuel_defaults 40 instances [0m
[92m[INFO] [edit] [erase] prelude_fuel_defaults [0m
[92m[INFO] [edit] written to data/projs/fast_fail_c5835e0da5/base.z3/8ab12f96.smt2 [0m
[92m[INFO] [edit] [inst] prelude_nat_clip 35 instances [0m
[92m[INFO] [edit] [erase] prelude_nat_clip [0m
[92m[INFO] [edit] written to data/projs/fast_fail_c5835e0da5/base.z3/0bbd00e5.smt2 [0m
[92m[INFO] [edit] [inst] prelude_sub 27 instances [0m
[92m[INFO] [edit] [erase] prelude_sub [0m
[92m[INFO] [edit] written to data/projs/fast_fail_c5835e0da5/base.z3/4cdcaea2.smt2 [0m
[92m[INFO] [edit] [inst] internal_vstd__seq__Seq<u8.>_unbox_axiom_definition 23 instances [0m
[92m[INFO] [edit] [erase] internal_vstd__seq__Seq<u8.>_unbox_axiom_definition [0m
[92m[INFO] [edit] written to data/projs/fast_fail_c5835e0da5/base.z3/82ffdc07.smt2 [0m
[92m[INFO] [edit] [inst] prelude_has_type_int 18 instances [0m
[92m[INFO] [edit] written to data/projs/fast_fail_c5835e0da5/base.z3/11c97c25.smt2 [0m
[92m[INFO] [edit] [inst] internal_vstd!seq.Seq.subrange.?_pre_post_definition 20 instances [0m
[92m[INFO] [edit] [erase] internal_vstd!seq.Seq.subrange.?_pre_post_definition [0m
[92m[INFO] [edit] written to data/projs/fast_fail_c5835e0da5/base.z3/58a52ee2.smt2 [0m
[93m[WARN] [edit] qid user_vstd__seq__lemma_seq_subrange_index_10 has no feasible actions [0m
[94m[DEBUG] [edit] fbc597e4 failed [0m
[92m[INFO] [edit] [inst] internal_multilog!pmem.pmemspec_t.extract_bytes.?_definition 19 instances [0m
[92m[INFO] [edit] [erase] internal_multilog!pmem.pmemspec_t.extract_bytes.?_definition [0m
[92m[INFO] [edit] written to data/projs/fast_fail_c5835e0da5/base.z3/6ddc51eb.smt2 [0m
[92m[INFO] [edit] [inst] user_vstd__seq__lemma_seq_subrange_len_9 13 instances [0m
[92m[INFO] [edit] [erase] user_vstd__seq__lemma_seq_subrange_len_9 [0m
[92m[INFO] [edit] written to data/projs/fast_fail_c5835e0da5/base.z3/2094487f.smt2 [0m
Produced candidate smt2 files
[94m[DEBUG] created table fast_fail_c5835e0da5_base_z3_z3_4_16_0_exp [0m
[92m[INFO] running 10 original queries [0m
[94m[DEBUG] running ALL of fast_fail_c5835e0da5.base.z3 [0m
[94m[DEBUG] adding 10 tasks [0m
[92m[INFO] running 10 tasks [0m
[92m[INFO] there is 4 processors [0m
[94m[DEBUG] worker 1 finished in 0.39 seconds [0m
[94m[DEBUG] worker 3 finished in 0.41 seconds [0m
[94m[DEBUG] worker 0 finished in 0.46 seconds [0m
[94m[DEBUG] worker 2 finished in 0.47 seconds [0m
[92m[INFO] workers finished [0m
[92m[INFO] done post processing exp data [0m
verify candidate 2094487f: 0.200s; rank=10; p=3; t=0.200
verify candidate 58a52ee2: 0.223s; rank=8; p=3; t=0.223
verify candidate 82ffdc07: 0.262s; rank=6; p=4; t=0.262
verify candidate 8ab12f96: 0.266s; rank=3; p=5; t=0.266
selected 4 verified candidates to data/projs/fast_fail_c5835e0da5.filtered/base.z3 with 0.951s vanilla verification budget
[92m[INFO] running 4 original queries [0m
[92m[INFO] running 40 tasks [0m
[92m[INFO] there is 7 processors [0m
[94m[DEBUG] created table fast_fail_c5835e0da5_filtered_base_z3_z3_4_16_0_exp [0m
[94m[DEBUG] running ALL of fast_fail_c5835e0da5.filtered.base.z3 [0m
[94m[DEBUG] adding 40 tasks [0m
[94m[DEBUG] worker 3 finished in 1.51 seconds [0m
[94m[DEBUG] worker 2 finished in 1.54 seconds [0m
[94m[DEBUG] worker 6 finished in 1.55 seconds [0m
[94m[DEBUG] worker 1 finished in 1.6 seconds [0m
[94m[DEBUG] worker 0 finished in 1.62 seconds [0m
[94m[DEBUG] worker 4 finished in 1.66 seconds [0m
[94m[DEBUG] worker 5 finished in 1.66 seconds [0m
[92m[INFO] workers finished [0m
[92m[INFO] done post processing exp data [0m
=== Overall Report ===

project dir:	data/projs/fast_fail_c5835e0da5.filtered/base.z3
exper config:	filter
solver path:	bin/z3-4.16.0
analyzer:	default

| category   |   count | percentage   |
|------------|---------|--------------|
| stable     |       2 | 50.0%        |
| unstable   |       2 | 50.0%        |
| total      |       4 | 100.00 %     |

=== Report End ===
Ran mariposa on filtered queries
[92m[INFO] carving out query 58a52ee2 [0m
Passed Mutants (8):
gen/fast_fail_c5835e0da5.filtered/base.z3/filter/58a52ee2.6259573063107667738.reseed.smt2 - unsat - 0.22
gen/fast_fail_c5835e0da5.filtered/base.z3/filter/58a52ee2.14175973911712313222.reseed.smt2 - unsat - 0.23
gen/fast_fail_c5835e0da5.filtered/base.z3/filter/58a52ee2.10872556058507683325.rename.smt2 - unsat - 0.26
gen/fast_fail_c5835e0da5.filtered/base.z3/filter/58a52ee2.99747377622255267.rename.smt2 - unsat - 0.25
data/projs/fast_fail_c5835e0da5.filtered/base.z3/58a52ee2.smt2 - unsat - 0.26
gen/fast_fail_c5835e0da5.filtered/base.z3/filter/58a52ee2.11037531827121529459.rename.smt2 - unsat - 0.25
gen/fast_fail_c5835e0da5.filtered/base.z3/filter/58a52ee2.3175102079764646763.reseed.smt2 - unsat - 0.23
gen/fast_fail_c5835e0da5.filtered/base.z3/filter/58a52ee2.1995273775074750611.shuffle.smt2 - unsat - 0.34

Failed Mutants (2):
gen/fast_fail_c5835e0da5.filtered/base.z3/filter/58a52ee2.10773997071665716663.shuffle.smt2 - unknown - 0.27
gen/fast_fail_c5835e0da5.filtered/base.z3/filter/58a52ee2.9320067613536725949.shuffle.smt2 - unknown - 0.18
[92m[INFO] carving out query 82ffdc07 [0m
Passed Mutants (7):
gen/fast_fail_c5835e0da5.filtered/base.z3/filter/82ffdc07.17826268894759453959.reseed.smt2 - unsat - 0.24
gen/fast_fail_c5835e0da5.filtered/base.z3/filter/82ffdc07.17547146942500079836.rename.smt2 - unsat - 0.3
gen/fast_fail_c5835e0da5.filtered/base.z3/filter/82ffdc07.16096806266511449415.reseed.smt2 - unsat - 0.24
gen/fast_fail_c5835e0da5.filtered/base.z3/filter/82ffdc07.16271028515342243646.reseed.smt2 - unsat - 0.24
gen/fast_fail_c5835e0da5.filtered/base.z3/filter/82ffdc07.17774207054079131891.rename.smt2 - unsat - 0.3
data/projs/fast_fail_c5835e0da5.filtered/base.z3/82ffdc07.smt2 - unsat - 0.3
gen/fast_fail_c5835e0da5.filtered/base.z3/filter/82ffdc07.16793554800433457492.rename.smt2 - unsat - 0.29

Failed Mutants (3):
gen/fast_fail_c5835e0da5.filtered/base.z3/filter/82ffdc07.13160012694815852330.shuffle.smt2 - unknown - 0.21
gen/fast_fail_c5835e0da5.filtered/base.z3/filter/82ffdc07.64075753130353449.shuffle.smt2 - unknown - 0.21
gen/fast_fail_c5835e0da5.filtered/base.z3/filter/82ffdc07.16756345118826812823.shuffle.smt2 - unknown - 0.25
[92m[INFO] removed 2 queries, 2 remaining [0m
Carved out unstable queries
Ran early-stop stability checks until a stable fix was found
Checking candidates by increasing vanilla verification time
Checking candidate 1/2 for stability: data/projs/fast_fail_c5835e0da5.filtered/base.z3/2094487f.smt2
[92m[INFO] removing gen/sproj_single_c613b7bb27 [0m
[92m[INFO] using 60s solver timeout (capped by analyzer 60sec) [0m
[94m[DEBUG] created table single_c613b7bb27_base_z3_z3_4_16_0_exp [0m
[92m[INFO] running 1 original queries [0m
[94m[DEBUG] running ALL of single_c613b7bb27.base.z3 [0m
[94m[DEBUG] adding 181 tasks [0m
[92m[INFO] criteria: vanilla=unsat@0.227s; groups: shuffle=[unknown@0.178s, unknown@0.194s, unsat@0.212s, unsat@0.233s, unsat@0.259s, unsat@0.261s, unknown@0.212s, unknown@0.227s] (52 mutant result(s) pending); rename=[] (60 mutant result(s) pending); reseed=[] (60 mutant result(s) pending); possible final categories=[unsolvable, unstable] [0m
[92m[INFO] early decision: gen/sproj_single_c613b7bb27/2094487f.smt2 -> not_stable; skipping 166 queued tasks [0m
=== stable (0) ===
Checking candidate 2/2 for stability: data/projs/fast_fail_c5835e0da5.filtered/base.z3/8ab12f96.smt2
[92m[INFO] removing gen/sproj_single_793ff07f0b [0m
[92m[INFO] using 60s solver timeout (capped by analyzer 60sec) [0m
[94m[DEBUG] created table single_793ff07f0b_base_z3_z3_4_16_0_exp [0m
[92m[INFO] running 1 original queries [0m
[94m[DEBUG] running ALL of single_793ff07f0b.base.z3 [0m
[94m[DEBUG] adding 181 tasks [0m
=== stable (1) ===
query path: gen/sproj_single_793ff07f0b/8ab12f96.smt2
Found a stable fix; stopping further stability checks
Got list of fixes
Found 1 fix(es):
    8ab12f96: inst_replace prelude_fuel_defaults -> data/projs/fast_fail_c5835e0da5/base.z3/8ab12f96.smt2

=== Caza external-call time (wall clock) ===
    0.73s  initial stability check
    0.05s  build debugger trace and proof
    0.76s  finding fixes
    0.51s  verify candidates
    0.01s  filter broken candidates
    2.30s  filter candidates experiment
    0.89s  carve unstable candidates
    0.78s  early stability check 2094487f.smt2
    7.15s  early stability check 8ab12f96.smt2
   13.17s  total

================================================================================
[61/73] Caza query finished 2026-08-25T17:37:59
exit status: 0
================================================================================

================================================================================
[62/73] Caza query started 2026-08-25T17:37:59
query: /home/youjia/mariposa/data/verita_bad/verified-storage-multilog__multilog__inv_v.9.smt2
command: /usr/bin/python3 -u /home/youjia/mariposa/src/caza_wizard.py --set-seed 0x87654321 --early --fast-proof --sort time /home/youjia/mariposa/data/verita_bad/verified-storage-multilog__multilog__inv_v.9.smt2
================================================================================
Parsing...
Checking whether the input query is already stable
[92m[INFO] removing gen/sproj_single_754e54d14b [0m
[92m[INFO] using 60s solver timeout (capped by analyzer 60sec) [0m
[94m[DEBUG] created table single_754e54d14b_base_z3_z3_4_16_0_exp [0m
[92m[INFO] running 1 original queries [0m
[94m[DEBUG] running ALL of single_754e54d14b.base.z3 [0m
[94m[DEBUG] adding 181 tasks [0m
[92m[INFO] criteria: vanilla=unsat@0.207s; groups: shuffle=[unsat@0.140s, unsat@0.144s, unknown@0.152s, unknown@0.160s, unsat@0.191s, unsat@0.222s, unknown@0.131s, unsat@0.150s, unsat@0.186s, unsat@0.148s, unknown@0.189s] (49 mutant result(s) pending); rename=[] (60 mutant result(s) pending); reseed=[] (60 mutant result(s) pending); possible final categories=[unsolvable, unstable] [0m
[92m[INFO] early decision: gen/sproj_single_754e54d14b/verified-storage-multilog__multilog__inv_v.9.smt2 -> not_stable; skipping 163 queued tasks [0m
=== stable (0) ===
Starting Cazamariposas
[92m[INFO] [init] loaded cached artifacts: traces=2, cores=3, proofs=3 [0m
[92m[INFO] [init] cached-proofs-only: skipping trace, core, and proof construction [0m
[92m[INFO] [init] dbg root: dbg/754e54d14b/ [0m
[92m[INFO] [init] 754e54d14b auto selected DbgMode.FAST_FAIL [0m
Found failure trace and proof object
[94m[DEBUG] [edit] proof path: dbg/754e54d14b/proofs/rename.191134073603777486.proof [0m
[94m[DEBUG] [edit] trace path: dbg/754e54d14b/traces/shuffle.11649937724482683049 [0m
10310f1a0be6a70f3e03194b0a2443da.pickle
[93m[WARN] [differ] qid constructor_accessor_axiom not found in dbg/754e54d14b/orig.smt2 [0m
[93m[WARN] [differ] qid <null> not found in dbg/754e54d14b/orig.smt2 [0m
[92m[INFO] [edit] [inst] prelude_unbox_box_int 29 instances [0m
[92m[INFO] [edit] written to data/projs/fast_fail_754e54d14b/base.z3/7e1bcc27.smt2 [0m
[92m[INFO] [edit] [inst] prelude_add 27 instances [0m
[92m[INFO] [edit] written to data/projs/fast_fail_754e54d14b/base.z3/b64ee6ef.smt2 [0m
[92m[INFO] [edit] [inst] prelude_nat_clip 34 instances [0m
[92m[INFO] [edit] [erase] prelude_nat_clip [0m
[92m[INFO] [edit] written to data/projs/fast_fail_754e54d14b/base.z3/0bbd00e5.smt2 [0m
[92m[INFO] [edit] [inst] prelude_fuel_defaults 32 instances [0m
[92m[INFO] [edit] [erase] prelude_fuel_defaults [0m
[92m[INFO] [edit] written to data/projs/fast_fail_754e54d14b/base.z3/8ab12f96.smt2 [0m
[92m[INFO] [edit] [inst] prelude_has_type_int 14 instances [0m
[92m[INFO] [edit] written to data/projs/fast_fail_754e54d14b/base.z3/11c97c25.smt2 [0m
[93m[WARN] [edit] qid user_vstd__seq__lemma_seq_subrange_index_10 has no feasible actions [0m
[94m[DEBUG] [edit] fbc597e4 failed [0m
[92m[INFO] [edit] [inst] internal_vstd__seq__Seq<u8.>_unbox_axiom_definition 17 instances [0m
[92m[INFO] [edit] [erase] internal_vstd__seq__Seq<u8.>_unbox_axiom_definition [0m
[92m[INFO] [edit] written to data/projs/fast_fail_754e54d14b/base.z3/82ffdc07.smt2 [0m
[92m[INFO] [edit] [inst] prelude_sub 16 instances [0m
[92m[INFO] [edit] [erase] prelude_sub [0m
[92m[INFO] [edit] written to data/projs/fast_fail_754e54d14b/base.z3/4cdcaea2.smt2 [0m
[92m[INFO] [edit] [inst] internal_multilog!pmem.pmemspec_t.extract_bytes.?_definition 16 instances [0m
[92m[INFO] [edit] [erase] internal_multilog!pmem.pmemspec_t.extract_bytes.?_definition [0m
[92m[INFO] [edit] written to data/projs/fast_fail_754e54d14b/base.z3/6ddc51eb.smt2 [0m
[94m[DEBUG] [skolem] k$!skolem_user_multilog__pmem__pmemspec_t__PersistentMemoryRegionView__no_outstanding_writes_in_range_19!0 -> skv_2c3c3730ac0e5b7b_1 [0m
[92m[INFO] [edit] [skolem] internal_multilog!pmem.pmemspec_t.impl&__8.no_outstanding_writes_in_range.?_definition creates 1 skolem funs, 1 asserts [0m
(assert (=> (fuel_bool fuel%multilog!pmem.pmemspec_t.impl&%8.no_outstanding_writes_in_range.) (forall ((self! Poly) (i! Poly) (j! Poly)) (! (= (multilog!pmem.pmemspec_t.impl&%8.no_outstanding_writes_in_range.? self! i! j!) (forall ((k$ Poly)) (! (=> (has_type k$ INT) (=> (let ((tmp%%$ (%I i!))) (let ((tmp%%$1 (%I k$))) (let ((tmp%%$2 (%I j!))) (and (<= tmp%%$ tmp%%$1) (< tmp%%$1 tmp%%$2))))) ((_ is core!option.Option./None) (multilog!pmem.pmemspec_t.PersistentMemoryByte./PersistentMemoryByte/outstanding_write (%Poly%multilog!pmem.pmemspec_t.PersistentMemoryByte. (vstd!seq.Seq.index.? $ TYPE%multilog!pmem.pmemspec_t.PersistentMemoryByte. (Poly%vstd!seq.Seq<multilog!pmem.pmemspec_t.PersistentMemoryByte.>. (multilog!pmem.pmemspec_t.PersistentMemoryRegionView./PersistentMemoryRegionView/state (%Poly%multilog!pmem.pmemspec_t.PersistentMemoryRegionView. self!))) k$)))))) :pattern ((multilog!pmem.pmemspec_t.PersistentMemoryByte./PersistentMemoryByte/outstanding_write (%Poly%multilog!pmem.pmemspec_t.PersistentMemoryByte. (vstd!seq.Seq.index.? $ TYPE%multilog!pmem.pmemspec_t.PersistentMemoryByte. (Poly%vstd!seq.Seq<multilog!pmem.pmemspec_t.PersistentMemoryByte.>. (multilog!pmem.pmemspec_t.PersistentMemoryRegionView./PersistentMemoryRegionView/state (%Poly%multilog!pmem.pmemspec_t.PersistentMemoryRegionView. self!))) k$)))) :qid user_multilog__pmem__pmemspec_t__PersistentMemoryRegionView__no_outstanding_writes_in_range_19 :skolemid skolem_user_multilog__pmem__pmemspec_t__PersistentMemoryRegionView__no_outstanding_writes_in_range_19))) :pattern ((multilog!pmem.pmemspec_t.impl&%8.no_outstanding_writes_in_range.? self! i! j!)) :qid internal_multilog!pmem.pmemspec_t.impl&__8.no_outstanding_writes_in_range.?_definition :skolemid skolem_internal_multilog!pmem.pmemspec_t.impl&__8.no_outstanding_writes_in_range.?_definition))))
[92m[INFO] [edit] [banish] internal_multilog!pmem.pmemspec_t.impl&__8.no_outstanding_writes_in_range.?_definition [0m
[93m[WARN] failed to banish internal_multilog!pmem.pmemspec_t.impl&__8.no_outstanding_writes_in_range.?_definition [0m
[92m[INFO] [edit] written to data/projs/fast_fail_754e54d14b/base.z3/1505135a.smt2 [0m
[92m[INFO] [edit] [inst] internal_vstd!seq.Seq.subrange.?_pre_post_definition 15 instances [0m
[92m[INFO] [edit] [erase] internal_vstd!seq.Seq.subrange.?_pre_post_definition [0m
[92m[INFO] [edit] written to data/projs/fast_fail_754e54d14b/base.z3/58a52ee2.smt2 [0m
Produced candidate smt2 files
[94m[DEBUG] created table fast_fail_754e54d14b_base_z3_z3_4_16_0_exp [0m
[92m[INFO] running 10 original queries [0m
[94m[DEBUG] running ALL of fast_fail_754e54d14b.base.z3 [0m
[94m[DEBUG] adding 10 tasks [0m
[92m[INFO] running 10 tasks [0m
[92m[INFO] there is 4 processors [0m
[94m[DEBUG] worker 1 finished in 0.35 seconds [0m
[94m[DEBUG] worker 2 finished in 0.37 seconds [0m
[94m[DEBUG] worker 3 finished in 0.39 seconds [0m
[94m[DEBUG] worker 0 finished in 0.46 seconds [0m
[92m[INFO] workers finished [0m
[92m[INFO] done post processing exp data [0m
verify candidate 4cdcaea2: 0.117s; rank=7; p=4; t=0.117
verify candidate 0bbd00e5: 0.142s; rank=3; p=5; t=0.142
verify candidate 8ab12f96: 0.164s; rank=4; p=4; t=0.164
verify candidate 58a52ee2: 0.172s; rank=10; p=3; t=0.172
verify candidate 1505135a: 0.189s; rank=9; p=3; t=0.189
verify candidate 82ffdc07: 0.202s; rank=6; p=4; t=0.202
selected 6 verified candidates to data/projs/fast_fail_754e54d14b.filtered/base.z3 with 0.986s vanilla verification budget
[92m[INFO] running 6 original queries [0m
[92m[INFO] running 60 tasks [0m
[92m[INFO] there is 7 processors [0m
[94m[DEBUG] created table fast_fail_754e54d14b_filtered_base_z3_z3_4_16_0_exp [0m
[94m[DEBUG] running ALL of fast_fail_754e54d14b.filtered.base.z3 [0m
[94m[DEBUG] adding 60 tasks [0m
[94m[DEBUG] worker 6 finished in 1.63 seconds [0m
[94m[DEBUG] worker 3 finished in 1.65 seconds [0m
[94m[DEBUG] worker 0 finished in 1.69 seconds [0m
[94m[DEBUG] worker 2 finished in 1.78 seconds [0m
[94m[DEBUG] worker 1 finished in 1.8 seconds [0m
[94m[DEBUG] worker 5 finished in 1.82 seconds [0m
[94m[DEBUG] worker 4 finished in 1.84 seconds [0m
[92m[INFO] workers finished [0m
[92m[INFO] done post processing exp data [0m
=== Overall Report ===

project dir:	data/projs/fast_fail_754e54d14b.filtered/base.z3
exper config:	filter
solver path:	bin/z3-4.16.0
analyzer:	default

| category   |   count | percentage   |
|------------|---------|--------------|
| unstable   |       3 | 50.0%        |
| stable     |       3 | 50.0%        |
| total      |       6 | 100.00 %     |

=== Report End ===
Ran mariposa on filtered queries
[92m[INFO] carving out query 1505135a [0m
Passed Mutants (8):
gen/fast_fail_754e54d14b.filtered/base.z3/filter/1505135a.4680940455119380851.reseed.smt2 - unsat - 0.2
data/projs/fast_fail_754e54d14b.filtered/base.z3/1505135a.smt2 - unsat - 0.2
gen/fast_fail_754e54d14b.filtered/base.z3/filter/1505135a.15179685868724351256.reseed.smt2 - unsat - 0.25
gen/fast_fail_754e54d14b.filtered/base.z3/filter/1505135a.17956293210147787474.reseed.smt2 - unsat - 0.25
gen/fast_fail_754e54d14b.filtered/base.z3/filter/1505135a.18277335216927478259.shuffle.smt2 - unsat - 0.18
gen/fast_fail_754e54d14b.filtered/base.z3/filter/1505135a.18009243995129067226.rename.smt2 - unsat - 0.2
gen/fast_fail_754e54d14b.filtered/base.z3/filter/1505135a.14295316004861131426.rename.smt2 - unsat - 0.2
gen/fast_fail_754e54d14b.filtered/base.z3/filter/1505135a.275263502051882204.rename.smt2 - unsat - 0.19

Failed Mutants (2):
gen/fast_fail_754e54d14b.filtered/base.z3/filter/1505135a.10470605251221268820.shuffle.smt2 - unknown - 0.12
gen/fast_fail_754e54d14b.filtered/base.z3/filter/1505135a.15922095942348924460.shuffle.smt2 - unknown - 0.14
[92m[INFO] carving out query 58a52ee2 [0m
Passed Mutants (8):
gen/fast_fail_754e54d14b.filtered/base.z3/filter/58a52ee2.13233719898219694384.reseed.smt2 - unsat - 0.2
gen/fast_fail_754e54d14b.filtered/base.z3/filter/58a52ee2.15647595772579530911.reseed.smt2 - unsat - 0.19
data/projs/fast_fail_754e54d14b.filtered/base.z3/58a52ee2.smt2 - unsat - 0.19
gen/fast_fail_754e54d14b.filtered/base.z3/filter/58a52ee2.3986637538213562364.rename.smt2 - unsat - 0.19
gen/fast_fail_754e54d14b.filtered/base.z3/filter/58a52ee2.10031020650918828961.reseed.smt2 - unsat - 0.2
gen/fast_fail_754e54d14b.filtered/base.z3/filter/58a52ee2.1469463753746695406.shuffle.smt2 - unsat - 0.25
gen/fast_fail_754e54d14b.filtered/base.z3/filter/58a52ee2.17127907751991881213.rename.smt2 - unsat - 0.19
gen/fast_fail_754e54d14b.filtered/base.z3/filter/58a52ee2.4919870807624491248.rename.smt2 - unsat - 0.17

Failed Mutants (2):
gen/fast_fail_754e54d14b.filtered/base.z3/filter/58a52ee2.5569075510234345746.shuffle.smt2 - unknown - 0.13
gen/fast_fail_754e54d14b.filtered/base.z3/filter/58a52ee2.4619328733967691109.shuffle.smt2 - unknown - 0.15
[92m[INFO] carving out query 82ffdc07 [0m
Passed Mutants (8):
gen/fast_fail_754e54d14b.filtered/base.z3/filter/82ffdc07.1394835954960599312.reseed.smt2 - unsat - 0.19
gen/fast_fail_754e54d14b.filtered/base.z3/filter/82ffdc07.15825389445874716805.shuffle.smt2 - unsat - 0.23
gen/fast_fail_754e54d14b.filtered/base.z3/filter/82ffdc07.15217895238381902478.reseed.smt2 - unsat - 0.19
data/projs/fast_fail_754e54d14b.filtered/base.z3/82ffdc07.smt2 - unsat - 0.22
gen/fast_fail_754e54d14b.filtered/base.z3/filter/82ffdc07.16132089528270876364.rename.smt2 - unsat - 0.22
gen/fast_fail_754e54d14b.filtered/base.z3/filter/82ffdc07.10715688278073279539.rename.smt2 - unsat - 0.22
gen/fast_fail_754e54d14b.filtered/base.z3/filter/82ffdc07.13053031689295608554.reseed.smt2 - unsat - 0.19
gen/fast_fail_754e54d14b.filtered/base.z3/filter/82ffdc07.5144441593566469208.rename.smt2 - unsat - 0.2

Failed Mutants (2):
gen/fast_fail_754e54d14b.filtered/base.z3/filter/82ffdc07.14352132757421194572.shuffle.smt2 - unknown - 0.22
gen/fast_fail_754e54d14b.filtered/base.z3/filter/82ffdc07.9671186186731249919.shuffle.smt2 - unknown - 0.16
[92m[INFO] removed 3 queries, 3 remaining [0m
Carved out unstable queries
Ran early-stop stability checks until a stable fix was found
Checking candidates by increasing vanilla verification time
Checking candidate 1/3 for stability: data/projs/fast_fail_754e54d14b.filtered/base.z3/4cdcaea2.smt2
[92m[INFO] using 60s solver timeout (capped by analyzer 60sec) [0m
[94m[DEBUG] created table single_53dd2d5ab9_base_z3_z3_4_16_0_exp [0m
[92m[INFO] running 1 original queries [0m
[94m[DEBUG] running ALL of single_53dd2d5ab9.base.z3 [0m
[94m[DEBUG] adding 181 tasks [0m
=== stable (1) ===
query path: gen/sproj_single_53dd2d5ab9/4cdcaea2.smt2
Found a stable fix; stopping further stability checks
Got list of fixes
Found 1 fix(es):
    4cdcaea2: inst_replace prelude_sub -> data/projs/fast_fail_754e54d14b/base.z3/4cdcaea2.smt2

=== Caza external-call time (wall clock) ===
    0.64s  initial stability check
    0.05s  build debugger trace and proof
    0.80s  finding fixes
    0.49s  verify candidates
    0.00s  filter broken candidates
    2.43s  filter candidates experiment
    0.89s  carve unstable candidates
    4.69s  early stability check 4cdcaea2.smt2
    9.98s  total

================================================================================
[62/73] Caza query finished 2026-08-25T17:38:09
exit status: 0
================================================================================

================================================================================
[63/73] Caza query started 2026-08-25T17:38:09
query: /home/youjia/mariposa/data/verita_bad/verified-storage-multilog__multilog__setup_v.5.smt2
command: /usr/bin/python3 -u /home/youjia/mariposa/src/caza_wizard.py --set-seed 0x87654321 --early --fast-proof --sort time /home/youjia/mariposa/data/verita_bad/verified-storage-multilog__multilog__setup_v.5.smt2
================================================================================
Parsing...
Checking whether the input query is already stable
[92m[INFO] removing gen/sproj_single_32315eb53c [0m
[92m[INFO] using 60s solver timeout (capped by analyzer 60sec) [0m
[94m[DEBUG] created table single_32315eb53c_base_z3_z3_4_16_0_exp [0m
[92m[INFO] running 1 original queries [0m
[94m[DEBUG] running ALL of single_32315eb53c.base.z3 [0m
[94m[DEBUG] adding 181 tasks [0m
[92m[INFO] criteria: vanilla=pending; groups: shuffle=[unknown@0.079s, unknown@0.084s, unknown@0.094s, unknown@0.107s] (56 mutant result(s) pending); rename=[] (60 mutant result(s) pending); reseed=[] (60 mutant result(s) pending); possible final categories=[unsolvable, unstable] [0m
[92m[INFO] early decision: gen/sproj_single_32315eb53c/verified-storage-multilog__multilog__setup_v.5.smt2 -> not_stable; skipping 171 queued tasks [0m
=== stable (0) ===
Starting Cazamariposas
[92m[INFO] [init] loaded cached artifacts: traces=3, cores=3, proofs=3 [0m
[92m[INFO] [init] cached-proofs-only: skipping trace, core, and proof construction [0m
[92m[INFO] [init] dbg root: dbg/32315eb53c/ [0m
[92m[INFO] [init] 32315eb53c auto selected DbgMode.FAST_FAIL [0m
Found failure trace and proof object
[94m[DEBUG] [edit] proof path: dbg/32315eb53c/proofs/rename.191134073603777486.proof [0m
[94m[DEBUG] [edit] trace path: dbg/32315eb53c/traces/shuffle.6459514956588936749 [0m
7f0acd38999e2cecdc42cdbec138842a.pickle
[93m[WARN] [differ] qid constructor_accessor_axiom not found in dbg/32315eb53c/orig.smt2 [0m
[93m[WARN] [differ] qid <null> not found in dbg/32315eb53c/orig.smt2 [0m
[92m[INFO] [edit] [inst] mariposa_qid_2 7 instances [0m
[92m[INFO] [edit] written to data/projs/fast_fail_32315eb53c/base.z3/32c84b0c.smt2 [0m
[92m[INFO] [edit] [inst] user_vstd__seq__lemma_seq_new_index_4 7 instances [0m
[92m[INFO] [edit] written to data/projs/fast_fail_32315eb53c/base.z3/fb9e5c4f.smt2 [0m
[92m[INFO] [edit] [inst] internal_vstd!seq.Seq.index.?_pre_post_definition 2 instances [0m
[92m[INFO] [edit] written to data/projs/fast_fail_32315eb53c/base.z3/c859c230.smt2 [0m
[92m[INFO] [edit] [inst] prelude_unbox_box_int 34 instances [0m
[92m[INFO] [edit] written to data/projs/fast_fail_32315eb53c/base.z3/7e1bcc27.smt2 [0m
[92m[INFO] [edit] [inst] prelude_fuel_defaults 64 instances [0m
[92m[INFO] [edit] [erase] prelude_fuel_defaults [0m
[92m[INFO] [edit] written to data/projs/fast_fail_32315eb53c/base.z3/8ab12f96.smt2 [0m
[93m[WARN] [edit] qid mariposa_qid_4 has no feasible actions [0m
[94m[DEBUG] [edit] 4fb9a30b failed [0m
[93m[WARN] [edit] qid internal_multilog__pmem__pmemspec_t__PersistentMemoryByte_unbox_axiom_definition has no feasible actions [0m
[94m[DEBUG] [edit] 962612bb failed [0m
[92m[INFO] [edit] [inst] prelude_box_unbox_int 2 instances [0m
[92m[INFO] [edit] written to data/projs/fast_fail_32315eb53c/base.z3/2ce24263.smt2 [0m
[92m[INFO] [edit] [inst] prelude_add 28 instances [0m
[92m[INFO] [edit] written to data/projs/fast_fail_32315eb53c/base.z3/b64ee6ef.smt2 [0m
[92m[INFO] [edit] [inst] prelude_mk_fun 32 instances [0m
[92m[INFO] [edit] [erase] prelude_mk_fun [0m
[92m[INFO] [edit] written to data/projs/fast_fail_32315eb53c/base.z3/8b310645.smt2 [0m
[92m[INFO] [edit] [inst] prelude_has_type_int 8 instances [0m
[92m[INFO] [edit] written to data/projs/fast_fail_32315eb53c/base.z3/11c97c25.smt2 [0m
[92m[INFO] [edit] [inst] prelude_nat_clip 27 instances [0m
[92m[INFO] [edit] [erase] prelude_nat_clip [0m
[92m[INFO] [edit] written to data/projs/fast_fail_32315eb53c/base.z3/0bbd00e5.smt2 [0m
Produced candidate smt2 files
[94m[DEBUG] created table fast_fail_32315eb53c_base_z3_z3_4_16_0_exp [0m
[92m[INFO] running 10 original queries [0m
[94m[DEBUG] running ALL of fast_fail_32315eb53c.base.z3 [0m
[94m[DEBUG] adding 10 tasks [0m
[92m[INFO] running 10 tasks [0m
[92m[INFO] there is 4 processors [0m
[94m[DEBUG] worker 0 finished in 0.41 seconds [0m
[94m[DEBUG] worker 1 finished in 0.5 seconds [0m
[94m[DEBUG] worker 3 finished in 0.59 seconds [0m
[94m[DEBUG] worker 2 finished in 0.65 seconds [0m
[92m[INFO] workers finished [0m
[92m[INFO] done post processing exp data [0m
verify candidate 2ce24263: 0.237s; rank=6; p=4; t=0.237
verify candidate 8ab12f96: 0.239s; rank=5; p=4; t=0.239
verify candidate 8b310645: 0.244s; rank=8; p=3; t=0.244
verify candidate 11c97c25: 0.247s; rank=9; p=3; t=0.247
verify candidate c859c230: 0.260s; rank=3; p=5; t=0.260
verify candidate 32c84b0c: 0.306s; rank=1; p=8; t=0.306
verify candidate fb9e5c4f: 0.318s; rank=2; p=6; t=0.318
selected 7 verified candidates to data/projs/fast_fail_32315eb53c.filtered/base.z3 with 1.851s vanilla verification budget
[92m[INFO] running 7 original queries [0m
[92m[INFO] running 70 tasks [0m
[92m[INFO] there is 7 processors [0m
[94m[DEBUG] created table fast_fail_32315eb53c_filtered_base_z3_z3_4_16_0_exp [0m
[94m[DEBUG] running ALL of fast_fail_32315eb53c.filtered.base.z3 [0m
[94m[DEBUG] adding 70 tasks [0m
[94m[DEBUG] worker 5 finished in 2.84 seconds [0m
[94m[DEBUG] worker 3 finished in 2.89 seconds [0m
[94m[DEBUG] worker 0 finished in 2.97 seconds [0m
[94m[DEBUG] worker 2 finished in 3.01 seconds [0m
[94m[DEBUG] worker 4 finished in 3.02 seconds [0m
[94m[DEBUG] worker 1 finished in 3.13 seconds [0m
[94m[DEBUG] worker 6 finished in 3.15 seconds [0m
[92m[INFO] workers finished [0m
[92m[INFO] done post processing exp data [0m
=== Overall Report ===

project dir:	data/projs/fast_fail_32315eb53c.filtered/base.z3
exper config:	filter
solver path:	bin/z3-4.16.0
analyzer:	default

| category   |   count | percentage   |
|------------|---------|--------------|
| unstable   |       6 | 85.71%       |
| stable     |       1 | 14.29%       |
| total      |       7 | 100.00 %     |

=== Report End ===
Ran mariposa on filtered queries
[92m[INFO] carving out query 11c97c25 [0m
Passed Mutants (7):
gen/fast_fail_32315eb53c.filtered/base.z3/filter/11c97c25.13933501735179682921.rename.smt2 - unsat - 0.28
gen/fast_fail_32315eb53c.filtered/base.z3/filter/11c97c25.3722129609282809080.reseed.smt2 - unsat - 0.29
data/projs/fast_fail_32315eb53c.filtered/base.z3/11c97c25.smt2 - unsat - 0.29
gen/fast_fail_32315eb53c.filtered/base.z3/filter/11c97c25.14491447124455019654.reseed.smt2 - unsat - 0.31
gen/fast_fail_32315eb53c.filtered/base.z3/filter/11c97c25.16595506012464824138.rename.smt2 - unsat - 0.29
gen/fast_fail_32315eb53c.filtered/base.z3/filter/11c97c25.9892824047021712242.reseed.smt2 - unsat - 0.33
gen/fast_fail_32315eb53c.filtered/base.z3/filter/11c97c25.12654259871788699754.rename.smt2 - unsat - 0.29

Failed Mutants (3):
gen/fast_fail_32315eb53c.filtered/base.z3/filter/11c97c25.10671610203079633007.shuffle.smt2 - unknown - 0.09
gen/fast_fail_32315eb53c.filtered/base.z3/filter/11c97c25.5452311904914435004.shuffle.smt2 - unknown - 0.13
gen/fast_fail_32315eb53c.filtered/base.z3/filter/11c97c25.7508886616423743421.shuffle.smt2 - unknown - 0.08
[92m[INFO] carving out query 2ce24263 [0m
Passed Mutants (7):
gen/fast_fail_32315eb53c.filtered/base.z3/filter/2ce24263.13636244633780664178.reseed.smt2 - unsat - 0.28
gen/fast_fail_32315eb53c.filtered/base.z3/filter/2ce24263.2705041411230572364.rename.smt2 - unsat - 0.28
gen/fast_fail_32315eb53c.filtered/base.z3/filter/2ce24263.9261026272033204311.rename.smt2 - unsat - 0.27
gen/fast_fail_32315eb53c.filtered/base.z3/filter/2ce24263.2943840275933994968.rename.smt2 - unsat - 0.27
gen/fast_fail_32315eb53c.filtered/base.z3/filter/2ce24263.1678427036395936113.reseed.smt2 - unsat - 0.28
gen/fast_fail_32315eb53c.filtered/base.z3/filter/2ce24263.3830222620046771944.reseed.smt2 - unsat - 0.3
data/projs/fast_fail_32315eb53c.filtered/base.z3/2ce24263.smt2 - unsat - 0.27

Failed Mutants (3):
gen/fast_fail_32315eb53c.filtered/base.z3/filter/2ce24263.3748568771330362707.shuffle.smt2 - unknown - 0.08
gen/fast_fail_32315eb53c.filtered/base.z3/filter/2ce24263.7762852774029288553.shuffle.smt2 - unknown - 0.09
gen/fast_fail_32315eb53c.filtered/base.z3/filter/2ce24263.13260622915968815545.shuffle.smt2 - unknown - 0.09
[92m[INFO] carving out query 32c84b0c [0m
Passed Mutants (8):
gen/fast_fail_32315eb53c.filtered/base.z3/filter/32c84b0c.9340183743649438389.reseed.smt2 - unsat - 0.37
gen/fast_fail_32315eb53c.filtered/base.z3/filter/32c84b0c.1457610307193539657.reseed.smt2 - unsat - 0.38
gen/fast_fail_32315eb53c.filtered/base.z3/filter/32c84b0c.2738820779676320255.rename.smt2 - unsat - 0.36
data/projs/fast_fail_32315eb53c.filtered/base.z3/32c84b0c.smt2 - unsat - 0.37
gen/fast_fail_32315eb53c.filtered/base.z3/filter/32c84b0c.5886924626289722995.reseed.smt2 - unsat - 0.34
gen/fast_fail_32315eb53c.filtered/base.z3/filter/32c84b0c.13747166674427589426.rename.smt2 - unsat - 0.36
gen/fast_fail_32315eb53c.filtered/base.z3/filter/32c84b0c.3925429089338306491.shuffle.smt2 - unsat - 0.4
gen/fast_fail_32315eb53c.filtered/base.z3/filter/32c84b0c.6930574583376052198.rename.smt2 - unsat - 0.31

Failed Mutants (2):
gen/fast_fail_32315eb53c.filtered/base.z3/filter/32c84b0c.17238514251149275170.shuffle.smt2 - unknown - 0.14
gen/fast_fail_32315eb53c.filtered/base.z3/filter/32c84b0c.13667647252774817396.shuffle.smt2 - unknown - 0.14
[92m[INFO] carving out query 8b310645 [0m
Passed Mutants (8):
gen/fast_fail_32315eb53c.filtered/base.z3/filter/8b310645.4910106214944138184.reseed.smt2 - unsat - 0.31
gen/fast_fail_32315eb53c.filtered/base.z3/filter/8b310645.17956847346156051272.reseed.smt2 - unsat - 0.34
gen/fast_fail_32315eb53c.filtered/base.z3/filter/8b310645.5503509010543330487.shuffle.smt2 - unsat - 0.3
gen/fast_fail_32315eb53c.filtered/base.z3/filter/8b310645.14891084760624063706.rename.smt2 - unsat - 0.28
gen/fast_fail_32315eb53c.filtered/base.z3/filter/8b310645.3494582638938559185.reseed.smt2 - unsat - 0.37
gen/fast_fail_32315eb53c.filtered/base.z3/filter/8b310645.8925909035361539954.rename.smt2 - unsat - 0.28
data/projs/fast_fail_32315eb53c.filtered/base.z3/8b310645.smt2 - unsat - 0.27
gen/fast_fail_32315eb53c.filtered/base.z3/filter/8b310645.10097525088557038554.rename.smt2 - unsat - 0.24

Failed Mutants (2):
gen/fast_fail_32315eb53c.filtered/base.z3/filter/8b310645.2184450477202175401.shuffle.smt2 - unknown - 0.11
gen/fast_fail_32315eb53c.filtered/base.z3/filter/8b310645.4499352881126509391.shuffle.smt2 - unknown - 0.1
[92m[INFO] carving out query c859c230 [0m
Passed Mutants (7):
gen/fast_fail_32315eb53c.filtered/base.z3/filter/c859c230.459831567915897933.reseed.smt2 - unsat - 0.29
gen/fast_fail_32315eb53c.filtered/base.z3/filter/c859c230.1427157283220875691.reseed.smt2 - unsat - 0.36
data/projs/fast_fail_32315eb53c.filtered/base.z3/c859c230.smt2 - unsat - 0.28
gen/fast_fail_32315eb53c.filtered/base.z3/filter/c859c230.12096301128010424329.reseed.smt2 - unsat - 0.31
gen/fast_fail_32315eb53c.filtered/base.z3/filter/c859c230.3955071278663634514.rename.smt2 - unsat - 0.3
gen/fast_fail_32315eb53c.filtered/base.z3/filter/c859c230.13613772325710299484.rename.smt2 - unsat - 0.29
gen/fast_fail_32315eb53c.filtered/base.z3/filter/c859c230.14380136818642290566.rename.smt2 - unsat - 0.27

Failed Mutants (3):
gen/fast_fail_32315eb53c.filtered/base.z3/filter/c859c230.2028703690765128967.shuffle.smt2 - unknown - 0.09
gen/fast_fail_32315eb53c.filtered/base.z3/filter/c859c230.8646854336956000703.shuffle.smt2 - unknown - 0.08
gen/fast_fail_32315eb53c.filtered/base.z3/filter/c859c230.10674764482263856524.shuffle.smt2 - unknown - 0.09
[92m[INFO] carving out query fb9e5c4f [0m
Passed Mutants (8):
data/projs/fast_fail_32315eb53c.filtered/base.z3/fb9e5c4f.smt2 - unsat - 0.35
gen/fast_fail_32315eb53c.filtered/base.z3/filter/fb9e5c4f.6133441675275113797.rename.smt2 - unsat - 0.36
gen/fast_fail_32315eb53c.filtered/base.z3/filter/fb9e5c4f.5590736458217267510.rename.smt2 - unsat - 0.36
gen/fast_fail_32315eb53c.filtered/base.z3/filter/fb9e5c4f.9628625582670768391.reseed.smt2 - unsat - 0.28
gen/fast_fail_32315eb53c.filtered/base.z3/filter/fb9e5c4f.14711932557662981305.rename.smt2 - unsat - 0.36
gen/fast_fail_32315eb53c.filtered/base.z3/filter/fb9e5c4f.6482319662348926299.reseed.smt2 - unsat - 0.38
gen/fast_fail_32315eb53c.filtered/base.z3/filter/fb9e5c4f.11306999644067324804.shuffle.smt2 - unsat - 0.36
gen/fast_fail_32315eb53c.filtered/base.z3/filter/fb9e5c4f.10482030638656605937.reseed.smt2 - unsat - 0.27

Failed Mutants (2):
gen/fast_fail_32315eb53c.filtered/base.z3/filter/fb9e5c4f.4338939875071610252.shuffle.smt2 - unknown - 0.15
gen/fast_fail_32315eb53c.filtered/base.z3/filter/fb9e5c4f.3728668034551062266.shuffle.smt2 - unknown - 0.2
[92m[INFO] removed 6 queries, 1 remaining [0m
Carved out unstable queries
Ran early-stop stability checks until a stable fix was found
Checking candidates by increasing vanilla verification time
Checking candidate 1/1 for stability: data/projs/fast_fail_32315eb53c.filtered/base.z3/8ab12f96.smt2
[92m[INFO] removing gen/sproj_single_2f288ce956 [0m
[92m[INFO] using 60s solver timeout (capped by analyzer 60sec) [0m
[94m[DEBUG] created table single_2f288ce956_base_z3_z3_4_16_0_exp [0m
[92m[INFO] running 1 original queries [0m
[94m[DEBUG] running ALL of single_2f288ce956.base.z3 [0m
[94m[DEBUG] adding 181 tasks [0m
=== stable (1) ===
query path: gen/sproj_single_2f288ce956/8ab12f96.smt2
Found a stable fix; stopping further stability checks
Got list of fixes
Found 1 fix(es):
    8ab12f96: inst_replace prelude_fuel_defaults -> data/projs/fast_fail_32315eb53c/base.z3/8ab12f96.smt2

=== Caza external-call time (wall clock) ===
    0.34s  initial stability check
    0.05s  build debugger trace and proof
    1.12s  finding fixes
    0.69s  verify candidates
    0.01s  filter broken candidates
    3.77s  filter candidates experiment
    0.88s  carve unstable candidates
    8.13s  early stability check 8ab12f96.smt2
   14.99s  total

================================================================================
[63/73] Caza query finished 2026-08-25T17:38:25
exit status: 0
================================================================================

================================================================================
[64/73] Caza query started 2026-08-25T17:38:25
query: /home/youjia/mariposa/data/verita_bad/verified-storage-multilog__multilog__setup_v.6.smt2
command: /usr/bin/python3 -u /home/youjia/mariposa/src/caza_wizard.py --set-seed 0x87654321 --early --fast-proof --sort time /home/youjia/mariposa/data/verita_bad/verified-storage-multilog__multilog__setup_v.6.smt2
================================================================================
Parsing...
Checking whether the input query is already stable
[92m[INFO] removing gen/sproj_single_4967dda8a3 [0m
[92m[INFO] using 60s solver timeout (capped by analyzer 60sec) [0m
[94m[DEBUG] created table single_4967dda8a3_base_z3_z3_4_16_0_exp [0m
[92m[INFO] running 1 original queries [0m
[94m[DEBUG] running ALL of single_4967dda8a3.base.z3 [0m
[94m[DEBUG] adding 181 tasks [0m
[92m[INFO] criteria: vanilla=pending; groups: shuffle=[unknown@0.077s, unknown@0.077s, unknown@0.079s, unknown@0.102s] (56 mutant result(s) pending); rename=[] (60 mutant result(s) pending); reseed=[] (60 mutant result(s) pending); possible final categories=[unsolvable, unstable] [0m
[92m[INFO] early decision: gen/sproj_single_4967dda8a3/verified-storage-multilog__multilog__setup_v.6.smt2 -> not_stable; skipping 171 queued tasks [0m
=== stable (0) ===
Starting Cazamariposas
[92m[INFO] [init] loaded cached artifacts: traces=3, cores=3, proofs=3 [0m
[92m[INFO] [init] cached-proofs-only: skipping trace, core, and proof construction [0m
[92m[INFO] [init] dbg root: dbg/4967dda8a3/ [0m
[92m[INFO] [init] 4967dda8a3 auto selected DbgMode.FAST_FAIL [0m
Found failure trace and proof object
[94m[DEBUG] [edit] proof path: dbg/4967dda8a3/proofs/rename.191134073603777486.proof [0m
[94m[DEBUG] [edit] trace path: dbg/4967dda8a3/traces/shuffle.6459514956588936749 [0m
0ea564218648c3c57633ad75a08315be.pickle
[93m[WARN] [differ] qid constructor_accessor_axiom not found in dbg/4967dda8a3/orig.smt2 [0m
[93m[WARN] [differ] qid <null> not found in dbg/4967dda8a3/orig.smt2 [0m
[92m[INFO] [edit] [inst] mariposa_qid_2 7 instances [0m
[92m[INFO] [edit] written to data/projs/fast_fail_4967dda8a3/base.z3/32c84b0c.smt2 [0m
[92m[INFO] [edit] [inst] user_vstd__seq__lemma_seq_new_index_4 7 instances [0m
[92m[INFO] [edit] written to data/projs/fast_fail_4967dda8a3/base.z3/fb9e5c4f.smt2 [0m
[92m[INFO] [edit] [inst] internal_vstd!seq.Seq.index.?_pre_post_definition 2 instances [0m
[92m[INFO] [edit] written to data/projs/fast_fail_4967dda8a3/base.z3/c859c230.smt2 [0m
[92m[INFO] [edit] [inst] prelude_unbox_box_int 36 instances [0m
[92m[INFO] [edit] written to data/projs/fast_fail_4967dda8a3/base.z3/7e1bcc27.smt2 [0m
[92m[INFO] [edit] [inst] prelude_fuel_defaults 63 instances [0m
[92m[INFO] [edit] [erase] prelude_fuel_defaults [0m
[92m[INFO] [edit] written to data/projs/fast_fail_4967dda8a3/base.z3/8ab12f96.smt2 [0m
[93m[WARN] [edit] qid mariposa_qid_4 has no feasible actions [0m
[94m[DEBUG] [edit] 4fb9a30b failed [0m
[93m[WARN] [edit] qid internal_multilog__pmem__pmemspec_t__PersistentMemoryByte_unbox_axiom_definition has no feasible actions [0m
[94m[DEBUG] [edit] 962612bb failed [0m
[93m[WARN] [edit] qid prelude_box_unbox_int has no feasible actions [0m
[94m[DEBUG] [edit] 30b5acb0 failed [0m
[92m[INFO] [edit] [inst] prelude_add 28 instances [0m
[92m[INFO] [edit] written to data/projs/fast_fail_4967dda8a3/base.z3/b64ee6ef.smt2 [0m
[92m[INFO] [edit] [inst] prelude_mk_fun 32 instances [0m
[92m[INFO] [edit] [erase] prelude_mk_fun [0m
[92m[INFO] [edit] written to data/projs/fast_fail_4967dda8a3/base.z3/8b310645.smt2 [0m
[92m[INFO] [edit] [inst] prelude_nat_clip 31 instances [0m
[92m[INFO] [edit] [erase] prelude_nat_clip [0m
[92m[INFO] [edit] written to data/projs/fast_fail_4967dda8a3/base.z3/0bbd00e5.smt2 [0m
[92m[INFO] [edit] [inst] prelude_has_type_int 9 instances [0m
[92m[INFO] [edit] written to data/projs/fast_fail_4967dda8a3/base.z3/11c97c25.smt2 [0m
[92m[INFO] [edit] [inst] prelude_sub 15 instances [0m
[92m[INFO] [edit] written to data/projs/fast_fail_4967dda8a3/base.z3/799880e0.smt2 [0m
Produced candidate smt2 files
[94m[DEBUG] created table fast_fail_4967dda8a3_base_z3_z3_4_16_0_exp [0m
[92m[INFO] running 10 original queries [0m
[94m[DEBUG] running ALL of fast_fail_4967dda8a3.base.z3 [0m
[94m[DEBUG] adding 10 tasks [0m
[92m[INFO] running 10 tasks [0m
[92m[INFO] there is 4 processors [0m
[94m[DEBUG] worker 1 finished in 0.48 seconds [0m
[94m[DEBUG] worker 0 finished in 0.5 seconds [0m
[94m[DEBUG] worker 3 finished in 0.52 seconds [0m
[94m[DEBUG] worker 2 finished in 0.54 seconds [0m
[92m[INFO] workers finished [0m
[92m[INFO] done post processing exp data [0m
verify candidate c859c230: 0.221s; rank=3; p=5; t=0.221
verify candidate 799880e0: 0.223s; rank=10; p=3; t=0.223
verify candidate fb9e5c4f: 0.269s; rank=2; p=6; t=0.269
verify candidate 11c97c25: 0.286s; rank=9; p=3; t=0.286
verify candidate 0bbd00e5: 0.293s; rank=8; p=3; t=0.293
verify candidate 8ab12f96: 0.300s; rank=5; p=4; t=0.300
selected 6 verified candidates to data/projs/fast_fail_4967dda8a3.filtered/base.z3 with 1.592s vanilla verification budget
[92m[INFO] running 6 original queries [0m
[92m[INFO] running 60 tasks [0m
[92m[INFO] there is 7 processors [0m
[94m[DEBUG] created table fast_fail_4967dda8a3_filtered_base_z3_z3_4_16_0_exp [0m
[94m[DEBUG] running ALL of fast_fail_4967dda8a3.filtered.base.z3 [0m
[94m[DEBUG] adding 60 tasks [0m
[94m[DEBUG] worker 5 finished in 2.55 seconds [0m
[94m[DEBUG] worker 0 finished in 2.57 seconds [0m
[94m[DEBUG] worker 6 finished in 2.6 seconds [0m
[94m[DEBUG] worker 4 finished in 2.64 seconds [0m
[94m[DEBUG] worker 1 finished in 2.65 seconds [0m
[94m[DEBUG] worker 2 finished in 2.73 seconds [0m
[94m[DEBUG] worker 3 finished in 2.85 seconds [0m
[92m[INFO] workers finished [0m
[92m[INFO] done post processing exp data [0m
=== Overall Report ===

project dir:	data/projs/fast_fail_4967dda8a3.filtered/base.z3
exper config:	filter
solver path:	bin/z3-4.16.0
analyzer:	default

| category   |   count | percentage   |
|------------|---------|--------------|
| unstable   |       3 | 50.0%        |
| stable     |       3 | 50.0%        |
| total      |       6 | 100.00 %     |

=== Report End ===
Ran mariposa on filtered queries
[92m[INFO] carving out query 11c97c25 [0m
Passed Mutants (7):
data/projs/fast_fail_4967dda8a3.filtered/base.z3/11c97c25.smt2 - unsat - 0.33
gen/fast_fail_4967dda8a3.filtered/base.z3/filter/11c97c25.6273978972448549284.reseed.smt2 - unsat - 0.28
gen/fast_fail_4967dda8a3.filtered/base.z3/filter/11c97c25.12904899167226025460.rename.smt2 - unsat - 0.33
gen/fast_fail_4967dda8a3.filtered/base.z3/filter/11c97c25.4007791457825675649.reseed.smt2 - unsat - 0.27
gen/fast_fail_4967dda8a3.filtered/base.z3/filter/11c97c25.8977903154292055098.rename.smt2 - unsat - 0.32
gen/fast_fail_4967dda8a3.filtered/base.z3/filter/11c97c25.13000297236244975109.reseed.smt2 - unsat - 0.29
gen/fast_fail_4967dda8a3.filtered/base.z3/filter/11c97c25.206802902701978438.rename.smt2 - unsat - 0.32

Failed Mutants (3):
gen/fast_fail_4967dda8a3.filtered/base.z3/filter/11c97c25.15889820137576501605.shuffle.smt2 - unknown - 0.13
gen/fast_fail_4967dda8a3.filtered/base.z3/filter/11c97c25.12205682776437853791.shuffle.smt2 - unknown - 0.09
gen/fast_fail_4967dda8a3.filtered/base.z3/filter/11c97c25.1373325362216312806.shuffle.smt2 - unknown - 0.08
[92m[INFO] carving out query c859c230 [0m
Passed Mutants (8):
gen/fast_fail_4967dda8a3.filtered/base.z3/filter/c859c230.9014058672661943832.reseed.smt2 - unsat - 0.3
gen/fast_fail_4967dda8a3.filtered/base.z3/filter/c859c230.12345125133410731507.reseed.smt2 - unsat - 0.33
gen/fast_fail_4967dda8a3.filtered/base.z3/filter/c859c230.1633502384416718517.rename.smt2 - unsat - 0.24
gen/fast_fail_4967dda8a3.filtered/base.z3/filter/c859c230.2410766260882619138.shuffle.smt2 - unsat - 0.29
gen/fast_fail_4967dda8a3.filtered/base.z3/filter/c859c230.1601915696077071377.reseed.smt2 - unsat - 0.29
gen/fast_fail_4967dda8a3.filtered/base.z3/filter/c859c230.11601443881602592906.rename.smt2 - unsat - 0.24
data/projs/fast_fail_4967dda8a3.filtered/base.z3/c859c230.smt2 - unsat - 0.24
gen/fast_fail_4967dda8a3.filtered/base.z3/filter/c859c230.6813979326862228457.rename.smt2 - unsat - 0.25

Failed Mutants (2):
gen/fast_fail_4967dda8a3.filtered/base.z3/filter/c859c230.893024011658120366.shuffle.smt2 - unknown - 0.13
gen/fast_fail_4967dda8a3.filtered/base.z3/filter/c859c230.16938093720414404995.shuffle.smt2 - unknown - 0.11
[92m[INFO] carving out query fb9e5c4f [0m
Passed Mutants (7):
gen/fast_fail_4967dda8a3.filtered/base.z3/filter/fb9e5c4f.3976403514135547665.rename.smt2 - unsat - 0.29
gen/fast_fail_4967dda8a3.filtered/base.z3/filter/fb9e5c4f.9975343386248783479.reseed.smt2 - unsat - 0.28
gen/fast_fail_4967dda8a3.filtered/base.z3/filter/fb9e5c4f.2711744183949561599.reseed.smt2 - unsat - 0.29
data/projs/fast_fail_4967dda8a3.filtered/base.z3/fb9e5c4f.smt2 - unsat - 0.29
gen/fast_fail_4967dda8a3.filtered/base.z3/filter/fb9e5c4f.9232806215351345997.rename.smt2 - unsat - 0.29
gen/fast_fail_4967dda8a3.filtered/base.z3/filter/fb9e5c4f.18382649392935270080.reseed.smt2 - unsat - 0.29
gen/fast_fail_4967dda8a3.filtered/base.z3/filter/fb9e5c4f.17932129505188686261.rename.smt2 - unsat - 0.29

Failed Mutants (3):
gen/fast_fail_4967dda8a3.filtered/base.z3/filter/fb9e5c4f.10664708288144612488.shuffle.smt2 - unknown - 0.13
gen/fast_fail_4967dda8a3.filtered/base.z3/filter/fb9e5c4f.10331026722071888285.shuffle.smt2 - unknown - 0.15
gen/fast_fail_4967dda8a3.filtered/base.z3/filter/fb9e5c4f.14748377773910170742.shuffle.smt2 - unknown - 0.13
[92m[INFO] removed 3 queries, 3 remaining [0m
Carved out unstable queries
Ran early-stop stability checks until a stable fix was found
Checking candidates by increasing vanilla verification time
Checking candidate 1/3 for stability: data/projs/fast_fail_4967dda8a3.filtered/base.z3/799880e0.smt2
[92m[INFO] using 60s solver timeout (capped by analyzer 60sec) [0m
[94m[DEBUG] created table single_ef265a8e5a_base_z3_z3_4_16_0_exp [0m
[92m[INFO] running 1 original queries [0m
[94m[DEBUG] running ALL of single_ef265a8e5a.base.z3 [0m
[94m[DEBUG] adding 181 tasks [0m
=== stable (1) ===
query path: gen/sproj_single_ef265a8e5a/799880e0.smt2
Found a stable fix; stopping further stability checks
Got list of fixes
Found 1 fix(es):
    799880e0: inst_keep prelude_sub -> data/projs/fast_fail_4967dda8a3/base.z3/799880e0.smt2

=== Caza external-call time (wall clock) ===
    0.34s  initial stability check
    0.05s  build debugger trace and proof
    1.16s  finding fixes
    0.58s  verify candidates
    0.00s  filter broken candidates
    3.46s  filter candidates experiment
    0.88s  carve unstable candidates
    8.26s  early stability check 799880e0.smt2
   14.74s  total

================================================================================
[64/73] Caza query finished 2026-08-25T17:38:40
exit status: 0
================================================================================

================================================================================
[65/73] Caza query started 2026-08-25T17:38:40
query: /home/youjia/mariposa/data/verita_bad/verified-storage-multilog__multilog__start_v.2.smt2
command: /usr/bin/python3 -u /home/youjia/mariposa/src/caza_wizard.py --set-seed 0x87654321 --early --fast-proof --sort time /home/youjia/mariposa/data/verita_bad/verified-storage-multilog__multilog__start_v.2.smt2
================================================================================
Parsing...
Checking whether the input query is already stable
[92m[INFO] removing gen/sproj_single_f591a6ab06 [0m
[92m[INFO] using 60s solver timeout (capped by analyzer 60sec) [0m
[94m[DEBUG] created table single_f591a6ab06_base_z3_z3_4_16_0_exp [0m
[92m[INFO] running 1 original queries [0m
[94m[DEBUG] running ALL of single_f591a6ab06.base.z3 [0m
[94m[DEBUG] adding 181 tasks [0m
[92m[INFO] criteria: vanilla=pending; groups: shuffle=[unknown@0.295s, unknown@0.312s, unknown@0.311s, unknown@0.330s] (56 mutant result(s) pending); rename=[] (60 mutant result(s) pending); reseed=[] (60 mutant result(s) pending); possible final categories=[unsolvable, unstable] [0m
[92m[INFO] early decision: gen/sproj_single_f591a6ab06/verified-storage-multilog__multilog__start_v.2.smt2 -> not_stable; skipping 171 queued tasks [0m
=== stable (0) ===
Starting Cazamariposas
[92m[INFO] [init] loaded cached artifacts: traces=3, cores=2, proofs=2 [0m
[92m[INFO] [init] cached-proofs-only: skipping trace, core, and proof construction [0m
[92m[INFO] [init] dbg root: dbg/f591a6ab06/ [0m
[92m[INFO] [init] f591a6ab06 auto selected DbgMode.FAST_FAIL [0m
Found failure trace and proof object
[94m[DEBUG] [edit] proof path: dbg/f591a6ab06/proofs/rename.191134073603777486.proof [0m
[94m[DEBUG] [edit] trace path: dbg/f591a6ab06/traces/shuffle.12420925493754069455 [0m
46949057d43f3ab98e7baed818f65c05.pickle
[93m[WARN] [differ] qid constructor_accessor_axiom not found in dbg/f591a6ab06/orig.smt2 [0m
[93m[WARN] [differ] qid <null> not found in dbg/f591a6ab06/orig.smt2 [0m
[92m[INFO] [edit] [inst] prelude_unbox_box_int 48 instances [0m
[92m[INFO] [edit] written to data/projs/fast_fail_f591a6ab06/base.z3/7e1bcc27.smt2 [0m
[92m[INFO] [edit] [inst] prelude_add 31 instances [0m
[92m[INFO] [edit] written to data/projs/fast_fail_f591a6ab06/base.z3/b64ee6ef.smt2 [0m
[92m[INFO] [edit] [inst] prelude_fuel_defaults 55 instances [0m
[92m[INFO] [edit] [erase] prelude_fuel_defaults [0m
[92m[INFO] [edit] written to data/projs/fast_fail_f591a6ab06/base.z3/8ab12f96.smt2 [0m
[92m[INFO] [edit] [inst] user_vstd__seq__lemma_seq_new_index_41 2 instances [0m
[92m[INFO] [edit] written to data/projs/fast_fail_f591a6ab06/base.z3/daaf5763.smt2 [0m
[93m[WARN] [edit] qid mariposa_qid_13 has no feasible actions [0m
[94m[DEBUG] [edit] 0ebd8363 failed [0m
[92m[INFO] [edit] [inst] prelude_nat_clip 36 instances [0m
[92m[INFO] [edit] [erase] prelude_nat_clip [0m
[92m[INFO] [edit] written to data/projs/fast_fail_f591a6ab06/base.z3/0bbd00e5.smt2 [0m
[92m[INFO] [edit] [inst] prelude_has_type_int 15 instances [0m
[92m[INFO] [edit] written to data/projs/fast_fail_f591a6ab06/base.z3/11c97c25.smt2 [0m
[93m[WARN] [edit] qid prelude_box_unbox_int has no feasible actions [0m
[94m[DEBUG] [edit] 30b5acb0 failed [0m
[92m[INFO] [edit] [inst] internal_vstd__seq__Seq<u8.>_unbox_axiom_definition 30 instances [0m
[92m[INFO] [edit] [erase] internal_vstd__seq__Seq<u8.>_unbox_axiom_definition [0m
[92m[INFO] [edit] written to data/projs/fast_fail_f591a6ab06/base.z3/82ffdc07.smt2 [0m
[94m[DEBUG] [skolem] k$!skolem_user_multilog__pmem__pmemspec_t__PersistentMemoryRegionView__no_outstanding_writes_in_range_81!0 -> skv_abfff921cc46e1fa_1 [0m
[92m[INFO] [edit] [skolem] internal_multilog!pmem.pmemspec_t.impl&__8.no_outstanding_writes_in_range.?_definition creates 1 skolem funs, 1 asserts [0m
(assert (=> (fuel_bool fuel%multilog!pmem.pmemspec_t.impl&%8.no_outstanding_writes_in_range.) (forall ((self! Poly) (i! Poly) (j! Poly)) (! (= (multilog!pmem.pmemspec_t.impl&%8.no_outstanding_writes_in_range.? self! i! j!) (forall ((k$ Poly)) (! (=> (has_type k$ INT) (=> (let ((tmp%%$ (%I i!))) (let ((tmp%%$1 (%I k$))) (let ((tmp%%$2 (%I j!))) (and (<= tmp%%$ tmp%%$1) (< tmp%%$1 tmp%%$2))))) ((_ is core!option.Option./None) (multilog!pmem.pmemspec_t.PersistentMemoryByte./PersistentMemoryByte/outstanding_write (%Poly%multilog!pmem.pmemspec_t.PersistentMemoryByte. (vstd!seq.Seq.index.? $ TYPE%multilog!pmem.pmemspec_t.PersistentMemoryByte. (Poly%vstd!seq.Seq<multilog!pmem.pmemspec_t.PersistentMemoryByte.>. (multilog!pmem.pmemspec_t.PersistentMemoryRegionView./PersistentMemoryRegionView/state (%Poly%multilog!pmem.pmemspec_t.PersistentMemoryRegionView. self!))) k$)))))) :pattern ((multilog!pmem.pmemspec_t.PersistentMemoryByte./PersistentMemoryByte/outstanding_write (%Poly%multilog!pmem.pmemspec_t.PersistentMemoryByte. (vstd!seq.Seq.index.? $ TYPE%multilog!pmem.pmemspec_t.PersistentMemoryByte. (Poly%vstd!seq.Seq<multilog!pmem.pmemspec_t.PersistentMemoryByte.>. (multilog!pmem.pmemspec_t.PersistentMemoryRegionView./PersistentMemoryRegionView/state (%Poly%multilog!pmem.pmemspec_t.PersistentMemoryRegionView. self!))) k$)))) :qid user_multilog__pmem__pmemspec_t__PersistentMemoryRegionView__no_outstanding_writes_in_range_81 :skolemid skolem_user_multilog__pmem__pmemspec_t__PersistentMemoryRegionView__no_outstanding_writes_in_range_81))) :pattern ((multilog!pmem.pmemspec_t.impl&%8.no_outstanding_writes_in_range.? self! i! j!)) :qid internal_multilog!pmem.pmemspec_t.impl&__8.no_outstanding_writes_in_range.?_definition :skolemid skolem_internal_multilog!pmem.pmemspec_t.impl&__8.no_outstanding_writes_in_range.?_definition))))
[92m[INFO] [edit] [banish] internal_multilog!pmem.pmemspec_t.impl&__8.no_outstanding_writes_in_range.?_definition [0m
[93m[WARN] failed to banish internal_multilog!pmem.pmemspec_t.impl&__8.no_outstanding_writes_in_range.?_definition [0m
[92m[INFO] [edit] written to data/projs/fast_fail_f591a6ab06/base.z3/1505135a.smt2 [0m
[94m[DEBUG] [skolem] i$!skolem_user_multilog__pmem__pmemspec_t__maybe_corrupted_82!1 -> skv_abfff921cc46e1fa_2 [0m
[92m[INFO] [edit] [skolem] internal_multilog!pmem.pmemspec_t.maybe_corrupted.?_definition creates 1 skolem funs, 1 asserts [0m
(assert (=> (fuel_bool fuel%multilog!pmem.pmemspec_t.maybe_corrupted.) (forall ((bytes! Poly) (true_bytes! Poly) (addrs! Poly)) (! (= (multilog!pmem.pmemspec_t.maybe_corrupted.? bytes! true_bytes! addrs!) (and (let ((tmp%%$ (vstd!seq.Seq.len.? $ (UINT 8) bytes!))) (let ((tmp%%$1 (vstd!seq.Seq.len.? $ (UINT 8) true_bytes!))) (let ((tmp%%$2 (vstd!seq.Seq.len.? $ INT addrs!))) (and (= tmp%%$ tmp%%$1) (= tmp%%$1 tmp%%$2))))) (forall ((i$ Poly)) (! (=> (has_type i$ INT) (=> (let ((tmp%%$ 0)) (let ((tmp%%$4 (%I i$))) (let ((tmp%%$5 (vstd!seq.Seq.len.? $ (UINT 8) bytes!))) (and (<= tmp%%$ tmp%%$4) (< tmp%%$4 tmp%%$5))))) (multilog!pmem.pmemspec_t.maybe_corrupted_byte.? (vstd!seq.Seq.index.? $ (UINT 8) bytes! i$) (vstd!seq.Seq.index.? $ (UINT 8) true_bytes! i$) (vstd!seq.Seq.index.? $ INT addrs! i$)))) :pattern ((vstd!seq.Seq.index.? $ (UINT 8) bytes! i$)) :pattern ((vstd!seq.Seq.index.? $ (UINT 8) true_bytes! i$)) :pattern ((vstd!seq.Seq.index.? $ INT addrs! i$)) :qid user_multilog__pmem__pmemspec_t__maybe_corrupted_82 :skolemid skolem_user_multilog__pmem__pmemspec_t__maybe_corrupted_82)))) :pattern ((multilog!pmem.pmemspec_t.maybe_corrupted.? bytes! true_bytes! addrs!)) :qid internal_multilog!pmem.pmemspec_t.maybe_corrupted.?_definition :skolemid skolem_internal_multilog!pmem.pmemspec_t.maybe_corrupted.?_definition))))
[92m[INFO] [edit] [banish] internal_multilog!pmem.pmemspec_t.maybe_corrupted.?_definition [0m
[93m[WARN] failed to banish internal_multilog!pmem.pmemspec_t.maybe_corrupted.?_definition [0m
[92m[INFO] [edit] written to data/projs/fast_fail_f591a6ab06/base.z3/e276523c.smt2 [0m
[92m[INFO] [edit] [inst] prelude_mk_fun 22 instances [0m
[92m[INFO] [edit] [erase] prelude_mk_fun [0m
[92m[INFO] [edit] written to data/projs/fast_fail_f591a6ab06/base.z3/8b310645.smt2 [0m
Produced candidate smt2 files
[94m[DEBUG] created table fast_fail_f591a6ab06_base_z3_z3_4_16_0_exp [0m
[92m[INFO] running 10 original queries [0m
[94m[DEBUG] running ALL of fast_fail_f591a6ab06.base.z3 [0m
[94m[DEBUG] adding 10 tasks [0m
[92m[INFO] running 10 tasks [0m
[92m[INFO] there is 4 processors [0m
[94m[DEBUG] worker 0 finished in 0.92 seconds [0m
[94m[DEBUG] worker 2 finished in 0.99 seconds [0m
[94m[DEBUG] worker 3 finished in 1.05 seconds [0m
[94m[DEBUG] worker 1 finished in 1.16 seconds [0m
[92m[INFO] workers finished [0m
[92m[INFO] done post processing exp data [0m
verify candidate 8ab12f96: 0.416s; rank=3; p=5; t=0.416
verify candidate 8b310645: 0.446s; rank=10; p=3; t=0.446
verify candidate 82ffdc07: 0.465s; rank=7; p=4; t=0.465
verify candidate 1505135a: 0.470s; rank=8; p=3; t=0.470
verify candidate daaf5763: 0.474s; rank=4; p=4; t=0.474
verify candidate e276523c: 0.482s; rank=9; p=3; t=0.482
verify candidate 0bbd00e5: 0.500s; rank=5; p=4; t=0.500
selected 7 verified candidates to data/projs/fast_fail_f591a6ab06.filtered/base.z3 with 3.253s vanilla verification budget
[92m[INFO] running 7 original queries [0m
[92m[INFO] running 70 tasks [0m
[92m[INFO] there is 7 processors [0m
[94m[DEBUG] created table fast_fail_f591a6ab06_filtered_base_z3_z3_4_16_0_exp [0m
[94m[DEBUG] running ALL of fast_fail_f591a6ab06.filtered.base.z3 [0m
[94m[DEBUG] adding 70 tasks [0m
[94m[DEBUG] worker 3 finished in 5.34 seconds [0m
[94m[DEBUG] worker 6 finished in 5.5 seconds [0m
[94m[DEBUG] worker 1 finished in 5.57 seconds [0m
[94m[DEBUG] worker 2 finished in 5.61 seconds [0m
[94m[DEBUG] worker 5 finished in 5.64 seconds [0m
[94m[DEBUG] worker 0 finished in 5.67 seconds [0m
[94m[DEBUG] worker 4 finished in 5.68 seconds [0m
[92m[INFO] workers finished [0m
[92m[INFO] done post processing exp data [0m
=== Overall Report ===

project dir:	data/projs/fast_fail_f591a6ab06.filtered/base.z3
exper config:	filter
solver path:	bin/z3-4.16.0
analyzer:	default

| category   |   count | percentage   |
|------------|---------|--------------|
| unstable   |       5 | 71.43%       |
| stable     |       2 | 28.57%       |
| total      |       7 | 100.00 %     |

=== Report End ===
Ran mariposa on filtered queries
[92m[INFO] carving out query 1505135a [0m
Passed Mutants (8):
data/projs/fast_fail_f591a6ab06.filtered/base.z3/1505135a.smt2 - unsat - 0.56
gen/fast_fail_f591a6ab06.filtered/base.z3/filter/1505135a.12394542216425921630.reseed.smt2 - unsat - 0.57
gen/fast_fail_f591a6ab06.filtered/base.z3/filter/1505135a.7631663036716257749.shuffle.smt2 - unsat - 0.59
gen/fast_fail_f591a6ab06.filtered/base.z3/filter/1505135a.9012856264439171887.reseed.smt2 - unsat - 0.51
gen/fast_fail_f591a6ab06.filtered/base.z3/filter/1505135a.16157760915536447195.reseed.smt2 - unsat - 0.57
gen/fast_fail_f591a6ab06.filtered/base.z3/filter/1505135a.10506089783267690132.rename.smt2 - unsat - 0.57
gen/fast_fail_f591a6ab06.filtered/base.z3/filter/1505135a.10507890873771056888.rename.smt2 - unsat - 0.56
gen/fast_fail_f591a6ab06.filtered/base.z3/filter/1505135a.6984594653635051283.rename.smt2 - unsat - 0.55

Failed Mutants (2):
gen/fast_fail_f591a6ab06.filtered/base.z3/filter/1505135a.16388684869327120177.shuffle.smt2 - unknown - 0.33
gen/fast_fail_f591a6ab06.filtered/base.z3/filter/1505135a.16298202018539727932.shuffle.smt2 - unknown - 0.36
[92m[INFO] carving out query 82ffdc07 [0m
Passed Mutants (7):
gen/fast_fail_f591a6ab06.filtered/base.z3/filter/82ffdc07.2243298928813177860.reseed.smt2 - unsat - 0.59
gen/fast_fail_f591a6ab06.filtered/base.z3/filter/82ffdc07.15575614061232979876.rename.smt2 - unsat - 0.53
data/projs/fast_fail_f591a6ab06.filtered/base.z3/82ffdc07.smt2 - unsat - 0.54
gen/fast_fail_f591a6ab06.filtered/base.z3/filter/82ffdc07.1491613159228873198.rename.smt2 - unsat - 0.53
gen/fast_fail_f591a6ab06.filtered/base.z3/filter/82ffdc07.5890863324868472383.reseed.smt2 - unsat - 0.49
gen/fast_fail_f591a6ab06.filtered/base.z3/filter/82ffdc07.4662078068128924250.reseed.smt2 - unsat - 0.51
gen/fast_fail_f591a6ab06.filtered/base.z3/filter/82ffdc07.5467022476867884720.rename.smt2 - unsat - 0.52

Failed Mutants (3):
gen/fast_fail_f591a6ab06.filtered/base.z3/filter/82ffdc07.3813406296646187765.shuffle.smt2 - unknown - 0.3
gen/fast_fail_f591a6ab06.filtered/base.z3/filter/82ffdc07.26821131327403340.shuffle.smt2 - unknown - 0.28
gen/fast_fail_f591a6ab06.filtered/base.z3/filter/82ffdc07.15717377936870952236.shuffle.smt2 - unknown - 0.44
[92m[INFO] carving out query 8b310645 [0m
Passed Mutants (8):
gen/fast_fail_f591a6ab06.filtered/base.z3/filter/8b310645.15351342528024134899.reseed.smt2 - unsat - 0.56
gen/fast_fail_f591a6ab06.filtered/base.z3/filter/8b310645.1144898474964539459.rename.smt2 - unsat - 0.51
gen/fast_fail_f591a6ab06.filtered/base.z3/filter/8b310645.17627227254165443036.reseed.smt2 - unsat - 0.56
gen/fast_fail_f591a6ab06.filtered/base.z3/filter/8b310645.7389616666350734015.rename.smt2 - unsat - 0.51
gen/fast_fail_f591a6ab06.filtered/base.z3/filter/8b310645.4314932374902655122.shuffle.smt2 - unsat - 0.49
gen/fast_fail_f591a6ab06.filtered/base.z3/filter/8b310645.2701995327611298622.reseed.smt2 - unsat - 0.51
gen/fast_fail_f591a6ab06.filtered/base.z3/filter/8b310645.2139773707204693027.rename.smt2 - unsat - 0.5
data/projs/fast_fail_f591a6ab06.filtered/base.z3/8b310645.smt2 - unsat - 0.52

Failed Mutants (2):
gen/fast_fail_f591a6ab06.filtered/base.z3/filter/8b310645.12827413973033182637.shuffle.smt2 - unknown - 0.31
gen/fast_fail_f591a6ab06.filtered/base.z3/filter/8b310645.15303084724106007257.shuffle.smt2 - unknown - 0.31
[92m[INFO] carving out query daaf5763 [0m
Passed Mutants (8):
gen/fast_fail_f591a6ab06.filtered/base.z3/filter/daaf5763.5100518573502625284.reseed.smt2 - unsat - 0.58
gen/fast_fail_f591a6ab06.filtered/base.z3/filter/daaf5763.7182921869521139865.reseed.smt2 - unsat - 0.53
data/projs/fast_fail_f591a6ab06.filtered/base.z3/daaf5763.smt2 - unsat - 0.56
gen/fast_fail_f591a6ab06.filtered/base.z3/filter/daaf5763.4054064757101080801.shuffle.smt2 - unsat - 0.55
gen/fast_fail_f591a6ab06.filtered/base.z3/filter/daaf5763.16134745606507371691.rename.smt2 - unsat - 0.57
gen/fast_fail_f591a6ab06.filtered/base.z3/filter/daaf5763.3189249023829765822.rename.smt2 - unsat - 0.57
gen/fast_fail_f591a6ab06.filtered/base.z3/filter/daaf5763.12999178459812658428.rename.smt2 - unsat - 0.55
gen/fast_fail_f591a6ab06.filtered/base.z3/filter/daaf5763.14559651409833973726.reseed.smt2 - unsat - 0.5

Failed Mutants (2):
gen/fast_fail_f591a6ab06.filtered/base.z3/filter/daaf5763.6796530219775086152.shuffle.smt2 - unknown - 0.31
gen/fast_fail_f591a6ab06.filtered/base.z3/filter/daaf5763.10477604029303730209.shuffle.smt2 - unknown - 0.36
[92m[INFO] carving out query e276523c [0m
Passed Mutants (9):
gen/fast_fail_f591a6ab06.filtered/base.z3/filter/e276523c.10486127639668847989.rename.smt2 - unsat - 0.58
gen/fast_fail_f591a6ab06.filtered/base.z3/filter/e276523c.6249896574945509905.shuffle.smt2 - unsat - 0.64
gen/fast_fail_f591a6ab06.filtered/base.z3/filter/e276523c.8716141675632533337.rename.smt2 - unsat - 0.56
gen/fast_fail_f591a6ab06.filtered/base.z3/filter/e276523c.10174057967606246273.reseed.smt2 - unsat - 0.56
gen/fast_fail_f591a6ab06.filtered/base.z3/filter/e276523c.12721485291503356353.reseed.smt2 - unsat - 0.57
gen/fast_fail_f591a6ab06.filtered/base.z3/filter/e276523c.5842291341563266895.reseed.smt2 - unsat - 0.56
data/projs/fast_fail_f591a6ab06.filtered/base.z3/e276523c.smt2 - unsat - 0.57
gen/fast_fail_f591a6ab06.filtered/base.z3/filter/e276523c.16196179536536696787.shuffle.smt2 - unsat - 0.53
gen/fast_fail_f591a6ab06.filtered/base.z3/filter/e276523c.3661688104729656866.rename.smt2 - unsat - 0.56

Failed Mutants (1):
gen/fast_fail_f591a6ab06.filtered/base.z3/filter/e276523c.9847174235556859235.shuffle.smt2 - unknown - 0.31
[92m[INFO] removed 5 queries, 2 remaining [0m
Carved out unstable queries
Ran early-stop stability checks until a stable fix was found
Checking candidates by increasing vanilla verification time
Checking candidate 1/2 for stability: data/projs/fast_fail_f591a6ab06.filtered/base.z3/8ab12f96.smt2
[92m[INFO] removing gen/sproj_single_4a01334048 [0m
[92m[INFO] using 60s solver timeout (capped by analyzer 60sec) [0m
[94m[DEBUG] created table single_4a01334048_base_z3_z3_4_16_0_exp [0m
[92m[INFO] running 1 original queries [0m
[94m[DEBUG] running ALL of single_4a01334048.base.z3 [0m
[94m[DEBUG] adding 181 tasks [0m
[94m[DEBUG] finished: 121/181, elapsed: 0.0 hours, estimated: 08-25 17:39 [0m
=== stable (1) ===
query path: gen/sproj_single_4a01334048/8ab12f96.smt2
Found a stable fix; stopping further stability checks
Got list of fixes
Found 1 fix(es):
    8ab12f96: inst_replace prelude_fuel_defaults -> data/projs/fast_fail_f591a6ab06/base.z3/8ab12f96.smt2

=== Caza external-call time (wall clock) ===
    0.76s  initial stability check
    0.05s  build debugger trace and proof
    1.45s  finding fixes
    1.21s  verify candidates
    0.01s  filter broken candidates
    6.34s  filter candidates experiment
    0.88s  carve unstable candidates
   14.28s  early stability check 8ab12f96.smt2
   24.99s  total

================================================================================
[65/73] Caza query finished 2026-08-25T17:39:06
exit status: 0
================================================================================

================================================================================
[66/73] Caza query started 2026-08-25T17:39:06
query: /home/youjia/mariposa/data/verita_bad/vest-vest__regular__variant.21.smt2
command: /usr/bin/python3 -u /home/youjia/mariposa/src/caza_wizard.py --set-seed 0x87654321 --early --fast-proof --sort time /home/youjia/mariposa/data/verita_bad/vest-vest__regular__variant.21.smt2
================================================================================
Parsing...
Checking whether the input query is already stable
[92m[INFO] removing gen/sproj_single_0980168b70 [0m
[92m[INFO] using 60s solver timeout (capped by analyzer 60sec) [0m
[94m[DEBUG] created table single_0980168b70_base_z3_z3_4_16_0_exp [0m
[92m[INFO] running 1 original queries [0m
[94m[DEBUG] running ALL of single_0980168b70.base.z3 [0m
[94m[DEBUG] adding 181 tasks [0m
[92m[INFO] criteria: vanilla=unsat@0.066s; groups: shuffle=[unknown@0.065s, unknown@0.065s, unknown@0.065s, unknown@0.065s] (56 mutant result(s) pending); rename=[] (60 mutant result(s) pending); reseed=[] (60 mutant result(s) pending); possible final categories=[unsolvable, unstable] [0m
[92m[INFO] early decision: gen/sproj_single_0980168b70/vest-vest__regular__variant.21.smt2 -> not_stable; skipping 170 queued tasks [0m
=== stable (0) ===
Starting Cazamariposas
[92m[INFO] [init] loaded cached artifacts: traces=3, cores=4, proofs=4 [0m
[92m[INFO] [init] cached-proofs-only: skipping trace, core, and proof construction [0m
[92m[INFO] [init] dbg root: dbg/0980168b70/ [0m
[92m[INFO] [init] 0980168b70 auto selected DbgMode.FAST_FAIL [0m
Found failure trace and proof object
[94m[DEBUG] [edit] proof path: dbg/0980168b70/proofs/rename.191134073603777486.proof [0m
[94m[DEBUG] [edit] trace path: dbg/0980168b70/traces/shuffle.6459514956588936749 [0m
b3fd47f061daecce1b1e2e41768d298c.pickle
[93m[WARN] [differ] qid constructor_accessor_axiom not found in dbg/0980168b70/orig.smt2 [0m
[93m[WARN] [differ] qid <null> not found in dbg/0980168b70/orig.smt2 [0m
[92m[INFO] [edit] [inst] prelude_fuel_defaults 14 instances [0m
[92m[INFO] [edit] [erase] prelude_fuel_defaults [0m
[92m[INFO] [edit] written to data/projs/fast_fail_0980168b70/base.z3/8ab12f96.smt2 [0m
[92m[INFO] [edit] [inst] internal_core__option__Option_box_axiom_definition 13 instances [0m
[92m[INFO] [edit] [erase] internal_core__option__Option_box_axiom_definition [0m
[92m[INFO] [edit] written to data/projs/fast_fail_0980168b70/base.z3/b6c8e4c4.smt2 [0m
[92m[INFO] [edit] [inst] prelude_box_unbox_int 6 instances [0m
[92m[INFO] [edit] written to data/projs/fast_fail_0980168b70/base.z3/2ce24263.smt2 [0m
[92m[INFO] [edit] [inst] internal_tuple__2./tuple__2/1_accessor_definition 8 instances [0m
[92m[INFO] [edit] [erase] internal_tuple__2./tuple__2/1_accessor_definition [0m
[92m[INFO] [edit] written to data/projs/fast_fail_0980168b70/base.z3/60a0c328.smt2 [0m
[92m[INFO] [edit] [inst] internal_tuple__2./tuple__2/0_accessor_definition 8 instances [0m
[92m[INFO] [edit] [erase] internal_tuple__2./tuple__2/0_accessor_definition [0m
[92m[INFO] [edit] written to data/projs/fast_fail_0980168b70/base.z3/b526b8f6.smt2 [0m
[92m[INFO] [edit] [inst] internal_vest_lib!properties.SpecCombinator.spec_parse.?_pre_post_definition 7 instances [0m
[92m[INFO] [edit] [erase] internal_vest_lib!properties.SpecCombinator.spec_parse.?_pre_post_definition [0m
[92m[INFO] [edit] written to data/projs/fast_fail_0980168b70/base.z3/c0510616.smt2 [0m
[92m[INFO] [edit] [inst] prelude_unbox_box_int 4 instances [0m
[92m[INFO] [edit] written to data/projs/fast_fail_0980168b70/base.z3/7e1bcc27.smt2 [0m
[92m[INFO] [edit] [inst] internal_crate__tuple__2_box_axiom_definition 6 instances [0m
[92m[INFO] [edit] [erase] internal_crate__tuple__2_box_axiom_definition [0m
[92m[INFO] [edit] written to data/projs/fast_fail_0980168b70/base.z3/32d4f16f.smt2 [0m
[92m[INFO] [edit] [inst] prelude_add 3 instances [0m
[92m[INFO] [edit] written to data/projs/fast_fail_0980168b70/base.z3/b64ee6ef.smt2 [0m
[92m[INFO] [edit] [inst] internal_tuple__2./tuple__2/0_invariant_definition 5 instances [0m
[92m[INFO] [edit] [erase] internal_tuple__2./tuple__2/0_invariant_definition [0m
[92m[INFO] [edit] written to data/projs/fast_fail_0980168b70/base.z3/c90c7704.smt2 [0m
Produced candidate smt2 files
[94m[DEBUG] created table fast_fail_0980168b70_base_z3_z3_4_16_0_exp [0m
[92m[INFO] running 10 original queries [0m
[94m[DEBUG] running ALL of fast_fail_0980168b70.base.z3 [0m
[94m[DEBUG] adding 10 tasks [0m
[92m[INFO] running 10 tasks [0m
[92m[INFO] there is 4 processors [0m
[94m[DEBUG] worker 3 finished in 0.13 seconds [0m
[94m[DEBUG] worker 2 finished in 0.14 seconds [0m
[94m[DEBUG] worker 1 finished in 0.19 seconds [0m
[94m[DEBUG] worker 0 finished in 0.2 seconds [0m
[92m[INFO] workers finished [0m
[92m[INFO] done post processing exp data [0m
verify candidate b64ee6ef: 0.059s; rank=9; p=3; t=0.059
verify candidate 60a0c328: 0.060s; rank=4; p=4; t=0.060
verify candidate b526b8f6: 0.060s; rank=5; p=4; t=0.060
verify candidate c0510616: 0.060s; rank=6; p=4; t=0.060
verify candidate 7e1bcc27: 0.061s; rank=7; p=4; t=0.061
verify candidate 8ab12f96: 0.066s; rank=1; p=8; t=0.066
selected 6 verified candidates to data/projs/fast_fail_0980168b70.filtered/base.z3 with 0.366s vanilla verification budget
[92m[INFO] running 6 original queries [0m
[92m[INFO] running 60 tasks [0m
[92m[INFO] there is 7 processors [0m
[94m[DEBUG] created table fast_fail_0980168b70_filtered_base_z3_z3_4_16_0_exp [0m
[94m[DEBUG] running ALL of fast_fail_0980168b70.filtered.base.z3 [0m
[94m[DEBUG] adding 60 tasks [0m
[94m[DEBUG] worker 3 finished in 0.85 seconds [0m
[94m[DEBUG] worker 6 finished in 0.86 seconds [0m
[94m[DEBUG] worker 0 finished in 0.89 seconds [0m
[94m[DEBUG] worker 1 finished in 0.92 seconds [0m
[94m[DEBUG] worker 4 finished in 0.93 seconds [0m
[94m[DEBUG] worker 5 finished in 0.93 seconds [0m
[94m[DEBUG] worker 2 finished in 0.94 seconds [0m
[92m[INFO] workers finished [0m
[92m[INFO] done post processing exp data [0m
=== Overall Report ===

project dir:	data/projs/fast_fail_0980168b70.filtered/base.z3
exper config:	filter
solver path:	bin/z3-4.16.0
analyzer:	default

| category   |   count | percentage   |
|------------|---------|--------------|
| unstable   |       5 | 83.33%       |
| stable     |       1 | 16.67%       |
| total      |       6 | 100.00 %     |

=== Report End ===
Ran mariposa on filtered queries
[92m[INFO] carving out query 60a0c328 [0m
Passed Mutants (9):
data/projs/fast_fail_0980168b70.filtered/base.z3/60a0c328.smt2 - unsat - 0.06
gen/fast_fail_0980168b70.filtered/base.z3/filter/60a0c328.2203665122435236903.rename.smt2 - unsat - 0.06
gen/fast_fail_0980168b70.filtered/base.z3/filter/60a0c328.12002205734714330568.rename.smt2 - unsat - 0.06
gen/fast_fail_0980168b70.filtered/base.z3/filter/60a0c328.11557826795919970454.shuffle.smt2 - unsat - 0.06
gen/fast_fail_0980168b70.filtered/base.z3/filter/60a0c328.6846285225474029527.reseed.smt2 - unsat - 0.06
gen/fast_fail_0980168b70.filtered/base.z3/filter/60a0c328.599277951801972122.reseed.smt2 - unsat - 0.06
gen/fast_fail_0980168b70.filtered/base.z3/filter/60a0c328.1283855877497625503.reseed.smt2 - unsat - 0.06
gen/fast_fail_0980168b70.filtered/base.z3/filter/60a0c328.1003990661257538263.rename.smt2 - unsat - 0.06
gen/fast_fail_0980168b70.filtered/base.z3/filter/60a0c328.5370263999642018529.shuffle.smt2 - unsat - 0.06

Failed Mutants (1):
gen/fast_fail_0980168b70.filtered/base.z3/filter/60a0c328.7681996185363823389.shuffle.smt2 - unknown - 0.07
[92m[INFO] carving out query 7e1bcc27 [0m
Passed Mutants (7):
gen/fast_fail_0980168b70.filtered/base.z3/filter/7e1bcc27.11108820535563445360.reseed.smt2 - unsat - 0.06
data/projs/fast_fail_0980168b70.filtered/base.z3/7e1bcc27.smt2 - unsat - 0.06
gen/fast_fail_0980168b70.filtered/base.z3/filter/7e1bcc27.2536691552342950266.reseed.smt2 - unsat - 0.06
gen/fast_fail_0980168b70.filtered/base.z3/filter/7e1bcc27.9922329530044676743.rename.smt2 - unsat - 0.07
gen/fast_fail_0980168b70.filtered/base.z3/filter/7e1bcc27.4087769281296091873.reseed.smt2 - unsat - 0.06
gen/fast_fail_0980168b70.filtered/base.z3/filter/7e1bcc27.5643880762895418999.rename.smt2 - unsat - 0.07
gen/fast_fail_0980168b70.filtered/base.z3/filter/7e1bcc27.17312184799985220974.rename.smt2 - unsat - 0.06

Failed Mutants (3):
gen/fast_fail_0980168b70.filtered/base.z3/filter/7e1bcc27.7434034488802762701.shuffle.smt2 - unknown - 0.07
gen/fast_fail_0980168b70.filtered/base.z3/filter/7e1bcc27.6916242173442638508.shuffle.smt2 - unknown - 0.07
gen/fast_fail_0980168b70.filtered/base.z3/filter/7e1bcc27.1669578133860839459.shuffle.smt2 - unknown - 0.06
[92m[INFO] carving out query b526b8f6 [0m
Passed Mutants (9):
gen/fast_fail_0980168b70.filtered/base.z3/filter/b526b8f6.7850070625152166781.reseed.smt2 - unsat - 0.06
gen/fast_fail_0980168b70.filtered/base.z3/filter/b526b8f6.8822171630780796746.rename.smt2 - unsat - 0.06
gen/fast_fail_0980168b70.filtered/base.z3/filter/b526b8f6.3386782190928433552.shuffle.smt2 - unsat - 0.07
data/projs/fast_fail_0980168b70.filtered/base.z3/b526b8f6.smt2 - unsat - 0.06
gen/fast_fail_0980168b70.filtered/base.z3/filter/b526b8f6.13350172631030645469.rename.smt2 - unsat - 0.06
gen/fast_fail_0980168b70.filtered/base.z3/filter/b526b8f6.7073607418059907287.shuffle.smt2 - unsat - 0.06
gen/fast_fail_0980168b70.filtered/base.z3/filter/b526b8f6.4836841846374843903.reseed.smt2 - unsat - 0.06
gen/fast_fail_0980168b70.filtered/base.z3/filter/b526b8f6.2945476159475585289.reseed.smt2 - unsat - 0.06
gen/fast_fail_0980168b70.filtered/base.z3/filter/b526b8f6.6933825919897462839.rename.smt2 - unsat - 0.06

Failed Mutants (1):
gen/fast_fail_0980168b70.filtered/base.z3/filter/b526b8f6.1929671631555404101.shuffle.smt2 - unknown - 0.07
[92m[INFO] carving out query b64ee6ef [0m
Passed Mutants (7):
gen/fast_fail_0980168b70.filtered/base.z3/filter/b64ee6ef.4405634051294338519.reseed.smt2 - unsat - 0.06
gen/fast_fail_0980168b70.filtered/base.z3/filter/b64ee6ef.12481433851057694078.rename.smt2 - unsat - 0.06
gen/fast_fail_0980168b70.filtered/base.z3/filter/b64ee6ef.65021695268006840.rename.smt2 - unsat - 0.06
gen/fast_fail_0980168b70.filtered/base.z3/filter/b64ee6ef.15518830860284387197.reseed.smt2 - unsat - 0.06
gen/fast_fail_0980168b70.filtered/base.z3/filter/b64ee6ef.8729256087436034179.rename.smt2 - unsat - 0.06
data/projs/fast_fail_0980168b70.filtered/base.z3/b64ee6ef.smt2 - unsat - 0.06
gen/fast_fail_0980168b70.filtered/base.z3/filter/b64ee6ef.9588468414113625271.reseed.smt2 - unsat - 0.06

Failed Mutants (3):
gen/fast_fail_0980168b70.filtered/base.z3/filter/b64ee6ef.6635792415056626242.shuffle.smt2 - unknown - 0.07
gen/fast_fail_0980168b70.filtered/base.z3/filter/b64ee6ef.3759939428273565999.shuffle.smt2 - unknown - 0.07
gen/fast_fail_0980168b70.filtered/base.z3/filter/b64ee6ef.659506003412118634.shuffle.smt2 - unknown - 0.07
[92m[INFO] carving out query c0510616 [0m
Passed Mutants (9):
gen/fast_fail_0980168b70.filtered/base.z3/filter/c0510616.3806720114032334936.reseed.smt2 - unsat - 0.06
data/projs/fast_fail_0980168b70.filtered/base.z3/c0510616.smt2 - unsat - 0.06
gen/fast_fail_0980168b70.filtered/base.z3/filter/c0510616.16644973997991243767.shuffle.smt2 - unsat - 0.07
gen/fast_fail_0980168b70.filtered/base.z3/filter/c0510616.4731295520129932205.shuffle.smt2 - unsat - 0.06
gen/fast_fail_0980168b70.filtered/base.z3/filter/c0510616.1107384672300187930.reseed.smt2 - unsat - 0.06
gen/fast_fail_0980168b70.filtered/base.z3/filter/c0510616.14250439779416199309.reseed.smt2 - unsat - 0.06
gen/fast_fail_0980168b70.filtered/base.z3/filter/c0510616.10949259560986368384.rename.smt2 - unsat - 0.06
gen/fast_fail_0980168b70.filtered/base.z3/filter/c0510616.15425729344762949184.rename.smt2 - unsat - 0.06
gen/fast_fail_0980168b70.filtered/base.z3/filter/c0510616.6684100799468956138.rename.smt2 - unsat - 0.06

Failed Mutants (1):
gen/fast_fail_0980168b70.filtered/base.z3/filter/c0510616.6900563028151185017.shuffle.smt2 - unknown - 0.07
[92m[INFO] removed 5 queries, 1 remaining [0m
Carved out unstable queries
Ran early-stop stability checks until a stable fix was found
Checking candidates by increasing vanilla verification time
Checking candidate 1/1 for stability: data/projs/fast_fail_0980168b70.filtered/base.z3/8ab12f96.smt2
[92m[INFO] removing gen/sproj_single_b86c0fc216 [0m
[92m[INFO] using 60s solver timeout (capped by analyzer 60sec) [0m
[94m[DEBUG] created table single_b86c0fc216_base_z3_z3_4_16_0_exp [0m
[92m[INFO] running 1 original queries [0m
[94m[DEBUG] running ALL of single_b86c0fc216.base.z3 [0m
[94m[DEBUG] adding 181 tasks [0m
=== stable (1) ===
query path: gen/sproj_single_b86c0fc216/8ab12f96.smt2
Found a stable fix; stopping further stability checks
Got list of fixes
Found 1 fix(es):
    8ab12f96: inst_replace prelude_fuel_defaults -> data/projs/fast_fail_0980168b70/base.z3/8ab12f96.smt2

=== Caza external-call time (wall clock) ===
    0.29s  initial stability check
    0.05s  build debugger trace and proof
    0.76s  finding fixes
    0.24s  verify candidates
    0.01s  filter broken candidates
    1.58s  filter candidates experiment
    0.88s  carve unstable candidates
    3.10s  early stability check 8ab12f96.smt2
    6.90s  total

================================================================================
[66/73] Caza query finished 2026-08-25T17:39:13
exit status: 0
================================================================================

================================================================================
[67/73] Caza query started 2026-08-25T17:39:13
query: /home/youjia/mariposa/data/verita_bad/vstd__arithmetic__div_mod.43.smt2
command: /usr/bin/python3 -u /home/youjia/mariposa/src/caza_wizard.py --set-seed 0x87654321 --early --fast-proof --sort time /home/youjia/mariposa/data/verita_bad/vstd__arithmetic__div_mod.43.smt2
================================================================================
Parsing...
Checking whether the input query is already stable
[92m[INFO] removing gen/sproj_single_7f31044c5f [0m
[92m[INFO] using 60s solver timeout (capped by analyzer 60sec) [0m
[94m[DEBUG] created table single_7f31044c5f_base_z3_z3_4_16_0_exp [0m
[92m[INFO] running 1 original queries [0m
[94m[DEBUG] running ALL of single_7f31044c5f.base.z3 [0m
[94m[DEBUG] adding 181 tasks [0m
[94m[DEBUG] finished: 32/181, elapsed: 0.02 hours, estimated: 08-25 17:45 [0m
[92m[INFO] criteria: vanilla=unsat@0.055s; groups: shuffle=[unsat@0.050s, unsat@0.055s, unsat@0.050s, unsat@0.074s, unsat@0.051s, unsat@0.071s, unsat@0.054s, unsat@0.054s, unsat@0.054s, unsat@0.054s, unsat@0.058s, unsat@0.057s, unsat@0.059s, unsat@0.062s, unsat@0.064s, unsat@0.064s, unsat@0.068s, unsat@0.064s, unsat@0.063s, unsat@0.068s, unsat@0.062s, unsat@0.066s, unsat@0.066s, unsat@0.068s, unsat@0.069s, unsat@0.076s, unsat@0.071s, unsat@0.072s, unsat@0.068s, unsat@0.066s, timeout@60.000s, timeout@60.000s, timeout@60.000s, timeout@60.000s] (26 mutant result(s) pending); rename=[] (60 mutant result(s) pending); reseed=[] (60 mutant result(s) pending); possible final categories=[unstable] [0m
[92m[INFO] early decision: gen/sproj_single_7f31044c5f/vstd__arithmetic__div_mod.43.smt2 -> not_stable; skipping 140 queued tasks [0m
[94m[DEBUG] finished: 41/41, elapsed: 0.03 hours, estimated: 08-25 17:40 [0m
=== stable (0) ===
Starting Cazamariposas
[92m[INFO] [init] loaded cached artifacts: traces=2, cores=4, proofs=4 [0m
[92m[INFO] [init] cached-proofs-only: skipping trace, core, and proof construction [0m
[92m[INFO] [init] dbg root: dbg/7f31044c5f/ [0m
[92m[INFO] [init] 7f31044c5f auto selected DbgMode.TIMEOUT [0m
Found failure trace and proof object
[92m[INFO] [graph] found dbg/7f31044c5f/graphs/shuffle.14652170157256588663.txt [0m
[92m[INFO] [stats] found dbg/7f31044c5f/stats/shuffle.14652170157256588663.txt [0m
[94m[DEBUG] [edit] proof path: dbg/7f31044c5f/proofs/rename.191134073603777486.proof [0m
[94m[DEBUG] [edit] trace path: dbg/7f31044c5f/traces/shuffle.14652170157256588663 [0m
cb11978681ecfb998efc4e0bc373311f.pickle
[93m[WARN] [differ] qid constructor_accessor_axiom not found in dbg/7f31044c5f/orig.smt2 [0m
[93m[WARN] [differ] qid user_vstd__arithmetic__mul__lemma_mul_is_commutative_23 not found in dbg/7f31044c5f/orig.smt2 [0m
[92m[INFO] [edit] [inst] internal_ens__vstd!arithmetic.mul.lemma_mul_equality_converse._definition 1 instances [0m
[92m[INFO] [edit] [erase] internal_ens__vstd!arithmetic.mul.lemma_mul_equality_converse._definition [0m
[92m[INFO] [edit] written to data/projs/timeout_7f31044c5f/base.z3/6cae9b15.smt2 [0m
[92m[INFO] [edit] [inst] internal_req__vstd!arithmetic.div_mod.lemma_hoist_over_denominator._definition 1 instances [0m
[92m[INFO] [edit] [erase] internal_req__vstd!arithmetic.div_mod.lemma_hoist_over_denominator._definition [0m
[92m[INFO] [edit] written to data/projs/timeout_7f31044c5f/base.z3/6d67bcbb.smt2 [0m
[92m[INFO] [edit] [erase] prelude_div_unsigned_in_bounds [0m
[92m[INFO] [edit] written to data/projs/timeout_7f31044c5f/base.z3/16733c69.smt2 [0m
[92m[INFO] [edit] [inst] prelude_mul 3 instances [0m
[92m[INFO] [edit] [erase] prelude_mul [0m
[92m[INFO] [edit] written to data/projs/timeout_7f31044c5f/base.z3/f472d171.smt2 [0m
[92m[INFO] [edit] [inst] internal_ens__vstd!arithmetic.div_mod.lemma_fundamental_div_mod._definition 4 instances [0m
[92m[INFO] [edit] [erase] internal_ens__vstd!arithmetic.div_mod.lemma_fundamental_div_mod._definition [0m
[92m[INFO] [edit] written to data/projs/timeout_7f31044c5f/base.z3/efaa1e40.smt2 [0m
[92m[INFO] [edit] [inst] internal_ens__vstd!arithmetic.mul.lemma_mul_unary_negation._definition 2 instances [0m
[92m[INFO] [edit] [erase] internal_ens__vstd!arithmetic.mul.lemma_mul_unary_negation._definition [0m
[92m[INFO] [edit] written to data/projs/timeout_7f31044c5f/base.z3/e087fa40.smt2 [0m
[92m[INFO] [edit] [inst] prelude_eucdiv 4 instances [0m
[92m[INFO] [edit] [erase] prelude_eucdiv [0m
[92m[INFO] [edit] written to data/projs/timeout_7f31044c5f/base.z3/30b90337.smt2 [0m
[92m[INFO] [edit] [inst] prelude_sub 9 instances [0m
[92m[INFO] [edit] [erase] prelude_sub [0m
[92m[INFO] [edit] written to data/projs/timeout_7f31044c5f/base.z3/4cdcaea2.smt2 [0m
[92m[INFO] [edit] [inst] prelude_eucmod 3 instances [0m
[92m[INFO] [edit] [erase] prelude_eucmod [0m
[92m[INFO] [edit] written to data/projs/timeout_7f31044c5f/base.z3/c5a7e09b.smt2 [0m
[92m[INFO] [edit] [inst] prelude_add 11 instances [0m
[92m[INFO] [edit] [erase] prelude_add [0m
[92m[INFO] [edit] written to data/projs/timeout_7f31044c5f/base.z3/f6e0cf32.smt2 [0m
Produced candidate smt2 files
[94m[DEBUG] created table timeout_7f31044c5f_base_z3_z3_4_16_0_exp [0m
[92m[INFO] running 10 original queries [0m
[94m[DEBUG] running ALL of timeout_7f31044c5f.base.z3 [0m
[94m[DEBUG] adding 10 tasks [0m
[92m[INFO] running 10 tasks [0m
[92m[INFO] there is 4 processors [0m
[94m[DEBUG] worker 0 finished in 0.12 seconds [0m
[94m[DEBUG] worker 3 finished in 0.11 seconds [0m
[94m[DEBUG] worker 2 finished in 0.13 seconds [0m
[94m[DEBUG] worker 1 finished in 0.14 seconds [0m
[92m[INFO] workers finished [0m
[92m[INFO] done post processing exp data [0m
verify candidate 30b90337: 0.042s; rank=7; p=4; t=0.042
verify candidate c5a7e09b: 0.043s; rank=9; p=3; t=0.043
verify candidate f472d171: 0.046s; rank=4; p=4; t=0.046
verify candidate 6cae9b15: 0.050s; rank=1; p=8; t=0.050
verify candidate 16733c69: 0.051s; rank=3; p=5; t=0.051
verify candidate 4cdcaea2: 0.051s; rank=8; p=3; t=0.051
verify candidate e087fa40: 0.055s; rank=6; p=4; t=0.055
selected 7 verified candidates to data/projs/timeout_7f31044c5f.filtered/base.z3 with 0.338s vanilla verification budget
[92m[INFO] running 7 original queries [0m
[92m[INFO] running 70 tasks [0m
[92m[INFO] there is 7 processors [0m
[94m[DEBUG] created table timeout_7f31044c5f_filtered_base_z3_z3_4_16_0_exp [0m
[94m[DEBUG] running ALL of timeout_7f31044c5f.filtered.base.z3 [0m
[94m[DEBUG] adding 70 tasks [0m
[94m[DEBUG] worker 0 finished in 60.41 seconds [0m
[94m[DEBUG] worker 3 finished in 60.42 seconds [0m
[94m[DEBUG] worker 2 finished in 60.42 seconds [0m
[94m[DEBUG] worker 6 finished in 60.45 seconds [0m
[94m[DEBUG] worker 1 finished in 61.13 seconds [0m
[94m[DEBUG] worker 5 finished in 61.2 seconds [0m
[94m[DEBUG] worker 4 finished in 62.13 seconds [0m
[92m[INFO] workers finished [0m
[92m[INFO] done post processing exp data [0m
=== Overall Report ===

project dir:	data/projs/timeout_7f31044c5f.filtered/base.z3
exper config:	filter
solver path:	bin/z3-4.16.0
analyzer:	default

| category   |   count | percentage   |
|------------|---------|--------------|
| unstable   |       5 | 71.43%       |
| stable     |       2 | 28.57%       |
| total      |       7 | 100.00 %     |

=== Report End ===
Ran mariposa on filtered queries
[92m[INFO] carving out query 30b90337 [0m
Passed Mutants (9):
gen/timeout_7f31044c5f.filtered/base.z3/filter/30b90337.2456742315039039753.reseed.smt2 - unsat - 0.04
gen/timeout_7f31044c5f.filtered/base.z3/filter/30b90337.11822942552385052120.rename.smt2 - unsat - 0.05
gen/timeout_7f31044c5f.filtered/base.z3/filter/30b90337.4083997429293017034.reseed.smt2 - unsat - 0.05
gen/timeout_7f31044c5f.filtered/base.z3/filter/30b90337.5740118252428438460.rename.smt2 - unsat - 0.05
gen/timeout_7f31044c5f.filtered/base.z3/filter/30b90337.12051861359804547098.shuffle.smt2 - unsat - 0.05
gen/timeout_7f31044c5f.filtered/base.z3/filter/30b90337.311755298124292312.reseed.smt2 - unsat - 0.05
gen/timeout_7f31044c5f.filtered/base.z3/filter/30b90337.2393400720013352809.rename.smt2 - unsat - 0.05
gen/timeout_7f31044c5f.filtered/base.z3/filter/30b90337.14913654574318229493.shuffle.smt2 - unsat - 0.05
data/projs/timeout_7f31044c5f.filtered/base.z3/30b90337.smt2 - unsat - 0.04

Failed Mutants (1):
gen/timeout_7f31044c5f.filtered/base.z3/filter/30b90337.9553868161818596847.shuffle.smt2 - timeout - 60.19
[92m[INFO] carving out query 4cdcaea2 [0m
Passed Mutants (9):
gen/timeout_7f31044c5f.filtered/base.z3/filter/4cdcaea2.13889983827194148784.rename.smt2 - unsat - 0.05
gen/timeout_7f31044c5f.filtered/base.z3/filter/4cdcaea2.1393100769653615134.rename.smt2 - unsat - 0.06
gen/timeout_7f31044c5f.filtered/base.z3/filter/4cdcaea2.8082302491764781733.rename.smt2 - unsat - 0.06
gen/timeout_7f31044c5f.filtered/base.z3/filter/4cdcaea2.3174280516231399586.shuffle.smt2 - unsat - 0.06
gen/timeout_7f31044c5f.filtered/base.z3/filter/4cdcaea2.1606934791847870437.reseed.smt2 - unsat - 0.06
data/projs/timeout_7f31044c5f.filtered/base.z3/4cdcaea2.smt2 - unsat - 0.06
gen/timeout_7f31044c5f.filtered/base.z3/filter/4cdcaea2.151744458867083194.reseed.smt2 - unsat - 0.06
gen/timeout_7f31044c5f.filtered/base.z3/filter/4cdcaea2.11792558259818830247.reseed.smt2 - unsat - 0.06
gen/timeout_7f31044c5f.filtered/base.z3/filter/4cdcaea2.9287981796883463476.shuffle.smt2 - unsat - 0.06

Failed Mutants (1):
gen/timeout_7f31044c5f.filtered/base.z3/filter/4cdcaea2.17402999903577813957.shuffle.smt2 - timeout - 60.18
[92m[INFO] carving out query 6cae9b15 [0m
Passed Mutants (7):
gen/timeout_7f31044c5f.filtered/base.z3/filter/6cae9b15.2253808320122391542.rename.smt2 - unsat - 0.05
gen/timeout_7f31044c5f.filtered/base.z3/filter/6cae9b15.14044102235945116335.reseed.smt2 - unsat - 0.05
gen/timeout_7f31044c5f.filtered/base.z3/filter/6cae9b15.12427639222045039061.rename.smt2 - unsat - 0.05
gen/timeout_7f31044c5f.filtered/base.z3/filter/6cae9b15.10263479894581546299.reseed.smt2 - unsat - 0.06
data/projs/timeout_7f31044c5f.filtered/base.z3/6cae9b15.smt2 - unsat - 0.06
gen/timeout_7f31044c5f.filtered/base.z3/filter/6cae9b15.181512681763910631.rename.smt2 - unsat - 0.06
gen/timeout_7f31044c5f.filtered/base.z3/filter/6cae9b15.4710815036765402995.reseed.smt2 - unsat - 0.06

Failed Mutants (3):
gen/timeout_7f31044c5f.filtered/base.z3/filter/6cae9b15.16835814234123399940.shuffle.smt2 - timeout - 60.19
gen/timeout_7f31044c5f.filtered/base.z3/filter/6cae9b15.14619282536894026899.shuffle.smt2 - timeout - 60.19
gen/timeout_7f31044c5f.filtered/base.z3/filter/6cae9b15.6148172647537431671.shuffle.smt2 - timeout - 60.13
[92m[INFO] carving out query c5a7e09b [0m
Passed Mutants (9):
gen/timeout_7f31044c5f.filtered/base.z3/filter/c5a7e09b.2836779713482865227.shuffle.smt2 - unsat - 0.05
gen/timeout_7f31044c5f.filtered/base.z3/filter/c5a7e09b.15216423702544916690.reseed.smt2 - unsat - 0.05
gen/timeout_7f31044c5f.filtered/base.z3/filter/c5a7e09b.8689953709173619901.shuffle.smt2 - unsat - 0.05
gen/timeout_7f31044c5f.filtered/base.z3/filter/c5a7e09b.9871598372004638684.rename.smt2 - unsat - 0.05
gen/timeout_7f31044c5f.filtered/base.z3/filter/c5a7e09b.15124341556872841211.rename.smt2 - unsat - 0.05
gen/timeout_7f31044c5f.filtered/base.z3/filter/c5a7e09b.14646148698900905734.reseed.smt2 - unsat - 0.05
gen/timeout_7f31044c5f.filtered/base.z3/filter/c5a7e09b.595304271402872102.reseed.smt2 - unsat - 0.05
gen/timeout_7f31044c5f.filtered/base.z3/filter/c5a7e09b.18234067066371276717.rename.smt2 - unsat - 0.05
data/projs/timeout_7f31044c5f.filtered/base.z3/c5a7e09b.smt2 - unsat - 0.05

Failed Mutants (1):
gen/timeout_7f31044c5f.filtered/base.z3/filter/c5a7e09b.4005053868473870858.shuffle.smt2 - timeout - 60.15
[92m[INFO] carving out query f472d171 [0m
Passed Mutants (9):
gen/timeout_7f31044c5f.filtered/base.z3/filter/f472d171.11834464710374525784.shuffle.smt2 - unsat - 0.06
gen/timeout_7f31044c5f.filtered/base.z3/filter/f472d171.3958202723673904765.rename.smt2 - unsat - 0.05
gen/timeout_7f31044c5f.filtered/base.z3/filter/f472d171.15225445752022702856.reseed.smt2 - unsat - 0.06
gen/timeout_7f31044c5f.filtered/base.z3/filter/f472d171.12865286956361733650.reseed.smt2 - unsat - 0.05
gen/timeout_7f31044c5f.filtered/base.z3/filter/f472d171.4492440566837417169.rename.smt2 - unsat - 0.05
data/projs/timeout_7f31044c5f.filtered/base.z3/f472d171.smt2 - unsat - 0.05
gen/timeout_7f31044c5f.filtered/base.z3/filter/f472d171.12423442296396725811.rename.smt2 - unsat - 0.05
gen/timeout_7f31044c5f.filtered/base.z3/filter/f472d171.6461812470626325798.shuffle.smt2 - unsat - 0.06
gen/timeout_7f31044c5f.filtered/base.z3/filter/f472d171.3086036051290806598.reseed.smt2 - unsat - 0.05

Failed Mutants (1):
gen/timeout_7f31044c5f.filtered/base.z3/filter/f472d171.7099543632602313016.shuffle.smt2 - timeout - 60.17
[92m[INFO] removed 5 queries, 2 remaining [0m
Carved out unstable queries
Ran early-stop stability checks until a stable fix was found
Checking candidates by increasing vanilla verification time
Checking candidate 1/2 for stability: data/projs/timeout_7f31044c5f.filtered/base.z3/16733c69.smt2
[92m[INFO] removing gen/sproj_single_8f97a9dc0e [0m
[92m[INFO] using 60s solver timeout (capped by analyzer 60sec) [0m
[94m[DEBUG] created table single_8f97a9dc0e_base_z3_z3_4_16_0_exp [0m
[92m[INFO] running 1 original queries [0m
[94m[DEBUG] running ALL of single_8f97a9dc0e.base.z3 [0m
[94m[DEBUG] adding 181 tasks [0m
[94m[DEBUG] finished: 17/181, elapsed: 0.02 hours, estimated: 08-25 17:54 [0m
[92m[INFO] criteria: vanilla=unsat@0.076s; groups: shuffle=[unsat@0.052s, unsat@0.053s, unsat@0.074s, unsat@0.080s, unsat@0.054s, unsat@0.057s, unsat@0.059s, unsat@0.061s, unsat@0.077s, unsat@0.073s, unsat@0.073s, unsat@0.072s, unsat@0.079s, unsat@0.083s, unsat@0.072s, timeout@60.000s, timeout@60.000s, timeout@60.000s, unsat@0.068s, timeout@60.000s] (40 mutant result(s) pending); rename=[] (60 mutant result(s) pending); reseed=[] (60 mutant result(s) pending); possible final categories=[unstable] [0m
[92m[INFO] early decision: gen/sproj_single_8f97a9dc0e/16733c69.smt2 -> not_stable; skipping 154 queued tasks [0m
=== stable (0) ===
Checking candidate 2/2 for stability: data/projs/timeout_7f31044c5f.filtered/base.z3/e087fa40.smt2
[92m[INFO] removing gen/sproj_single_c38369fc1c [0m
[92m[INFO] using 60s solver timeout (capped by analyzer 60sec) [0m
[94m[DEBUG] created table single_c38369fc1c_base_z3_z3_4_16_0_exp [0m
[92m[INFO] running 1 original queries [0m
[94m[DEBUG] running ALL of single_c38369fc1c.base.z3 [0m
[94m[DEBUG] adding 181 tasks [0m
[94m[DEBUG] finished: 36/181, elapsed: 0.02 hours, estimated: 08-25 17:48 [0m
[92m[INFO] criteria: vanilla=unsat@0.066s; groups: shuffle=[unsat@0.064s, unsat@0.065s, unsat@0.072s, unsat@0.065s, unsat@0.069s, unsat@0.068s, unsat@0.064s, unsat@0.071s, unsat@0.069s, unsat@0.060s, unsat@0.081s, unsat@0.064s, unsat@0.065s, unsat@0.060s, unsat@0.063s, unsat@0.067s, unsat@0.070s, unsat@0.061s, unsat@0.074s, unsat@0.065s, unsat@0.065s, unsat@0.066s, unsat@0.069s, unsat@0.064s, unsat@0.062s, unsat@0.064s, unsat@0.066s, unsat@0.074s, unsat@0.093s, unsat@0.092s, unsat@0.074s, unsat@0.074s, unsat@0.072s, unsat@0.068s, timeout@60.000s, unsat@0.064s, timeout@60.000s, unsat@0.065s, unsat@0.062s, unsat@0.066s, timeout@60.000s, timeout@60.000s] (18 mutant result(s) pending); rename=[] (60 mutant result(s) pending); reseed=[] (60 mutant result(s) pending); possible final categories=[unstable] [0m
[92m[INFO] early decision: gen/sproj_single_c38369fc1c/e087fa40.smt2 -> not_stable; skipping 132 queued tasks [0m
[94m[DEBUG] finished: 48/49, elapsed: 0.03 hours, estimated: 08-25 17:45 [0m
=== stable (0) ===
Got list of fixes
No fixes were found :(

=== Caza external-call time (wall clock) ===
  103.76s  initial stability check
    0.05s  build debugger trace and proof
    0.55s  finding fixes
    0.18s  verify candidates
    0.01s  filter broken candidates
   62.79s  filter candidates experiment
    0.89s  carve unstable candidates
   61.04s  early stability check 16733c69.smt2
  120.87s  early stability check e087fa40.smt2
  350.14s  total

================================================================================
[67/73] Caza query finished 2026-08-25T17:45:04
exit status: 0
================================================================================

================================================================================
[68/73] Caza query started 2026-08-25T17:45:04
query: /home/youjia/mariposa/data/verita_bad/vstd__arithmetic__internals__div_internals__lemma_div_auto_minus.smt2
command: /usr/bin/python3 -u /home/youjia/mariposa/src/caza_wizard.py --set-seed 0x87654321 --early --fast-proof --sort time /home/youjia/mariposa/data/verita_bad/vstd__arithmetic__internals__div_internals__lemma_div_auto_minus.smt2
================================================================================
Parsing...
Checking whether the input query is already stable
[92m[INFO] removing gen/sproj_single_d6b396dc3e [0m
[92m[INFO] using 60s solver timeout (capped by analyzer 60sec) [0m
[94m[DEBUG] created table single_d6b396dc3e_base_z3_z3_4_16_0_exp [0m
[92m[INFO] running 1 original queries [0m
[94m[DEBUG] running ALL of single_d6b396dc3e.base.z3 [0m
[94m[DEBUG] adding 181 tasks [0m
[94m[DEBUG] finished: 43/181, elapsed: 0.02 hours, estimated: 08-25 17:49 [0m
[92m[INFO] criteria: vanilla=unsat@1.099s; groups: shuffle=[unsat@0.100s, unsat@0.125s, unsat@0.229s, unsat@0.358s, unsat@0.360s, unsat@0.114s, unsat@0.126s, unsat@0.128s, unsat@0.666s, unsat@0.452s, unsat@0.854s, unsat@0.988s, unsat@0.114s, unsat@0.637s, unsat@0.124s, unsat@0.516s, unsat@0.237s, unsat@0.720s, unsat@0.469s, unsat@0.595s, unsat@0.775s, unsat@0.146s, unsat@0.743s, unsat@0.618s, unsat@0.594s, unsat@0.154s, unsat@1.010s, unsat@0.655s, unsat@0.612s, unsat@0.702s, unsat@0.722s, unsat@0.690s, unsat@0.844s, unsat@0.160s, unsat@0.146s, unsat@0.541s, unsat@0.962s, unsat@0.791s, unsat@0.134s, unsat@1.051s, unsat@1.422s, timeout@60.000s, timeout@60.000s, timeout@60.000s, unsat@0.458s, unsat@0.410s, unsat@0.436s, unsat@0.533s, timeout@60.000s] (11 mutant result(s) pending); rename=[] (60 mutant result(s) pending); reseed=[] (60 mutant result(s) pending); possible final categories=[unstable] [0m
[92m[INFO] early decision: gen/sproj_single_d6b396dc3e/vstd__arithmetic__internals__div_internals__lemma_div_auto_minus.smt2 -> not_stable; skipping 125 queued tasks [0m
=== stable (0) ===
Starting Cazamariposas
[92m[INFO] [init] loaded cached artifacts: traces=2, cores=4, proofs=4 [0m
[92m[INFO] [init] cached-proofs-only: skipping trace, core, and proof construction [0m
[92m[INFO] [init] dbg root: dbg/d6b396dc3e/ [0m
[92m[INFO] [init] d6b396dc3e auto selected DbgMode.TIMEOUT [0m
Found failure trace and proof object
[92m[INFO] [graph] found dbg/d6b396dc3e/graphs/reseed.7423048434053902047.txt [0m
[92m[INFO] [stats] found dbg/d6b396dc3e/stats/reseed.7423048434053902047.txt [0m
[94m[DEBUG] [edit] proof path: dbg/d6b396dc3e/proofs/rename.191134073603777486.proof [0m
[94m[DEBUG] [edit] trace path: dbg/d6b396dc3e/traces/reseed.7423048434053902047 [0m
f6a49c10fcf29ba5d215e64e5dff47f9.pickle
[93m[WARN] [differ] qid constructor_accessor_axiom not found in dbg/d6b396dc3e/orig.smt2 [0m
[93m[WARN] [differ] qid mariposa_qid_5 not found in dbg/d6b396dc3e/orig.smt2 [0m
[92m[INFO] [edit] [inst] prelude_unbox_box_bool 7 instances [0m
[92m[INFO] [edit] [erase] prelude_unbox_box_bool [0m
[92m[INFO] [edit] written to data/projs/timeout_d6b396dc3e/base.z3/bbfbdc60.smt2 [0m
[92m[INFO] [edit] [inst] prelude_unbox_box_int 9 instances [0m
[92m[INFO] [edit] [erase] prelude_unbox_box_int [0m
[92m[INFO] [edit] written to data/projs/timeout_d6b396dc3e/base.z3/e8794a44.smt2 [0m
[92m[INFO] [edit] [inst] prelude_mk_fun 1 instances [0m
[92m[INFO] [edit] [erase] prelude_mk_fun [0m
[92m[INFO] [edit] written to data/projs/timeout_d6b396dc3e/base.z3/8b310645.smt2 [0m
[92m[INFO] [edit] [inst] internal_vstd!math.sub.?_definition 2 instances [0m
[92m[INFO] [edit] [erase] internal_vstd!math.sub.?_definition [0m
[92m[INFO] [edit] written to data/projs/timeout_d6b396dc3e/base.z3/be10c72b.smt2 [0m
[92m[INFO] [edit] [inst] prelude_fuel_defaults 6 instances [0m
[92m[INFO] [edit] [erase] prelude_fuel_defaults [0m
[92m[INFO] [edit] written to data/projs/timeout_d6b396dc3e/base.z3/8ab12f96.smt2 [0m
[92m[INFO] [edit] [inst] prelude_has_type_int 2 instances [0m
[92m[INFO] [edit] [erase] prelude_has_type_int [0m
[92m[INFO] [edit] written to data/projs/timeout_d6b396dc3e/base.z3/24d7f665.smt2 [0m
[92m[INFO] [edit] [inst] internal_req__vstd!arithmetic.internals.div_internals.lemma_div_basics._definition 1 instances [0m
[92m[INFO] [edit] [erase] internal_req__vstd!arithmetic.internals.div_internals.lemma_div_basics._definition [0m
[92m[INFO] [edit] written to data/projs/timeout_d6b396dc3e/base.z3/015b80a0.smt2 [0m
[92m[INFO] [edit] [inst] prelude_div_unsigned_in_bounds 2 instances [0m
[92m[INFO] [edit] [erase] prelude_div_unsigned_in_bounds [0m
[92m[INFO] [edit] written to data/projs/timeout_d6b396dc3e/base.z3/c1a52b5e.smt2 [0m
[92m[INFO] [edit] [inst] prelude_eucdiv 5 instances [0m
[92m[INFO] [edit] [erase] prelude_eucdiv [0m
[92m[INFO] [edit] written to data/projs/timeout_d6b396dc3e/base.z3/30b90337.smt2 [0m
[92m[INFO] [edit] [inst] internal_req__vstd!arithmetic.internals.mod_internals.lemma_mod_auto._definition 1 instances [0m
[92m[INFO] [edit] [erase] internal_req__vstd!arithmetic.internals.mod_internals.lemma_mod_auto._definition [0m
[92m[INFO] [edit] written to data/projs/timeout_d6b396dc3e/base.z3/0d5364fd.smt2 [0m
Produced candidate smt2 files
[94m[DEBUG] created table timeout_d6b396dc3e_base_z3_z3_4_16_0_exp [0m
[92m[INFO] running 10 original queries [0m
[94m[DEBUG] running ALL of timeout_d6b396dc3e.base.z3 [0m
[94m[DEBUG] adding 10 tasks [0m
[92m[INFO] running 10 tasks [0m
[92m[INFO] there is 4 processors [0m
[94m[DEBUG] worker 3 finished in 1.14 seconds [0m
[94m[DEBUG] worker 1 finished in 1.44 seconds [0m
[94m[DEBUG] worker 0 finished in 1.51 seconds [0m
[94m[DEBUG] worker 2 finished in 1.54 seconds [0m
[92m[INFO] workers finished [0m
[92m[INFO] done post processing exp data [0m
verify candidate be10c72b: 0.088s; rank=4; p=4; t=0.088
verify candidate e8794a44: 0.115s; rank=2; p=6; t=0.115
verify candidate 30b90337: 0.128s; rank=9; p=3; t=0.128
verify candidate 24d7f665: 0.611s; rank=6; p=4; t=0.611
verify candidate bbfbdc60: 0.650s; rank=1; p=8; t=0.650
verify candidate 8ab12f96: 0.757s; rank=5; p=4; t=0.757
verify candidate c1a52b5e: 0.862s; rank=8; p=3; t=0.862
verify candidate 8b310645: 0.908s; rank=3; p=5; t=0.908
selected 8 verified candidates to data/projs/timeout_d6b396dc3e.filtered/base.z3 with 4.119s vanilla verification budget
[92m[INFO] running 8 original queries [0m
[92m[INFO] running 80 tasks [0m
[92m[INFO] there is 7 processors [0m
[94m[DEBUG] created table timeout_d6b396dc3e_filtered_base_z3_z3_4_16_0_exp [0m
[94m[DEBUG] running ALL of timeout_d6b396dc3e.filtered.base.z3 [0m
[94m[DEBUG] adding 80 tasks [0m
[94m[DEBUG] worker 5 finished in 14.18 seconds [0m
[94m[DEBUG] worker 4 finished in 61.09 seconds [0m
[94m[DEBUG] worker 1 finished in 61.89 seconds [0m
[94m[DEBUG] worker 6 finished in 63.26 seconds [0m
[94m[DEBUG] worker 2 finished in 65.33 seconds [0m
[94m[DEBUG] worker 3 finished in 66.79 seconds [0m
[94m[DEBUG] worker 0 finished in 68.32 seconds [0m
[92m[INFO] workers finished [0m
[92m[INFO] done post processing exp data [0m
=== Overall Report ===

project dir:	data/projs/timeout_d6b396dc3e.filtered/base.z3
exper config:	filter
solver path:	bin/z3-4.16.0
analyzer:	default

| category   |   count | percentage   |
|------------|---------|--------------|
| stable     |       6 | 75.0%        |
| unstable   |       2 | 25.0%        |
| total      |       8 | 100.00 %     |

=== Report End ===
Ran mariposa on filtered queries
[92m[INFO] carving out query 24d7f665 [0m
Passed Mutants (9):
gen/timeout_d6b396dc3e.filtered/base.z3/filter/24d7f665.3282258866062940748.reseed.smt2 - unsat - 0.8
gen/timeout_d6b396dc3e.filtered/base.z3/filter/24d7f665.5511245058354073496.rename.smt2 - unsat - 0.91
data/projs/timeout_d6b396dc3e.filtered/base.z3/24d7f665.smt2 - unsat - 0.82
gen/timeout_d6b396dc3e.filtered/base.z3/filter/24d7f665.9510943155096238910.rename.smt2 - unsat - 0.86
gen/timeout_d6b396dc3e.filtered/base.z3/filter/24d7f665.2798519111892304789.reseed.smt2 - unsat - 1.02
gen/timeout_d6b396dc3e.filtered/base.z3/filter/24d7f665.18127791209708692926.shuffle.smt2 - unsat - 0.11
gen/timeout_d6b396dc3e.filtered/base.z3/filter/24d7f665.5183411848638580185.rename.smt2 - unsat - 1.01
gen/timeout_d6b396dc3e.filtered/base.z3/filter/24d7f665.8297207831593984897.shuffle.smt2 - unsat - 0.19
gen/timeout_d6b396dc3e.filtered/base.z3/filter/24d7f665.13246327164131916742.shuffle.smt2 - unsat - 1.07

Failed Mutants (1):
gen/timeout_d6b396dc3e.filtered/base.z3/filter/24d7f665.6873711549502262799.reseed.smt2 - timeout - 60.06
[92m[INFO] carving out query bbfbdc60 [0m
Passed Mutants (5):
gen/timeout_d6b396dc3e.filtered/base.z3/filter/bbfbdc60.8711463467972490012.reseed.smt2 - unsat - 0.53
gen/timeout_d6b396dc3e.filtered/base.z3/filter/bbfbdc60.9626074053865408137.shuffle.smt2 - unsat - 1.47
gen/timeout_d6b396dc3e.filtered/base.z3/filter/bbfbdc60.1350188551914614042.rename.smt2 - unsat - 0.88
data/projs/timeout_d6b396dc3e.filtered/base.z3/bbfbdc60.smt2 - unsat - 0.91
gen/timeout_d6b396dc3e.filtered/base.z3/filter/bbfbdc60.9566440864711259008.rename.smt2 - unsat - 0.89

Failed Mutants (5):
gen/timeout_d6b396dc3e.filtered/base.z3/filter/bbfbdc60.8609049670946802595.rename.smt2 - timeout - 60.11
gen/timeout_d6b396dc3e.filtered/base.z3/filter/bbfbdc60.6407770460408631242.shuffle.smt2 - timeout - 60.11
gen/timeout_d6b396dc3e.filtered/base.z3/filter/bbfbdc60.18375484048472060539.reseed.smt2 - timeout - 60.08
gen/timeout_d6b396dc3e.filtered/base.z3/filter/bbfbdc60.526048065878433629.reseed.smt2 - timeout - 60.08
gen/timeout_d6b396dc3e.filtered/base.z3/filter/bbfbdc60.213026793593350130.shuffle.smt2 - timeout - 60.06
[92m[INFO] removed 2 queries, 6 remaining [0m
Carved out unstable queries
Ran early-stop stability checks until a stable fix was found
Checking candidates by increasing vanilla verification time
Checking candidate 1/6 for stability: data/projs/timeout_d6b396dc3e.filtered/base.z3/be10c72b.smt2
[92m[INFO] using 60s solver timeout (capped by analyzer 60sec) [0m
[94m[DEBUG] created table single_9ddd8217a3_base_z3_z3_4_16_0_exp [0m
[92m[INFO] running 1 original queries [0m
[94m[DEBUG] running ALL of single_9ddd8217a3.base.z3 [0m
[94m[DEBUG] adding 181 tasks [0m
=== stable (1) ===
query path: gen/sproj_single_9ddd8217a3/be10c72b.smt2
Found a stable fix; stopping further stability checks
Got list of fixes
Found 1 fix(es):
    be10c72b: inst_replace internal_vstd!math.sub.?_definition -> data/projs/timeout_d6b396dc3e/base.z3/be10c72b.smt2

=== Caza external-call time (wall clock) ===
   68.93s  initial stability check
    0.05s  build debugger trace and proof
    0.89s  finding fixes
    1.58s  verify candidates
    0.00s  filter broken candidates
   68.91s  filter candidates experiment
    0.87s  carve unstable candidates
    3.16s  early stability check be10c72b.smt2
  144.38s  total

================================================================================
[68/73] Caza query finished 2026-08-25T17:47:29
exit status: 0
================================================================================

================================================================================
[69/73] Caza query started 2026-08-25T17:47:29
query: /home/youjia/mariposa/data/verita_bad/vstd__endianvstd_endian.impl_%1.from_big_to_big._02.smt2
command: /usr/bin/python3 -u /home/youjia/mariposa/src/caza_wizard.py --set-seed 0x87654321 --early --fast-proof --sort time /home/youjia/mariposa/data/verita_bad/vstd__endianvstd_endian.impl_%1.from_big_to_big._02.smt2
================================================================================
Parsing...
Checking whether the input query is already stable
[92m[INFO] removing gen/sproj_single_90863e08be [0m
[92m[INFO] using 60s solver timeout (capped by analyzer 60sec) [0m
[94m[DEBUG] created table single_90863e08be_base_z3_z3_4_16_0_exp [0m
[92m[INFO] running 1 original queries [0m
[94m[DEBUG] running ALL of single_90863e08be.base.z3 [0m
[94m[DEBUG] adding 181 tasks [0m
[94m[DEBUG] finished: 1/181, elapsed: 0.02 hours, estimated: 08-25 21:24 [0m
[92m[INFO] criteria: vanilla=timeout@60.000s; groups: shuffle=[timeout@60.000s, timeout@60.000s, timeout@60.000s] (57 mutant result(s) pending); rename=[] (60 mutant result(s) pending); reseed=[] (60 mutant result(s) pending); possible final categories=[unsolvable, unstable] [0m
[92m[INFO] early decision: gen/sproj_single_90863e08be/vstd__endianvstd_endian.impl_%1.from_big_to_big._02.smt2 -> not_stable; skipping 171 queued tasks [0m
[94m[DEBUG] finished: 8/10, elapsed: 0.03 hours, estimated: 08-25 17:50 [0m
=== stable (0) ===
Starting Cazamariposas
[92m[INFO] [init] loaded cached artifacts: traces=5, cores=0, proofs=0 [0m
[92m[INFO] [init] cached-proofs-only: skipping trace, core, and proof construction [0m
[92m[INFO] [init] dbg root: dbg/90863e08be/ [0m
[93m[WARN] [proof] no proofs available [0m
[92m[INFO] [init] 90863e08be auto selected DbgMode.TIMEOUT [0m
ERROR:root::( could not get any mutant to produce a proof object

=== Caza external-call time (wall clock) ===
  120.14s  initial stability check
    0.00s  build debugger trace and proof
  120.14s  total

================================================================================
[69/73] Caza query finished 2026-08-25T17:49:30
exit status: 0
================================================================================

================================================================================
[70/73] Caza query started 2026-08-25T17:49:30
query: /home/youjia/mariposa/data/verita_bad/vstd__endianvstd_endian.impl_%1.from_big_to_big._03.smt2
command: /usr/bin/python3 -u /home/youjia/mariposa/src/caza_wizard.py --set-seed 0x87654321 --early --fast-proof --sort time /home/youjia/mariposa/data/verita_bad/vstd__endianvstd_endian.impl_%1.from_big_to_big._03.smt2
================================================================================
Parsing...
Checking whether the input query is already stable
[92m[INFO] removing gen/sproj_single_acd43754c7 [0m
[92m[INFO] using 60s solver timeout (capped by analyzer 60sec) [0m
[94m[DEBUG] created table single_acd43754c7_base_z3_z3_4_16_0_exp [0m
[92m[INFO] running 1 original queries [0m
[94m[DEBUG] running ALL of single_acd43754c7.base.z3 [0m
[94m[DEBUG] adding 181 tasks [0m
[94m[DEBUG] finished: 1/181, elapsed: 0.02 hours, estimated: 08-25 21:26 [0m
[92m[INFO] criteria: vanilla=timeout@60.000s; groups: shuffle=[timeout@60.000s, timeout@60.000s, timeout@60.000s] (57 mutant result(s) pending); rename=[] (60 mutant result(s) pending); reseed=[] (60 mutant result(s) pending); possible final categories=[unsolvable, unstable] [0m
[92m[INFO] early decision: gen/sproj_single_acd43754c7/vstd__endianvstd_endian.impl_%1.from_big_to_big._03.smt2 -> not_stable; skipping 171 queued tasks [0m
[94m[DEBUG] finished: 8/10, elapsed: 0.03 hours, estimated: 08-25 17:52 [0m
=== stable (0) ===
Starting Cazamariposas
[92m[INFO] [init] loaded cached artifacts: traces=5, cores=0, proofs=0 [0m
[92m[INFO] [init] cached-proofs-only: skipping trace, core, and proof construction [0m
[92m[INFO] [init] dbg root: dbg/acd43754c7/ [0m
[93m[WARN] [proof] no proofs available [0m
[92m[INFO] [init] acd43754c7 auto selected DbgMode.TIMEOUT [0m
ERROR:root::( could not get any mutant to produce a proof object

=== Caza external-call time (wall clock) ===
  120.15s  initial stability check
    0.00s  build debugger trace and proof
  120.15s  total

================================================================================
[70/73] Caza query finished 2026-08-25T17:51:30
exit status: 0
================================================================================

================================================================================
[71/73] Caza query started 2026-08-25T17:51:30
query: /home/youjia/mariposa/data/verita_bad/vstd__endianvstd_endian.impl_%1.to_big_from_big._02.smt2
command: /usr/bin/python3 -u /home/youjia/mariposa/src/caza_wizard.py --set-seed 0x87654321 --early --fast-proof --sort time /home/youjia/mariposa/data/verita_bad/vstd__endianvstd_endian.impl_%1.to_big_from_big._02.smt2
================================================================================
Parsing...
Checking whether the input query is already stable
[92m[INFO] removing gen/sproj_single_2408cc1e3d [0m
[92m[INFO] using 60s solver timeout (capped by analyzer 60sec) [0m
[94m[DEBUG] created table single_2408cc1e3d_base_z3_z3_4_16_0_exp [0m
[92m[INFO] running 1 original queries [0m
[94m[DEBUG] running ALL of single_2408cc1e3d.base.z3 [0m
[94m[DEBUG] adding 181 tasks [0m
[94m[DEBUG] finished: 1/181, elapsed: 0.02 hours, estimated: 08-25 21:28 [0m
[92m[INFO] criteria: vanilla=timeout@60.000s; groups: shuffle=[timeout@60.000s, timeout@60.000s, timeout@60.000s] (57 mutant result(s) pending); rename=[] (60 mutant result(s) pending); reseed=[] (60 mutant result(s) pending); possible final categories=[unsolvable, unstable] [0m
[92m[INFO] early decision: gen/sproj_single_2408cc1e3d/vstd__endianvstd_endian.impl_%1.to_big_from_big._02.smt2 -> not_stable; skipping 171 queued tasks [0m
[94m[DEBUG] finished: 8/10, elapsed: 0.03 hours, estimated: 08-25 17:54 [0m
=== stable (0) ===
Starting Cazamariposas
[92m[INFO] [init] loaded cached artifacts: traces=5, cores=0, proofs=1 [0m
[92m[INFO] [init] cached-proofs-only: skipping trace, core, and proof construction [0m
[92m[INFO] [init] dbg root: dbg/2408cc1e3d/ [0m
[92m[INFO] [init] 2408cc1e3d auto selected DbgMode.TIMEOUT [0m
Found failure trace and proof object
[92m[INFO] [graph] found dbg/2408cc1e3d/graphs/reseed.14133853472351839148.txt [0m
[92m[INFO] [stats] found dbg/2408cc1e3d/stats/reseed.14133853472351839148.txt [0m
[94m[DEBUG] [edit] proof path: dbg/2408cc1e3d/proofs/reseed.3522385369307293798.proof [0m
[94m[DEBUG] [edit] trace path: dbg/2408cc1e3d/traces/reseed.14133853472351839148 [0m
502f97696d1909b472f393b62e3ca7fe.pickle
[93m[WARN] [differ] qid constructor_accessor_axiom not found in dbg/2408cc1e3d/orig.smt2 [0m
[92m[INFO] [edit] [erase] prelude_fuel_defaults [0m
[92m[INFO] [edit] written to data/projs/timeout_2408cc1e3d/base.z3/eb64d913.smt2 [0m
[92m[INFO] [edit] [erase] internal_vstd!endian.impl&__0.len.?_definition [0m
[92m[INFO] [edit] written to data/projs/timeout_2408cc1e3d/base.z3/30006546.smt2 [0m
[92m[INFO] [edit] [erase] internal_vstd!endian.impl&__1.exp.?_definition [0m
[92m[INFO] [edit] written to data/projs/timeout_2408cc1e3d/base.z3/326434f6.smt2 [0m
[92m[INFO] [edit] [inst] prelude_unbox_box_int 1 instances [0m
[92m[INFO] [edit] [erase] prelude_unbox_box_int [0m
[92m[INFO] [edit] written to data/projs/timeout_2408cc1e3d/base.z3/e8794a44.smt2 [0m
[92m[INFO] [edit] [erase] internal_vstd!endian.BasePow2.bits.?_pre_post_definition [0m
[92m[INFO] [edit] written to data/projs/timeout_2408cc1e3d/base.z3/ba624b33.smt2 [0m
[92m[INFO] [edit] [erase] internal_vstd!endian.Base.base.?_pre_post_definition [0m
[92m[INFO] [edit] written to data/projs/timeout_2408cc1e3d/base.z3/cac08162.smt2 [0m
[92m[INFO] [edit] [erase] internal_vstd!endian.EndianNat./EndianNat/digits_accessor_definition [0m
[92m[INFO] [edit] written to data/projs/timeout_2408cc1e3d/base.z3/21dbc884.smt2 [0m
[92m[INFO] [edit] [erase] internal_vstd__seq__Seq<int.>_box_axiom_definition [0m
[92m[INFO] [edit] written to data/projs/timeout_2408cc1e3d/base.z3/115567d8.smt2 [0m
[92m[INFO] [edit] [inst] internal_vstd__endian__EndianNat_box_axiom_definition 1 instances [0m
[92m[INFO] [edit] [erase] internal_vstd__endian__EndianNat_box_axiom_definition [0m
[92m[INFO] [edit] written to data/projs/timeout_2408cc1e3d/base.z3/251b6ac6.smt2 [0m
[92m[INFO] [edit] [inst] internal_vstd__endian__EndianNat_has_type_always_definition 1 instances [0m
[92m[INFO] [edit] [erase] internal_vstd__endian__EndianNat_has_type_always_definition [0m
[92m[INFO] [edit] written to data/projs/timeout_2408cc1e3d/base.z3/3e43113d.smt2 [0m
Produced candidate smt2 files
[94m[DEBUG] created table timeout_2408cc1e3d_base_z3_z3_4_16_0_exp [0m
[92m[INFO] running 10 original queries [0m
[94m[DEBUG] running ALL of timeout_2408cc1e3d.base.z3 [0m
[94m[DEBUG] adding 10 tasks [0m
[92m[INFO] running 10 tasks [0m
[92m[INFO] there is 4 processors [0m
[94m[DEBUG] worker 1 finished in 120.04 seconds [0m
[94m[DEBUG] worker 2 finished in 120.06 seconds [0m
[94m[DEBUG] worker 3 finished in 180.04 seconds [0m
[94m[DEBUG] worker 0 finished in 180.05 seconds [0m
[92m[INFO] workers finished [0m
[92m[INFO] done post processing exp data [0m
selected 0 verified candidates to data/projs/timeout_2408cc1e3d.filtered/base.z3 with 0.000s vanilla verification budget
[92m[INFO] running 0 original queries [0m
[92m[INFO] running 0 tasks [0m
[92m[INFO] there is 7 processors [0m
[94m[DEBUG] created table timeout_2408cc1e3d_filtered_base_z3_z3_4_16_0_exp [0m
[94m[DEBUG] running ALL of timeout_2408cc1e3d.filtered.base.z3 [0m
[94m[DEBUG] adding 0 tasks [0m
[94m[DEBUG] worker 0 finished in 0.0 seconds [0m
[94m[DEBUG] worker 1 finished in 0.0 seconds [0m
[94m[DEBUG] worker 2 finished in 0.0 seconds [0m
[94m[DEBUG] worker 3 finished in 0.0 seconds [0m
[94m[DEBUG] worker 4 finished in 0.0 seconds [0m
[94m[DEBUG] worker 5 finished in 0.0 seconds [0m
[94m[DEBUG] worker 6 finished in 0.0 seconds [0m
[92m[INFO] workers finished [0m
[92m[INFO] done post processing exp data [0m
=== Overall Report ===

project dir:	data/projs/timeout_2408cc1e3d.filtered/base.z3
exper config:	filter
solver path:	bin/z3-4.16.0
analyzer:	default

| category   |   count | percentage   |
|------------|---------|--------------|
| total      |       0 | 100.00 %     |

=== Report End ===
Ran mariposa on filtered queries
[92m[INFO] removed 0 queries, 0 remaining [0m
Carved out unstable queries
Ran early-stop stability checks until a stable fix was found
Checking candidates by increasing vanilla verification time
Got list of fixes
No fixes were found :(

=== Caza external-call time (wall clock) ===
  120.13s  initial stability check
    0.05s  build debugger trace and proof
    0.31s  finding fixes
  180.09s  verify candidates
    0.00s  filter broken candidates
    0.58s  filter candidates experiment
    0.89s  carve unstable candidates
  302.05s  total

================================================================================
[71/73] Caza query finished 2026-08-25T17:56:33
exit status: 0
================================================================================

================================================================================
[72/73] Caza query started 2026-08-25T17:56:33
query: /home/youjia/mariposa/data/verita_bad/vstd__resource__impls__map.30.smt2
command: /usr/bin/python3 -u /home/youjia/mariposa/src/caza_wizard.py --set-seed 0x87654321 --early --fast-proof --sort time /home/youjia/mariposa/data/verita_bad/vstd__resource__impls__map.30.smt2
================================================================================
Parsing...
Checking whether the input query is already stable
[92m[INFO] removing gen/sproj_single_9852e9e50e [0m
[92m[INFO] using 60s solver timeout (capped by analyzer 60sec) [0m
[94m[DEBUG] created table single_9852e9e50e_base_z3_z3_4_16_0_exp [0m
[92m[INFO] running 1 original queries [0m
[94m[DEBUG] running ALL of single_9852e9e50e.base.z3 [0m
[94m[DEBUG] adding 181 tasks [0m
[92m[INFO] criteria: vanilla=unsat@0.087s; groups: shuffle=[unknown@0.071s, unsat@0.085s, unsat@0.084s, unsat@0.091s, unsat@0.110s, unsat@0.107s, unknown@0.073s, unsat@0.087s, unsat@0.085s, unsat@0.087s, unsat@0.088s, unsat@0.087s, unsat@0.098s, unknown@0.076s, unsat@0.085s, unsat@0.086s, unsat@0.085s, unsat@0.090s, unsat@0.087s, unsat@0.091s, unsat@0.087s, unsat@0.092s, unsat@0.089s, unsat@0.090s, unsat@0.087s, unsat@0.091s, unsat@0.099s, unsat@0.098s, unsat@0.088s, unknown@0.072s] (30 mutant result(s) pending); rename=[] (60 mutant result(s) pending); reseed=[] (60 mutant result(s) pending); possible final categories=[unstable] [0m
[92m[INFO] early decision: gen/sproj_single_9852e9e50e/vstd__resource__impls__map.30.smt2 -> not_stable; skipping 144 queued tasks [0m
=== stable (0) ===
Starting Cazamariposas
[92m[INFO] [init] loaded cached artifacts: traces=2, cores=0, proofs=4 [0m
[92m[INFO] [init] cached-proofs-only: skipping trace, core, and proof construction [0m
[92m[INFO] [init] dbg root: dbg/9852e9e50e/ [0m
[92m[INFO] [init] 9852e9e50e auto selected DbgMode.FAST_FAIL [0m
Found failure trace and proof object
[94m[DEBUG] [edit] proof path: dbg/9852e9e50e/proofs/reseed.153599279564730394.proof [0m
[94m[DEBUG] [edit] trace path: dbg/9852e9e50e/traces/shuffle.11649937724482683049 [0m
0e88e5cc07296ff95c766b2464e4187b.pickle
[93m[WARN] [differ] qid constructor_accessor_axiom not found in dbg/9852e9e50e/orig.smt2 [0m
[94m[DEBUG] [skolem] a$!skolem_user_vstd__set__Set__disjoint_48!0 -> skv_a14c48b83a643468_1 [0m
[92m[INFO] [edit] [skolem] internal_vstd!set.impl&__0.disjoint.?_definition creates 1 skolem funs, 1 asserts [0m
(assert (=> (fuel_bool fuel%vstd!set.impl&%0.disjoint.) (forall ((A&. Dcr) (A& Type) (self! Poly) (s2! Poly)) (! (= (vstd!set.impl&%0.disjoint.? A&. A& self! s2!) (forall ((a$ Poly)) (! (=> (has_type a$ A&) (=> (vstd!iset.ISet.contains.? A&. A& (vstd!set.impl&%0.to_iset.? A&. A& self!) a$) (not (vstd!iset.ISet.contains.? A&. A& (vstd!set.impl&%0.to_iset.? A&. A& s2!) a$)))) :pattern ((vstd!iset.ISet.contains.? A&. A& (vstd!set.impl&%0.to_iset.? A&. A& self!) a$)) :pattern ((vstd!iset.ISet.contains.? A&. A& (vstd!set.impl&%0.to_iset.? A&. A& s2!) a$)) :qid user_vstd__set__Set__disjoint_48 :skolemid skolem_user_vstd__set__Set__disjoint_48))) :pattern ((vstd!set.impl&%0.disjoint.? A&. A& self! s2!)) :qid internal_vstd!set.impl&__0.disjoint.?_definition :skolemid skolem_internal_vstd!set.impl&__0.disjoint.?_definition))))
[92m[INFO] [edit] [banish] internal_vstd!set.impl&__0.disjoint.?_definition [0m
[93m[WARN] failed to banish internal_vstd!set.impl&__0.disjoint.?_definition [0m
[92m[INFO] [edit] written to data/projs/fast_fail_9852e9e50e/base.z3/fe0c2d45.smt2 [0m
[92m[INFO] [edit] [inst] prelude_fuel_defaults 25 instances [0m
[92m[INFO] [edit] [erase] prelude_fuel_defaults [0m
[92m[INFO] [edit] written to data/projs/fast_fail_9852e9e50e/base.z3/8ab12f96.smt2 [0m
[92m[INFO] [edit] [inst] internal_crate__tuple__2_box_axiom_definition 9 instances [0m
[92m[INFO] [edit] written to data/projs/fast_fail_9852e9e50e/base.z3/ee63b332.smt2 [0m
[92m[INFO] [edit] [inst] internal_vstd__resource__impls__map__FracCarrier_box_axiom_definition 11 instances [0m
[92m[INFO] [edit] written to data/projs/fast_fail_9852e9e50e/base.z3/336a8407.smt2 [0m
[92m[INFO] [edit] [inst] internal_tuple__2./tuple__2/0_accessor_definition 8 instances [0m
[92m[INFO] [edit] written to data/projs/fast_fail_9852e9e50e/base.z3/a1260ce1.smt2 [0m
[93m[WARN] [edit] qid mariposa_qid_3 has no feasible actions [0m
[94m[DEBUG] [edit] 346a04cf failed [0m
[94m[DEBUG] [skolem] k$!skolem_user_vstd__map__Map__submap_of_49!1 -> skv_a14c48b83a643468_2 [0m
[92m[INFO] [edit] [skolem] internal_vstd!map_lib.impl&__0.submap_of.?_definition creates 1 skolem funs, 1 asserts [0m
(assert (=> (fuel_bool fuel%vstd!map_lib.impl&%0.submap_of.) (forall ((K&. Dcr) (K& Type) (V&. Dcr) (V& Type) (self! Poly) (m2! Poly)) (! (= (vstd!map_lib.impl&%0.submap_of.? K&. K& V&. V& self! m2!) (forall ((k$ Poly)) (! (=> (has_type k$ K&) (=> (vstd!iset.ISet.contains.? K&. K& (vstd!set.impl&%0.to_iset.? K&. K& (vstd!map.impl&%0.dom.? K&. K& V&. V& self!)) k$) (and (vstd!iset.ISet.contains.? K&. K& (vstd!set.impl&%0.to_iset.? K&. K& (vstd!map.impl&%0.dom.? K&. K& V&. V& m2!)) k$) (= (vstd!map.impl&%0.index.? K&. K& V&. V& self! k$) (vstd!map.impl&%0.index.? K&. K& V&. V& m2! k$))))) :pattern ((vstd!iset.ISet.contains.? K&. K& (vstd!set.impl&%0.to_iset.? K&. K& (vstd!map.impl&%0.dom.? K&. K& V&. V& self!)) k$) (vstd!iset.ISet.contains.? K&. K& (vstd!set.impl&%0.to_iset.? K&. K& (vstd!map.impl&%0.dom.? K&. K& V&. V& m2!)) k$)) :qid user_vstd__map__Map__submap_of_49 :skolemid skolem_user_vstd__map__Map__submap_of_49))) :pattern ((vstd!map_lib.impl&%0.submap_of.? K&. K& V&. V& self! m2!)) :qid internal_vstd!map_lib.impl&__0.submap_of.?_definition :skolemid skolem_internal_vstd!map_lib.impl&__0.submap_of.?_definition))))
[92m[INFO] [edit] [banish] internal_vstd!map_lib.impl&__0.submap_of.?_definition [0m
[93m[WARN] failed to banish internal_vstd!map_lib.impl&__0.submap_of.?_definition [0m
[92m[INFO] [edit] written to data/projs/fast_fail_9852e9e50e/base.z3/0ae743c9.smt2 [0m
[92m[INFO] [edit] [inst] internal_tuple__2./tuple__2/1_accessor_definition 7 instances [0m
[92m[INFO] [edit] written to data/projs/fast_fail_9852e9e50e/base.z3/7259d424.smt2 [0m
[93m[WARN] [edit] qid user_vstd__set__lemma_set_union_19 has no feasible actions [0m
[94m[DEBUG] [edit] 67e7f39d failed [0m
[92m[INFO] [edit] [inst] internal_vstd__resource__impls__map__AuthCarrier_box_axiom_definition 9 instances [0m
[92m[INFO] [edit] written to data/projs/fast_fail_9852e9e50e/base.z3/c974ef89.smt2 [0m
[93m[WARN] [edit] qid internal_vstd!map.impl&__0.index.?_pre_post_definition has no feasible actions [0m
[94m[DEBUG] [edit] 1d9381f8 failed [0m
[92m[INFO] [edit] [inst] internal_vstd!resource.impls.map.MapCarrier./MapCarrier/auth_accessor_definition 7 instances [0m
[92m[INFO] [edit] written to data/projs/fast_fail_9852e9e50e/base.z3/6f04eb38.smt2 [0m
[92m[INFO] [edit] [inst] internal_vstd!resource.impls.map.MapCarrier./MapCarrier/frac_accessor_definition 7 instances [0m
[92m[INFO] [edit] written to data/projs/fast_fail_9852e9e50e/base.z3/f97d62ea.smt2 [0m
Produced candidate smt2 files
[94m[DEBUG] created table fast_fail_9852e9e50e_base_z3_z3_4_16_0_exp [0m
[92m[INFO] running 10 original queries [0m
[94m[DEBUG] running ALL of fast_fail_9852e9e50e.base.z3 [0m
[94m[DEBUG] adding 10 tasks [0m
[92m[INFO] running 10 tasks [0m
[92m[INFO] there is 4 processors [0m
[94m[DEBUG] worker 2 finished in 0.19 seconds [0m
[94m[DEBUG] worker 3 finished in 0.2 seconds [0m
[94m[DEBUG] worker 1 finished in 0.24 seconds [0m
[94m[DEBUG] worker 0 finished in 0.28 seconds [0m
[92m[INFO] workers finished [0m
[92m[INFO] done post processing exp data [0m
verify candidate a1260ce1: 0.084s; rank=5; p=4; t=0.084
verify candidate 336a8407: 0.085s; rank=4; p=4; t=0.085
verify candidate fe0c2d45: 0.086s; rank=1; p=8; t=0.086
verify candidate ee63b332: 0.086s; rank=3; p=5; t=0.086
verify candidate 0ae743c9: 0.086s; rank=6; p=4; t=0.086
verify candidate 6f04eb38: 0.086s; rank=9; p=3; t=0.086
selected 6 verified candidates to data/projs/fast_fail_9852e9e50e.filtered/base.z3 with 0.513s vanilla verification budget
[92m[INFO] running 6 original queries [0m
[92m[INFO] running 60 tasks [0m
[92m[INFO] there is 7 processors [0m
[94m[DEBUG] created table fast_fail_9852e9e50e_filtered_base_z3_z3_4_16_0_exp [0m
[94m[DEBUG] running ALL of fast_fail_9852e9e50e.filtered.base.z3 [0m
[94m[DEBUG] adding 60 tasks [0m
[94m[DEBUG] worker 1 finished in 0.93 seconds [0m
[94m[DEBUG] worker 4 finished in 0.94 seconds [0m
[94m[DEBUG] worker 5 finished in 0.96 seconds [0m
[94m[DEBUG] worker 3 finished in 0.99 seconds [0m
[94m[DEBUG] worker 2 finished in 1.02 seconds [0m
[94m[DEBUG] worker 0 finished in 1.03 seconds [0m
[94m[DEBUG] worker 6 finished in 1.05 seconds [0m
[92m[INFO] workers finished [0m
[92m[INFO] done post processing exp data [0m
=== Overall Report ===

project dir:	data/projs/fast_fail_9852e9e50e.filtered/base.z3
exper config:	filter
solver path:	bin/z3-4.16.0
analyzer:	default

| category   |   count | percentage   |
|------------|---------|--------------|
| stable     |       5 | 83.33%       |
| unstable   |       1 | 16.67%       |
| total      |       6 | 100.00 %     |

=== Report End ===
Ran mariposa on filtered queries
[92m[INFO] carving out query 6f04eb38 [0m
Passed Mutants (8):
gen/fast_fail_9852e9e50e.filtered/base.z3/filter/6f04eb38.2068899392818443007.shuffle.smt2 - unsat - 0.09
gen/fast_fail_9852e9e50e.filtered/base.z3/filter/6f04eb38.15730908817337260747.reseed.smt2 - unsat - 0.09
gen/fast_fail_9852e9e50e.filtered/base.z3/filter/6f04eb38.8486439638031715283.reseed.smt2 - unsat - 0.09
gen/fast_fail_9852e9e50e.filtered/base.z3/filter/6f04eb38.6604883287868866137.rename.smt2 - unsat - 0.09
gen/fast_fail_9852e9e50e.filtered/base.z3/filter/6f04eb38.14659570201836819482.reseed.smt2 - unsat - 0.09
gen/fast_fail_9852e9e50e.filtered/base.z3/filter/6f04eb38.3853974701526013017.rename.smt2 - unsat - 0.09
data/projs/fast_fail_9852e9e50e.filtered/base.z3/6f04eb38.smt2 - unsat - 0.09
gen/fast_fail_9852e9e50e.filtered/base.z3/filter/6f04eb38.17930651659765920264.rename.smt2 - unsat - 0.09

Failed Mutants (2):
gen/fast_fail_9852e9e50e.filtered/base.z3/filter/6f04eb38.12995744086544200190.shuffle.smt2 - unknown - 0.07
gen/fast_fail_9852e9e50e.filtered/base.z3/filter/6f04eb38.18020678551258504412.shuffle.smt2 - unknown - 0.07
[92m[INFO] removed 1 queries, 5 remaining [0m
Carved out unstable queries
Ran early-stop stability checks until a stable fix was found
Checking candidates by increasing vanilla verification time
Checking candidate 1/5 for stability: data/projs/fast_fail_9852e9e50e.filtered/base.z3/a1260ce1.smt2
[92m[INFO] using 60s solver timeout (capped by analyzer 60sec) [0m
[94m[DEBUG] created table single_aaf6708490_base_z3_z3_4_16_0_exp [0m
[92m[INFO] running 1 original queries [0m
[94m[DEBUG] running ALL of single_aaf6708490.base.z3 [0m
[94m[DEBUG] adding 181 tasks [0m
=== stable (1) ===
query path: gen/sproj_single_aaf6708490/a1260ce1.smt2
Found a stable fix; stopping further stability checks
Got list of fixes
Found 1 fix(es):
    a1260ce1: inst_keep internal_tuple__2./tuple__2/0_accessor_definition -> data/projs/fast_fail_9852e9e50e/base.z3/a1260ce1.smt2

=== Caza external-call time (wall clock) ===
    0.73s  initial stability check
    0.05s  build debugger trace and proof
    0.60s  finding fixes
    0.33s  verify candidates
    0.00s  filter broken candidates
    1.69s  filter candidates experiment
    0.89s  carve unstable candidates
    3.29s  early stability check a1260ce1.smt2
    7.57s  total

================================================================================
[72/73] Caza query finished 2026-08-25T17:56:41
exit status: 0
================================================================================

================================================================================
[73/73] Caza query started 2026-08-25T17:56:41
query: /home/youjia/mariposa/data/verita_bad/vstd__resource__impls__seq.11.smt2
command: /usr/bin/python3 -u /home/youjia/mariposa/src/caza_wizard.py --set-seed 0x87654321 --early --fast-proof --sort time /home/youjia/mariposa/data/verita_bad/vstd__resource__impls__seq.11.smt2
================================================================================
Parsing...
Checking whether the input query is already stable
[92m[INFO] removing gen/sproj_single_287fba0511 [0m
[92m[INFO] using 60s solver timeout (capped by analyzer 60sec) [0m
[94m[DEBUG] created table single_287fba0511_base_z3_z3_4_16_0_exp [0m
[92m[INFO] running 1 original queries [0m
[94m[DEBUG] running ALL of single_287fba0511.base.z3 [0m
[94m[DEBUG] adding 181 tasks [0m
[92m[INFO] criteria: vanilla=unsat@0.031s; groups: shuffle=[unsat@0.027s, unsat@0.026s, unsat@0.027s, unsat@0.027s, unsat@0.027s, unsat@0.027s, unsat@0.027s, unsat@0.027s, unsat@0.025s, unsat@0.027s, unsat@0.026s, unsat@0.028s, unsat@0.026s, unsat@0.028s, unsat@0.027s, unsat@0.026s, unsat@0.029s, unsat@0.027s, unsat@0.028s, unsat@0.027s, unsat@0.027s, unsat@0.027s, unsat@0.026s, unsat@0.027s, unsat@0.029s, unsat@0.028s, unsat@0.027s, unsat@0.026s, unsat@0.025s, unsat@0.026s, unsat@0.026s, unsat@0.027s, unsat@0.028s, unsat@0.026s, unsat@0.026s, unsat@0.027s, unsat@0.028s, unsat@0.027s, unsat@0.026s, unsat@0.027s, unsat@0.027s, unsat@0.026s, unsat@0.028s, unsat@0.028s, unsat@0.027s, unsat@0.026s, unsat@0.027s, unsat@0.027s, unsat@0.027s, unsat@0.028s, unsat@0.028s, unsat@0.028s, unsat@0.027s, unsat@0.027s, unsat@0.027s, unsat@0.027s, unsat@0.027s, unsat@0.026s, unsat@0.026s, unsat@0.026s] (0 mutant result(s) pending); rename=[unsat@0.027s, unsat@0.029s, unsat@0.028s, unsat@0.029s, unsat@0.028s, unsat@0.030s, unsat@0.028s, unsat@0.028s, unsat@0.029s, unsat@0.028s, unsat@0.028s, unsat@0.027s, unsat@0.028s, unsat@0.028s, unsat@0.027s, unsat@0.028s, unsat@0.027s, unsat@0.028s, unsat@0.028s, unsat@0.027s, unsat@0.028s, unsat@0.028s, unsat@0.028s, unsat@0.030s, unsat@0.028s, unsat@0.026s, unsat@0.028s, unsat@0.027s, unsat@0.027s, unsat@0.029s, unsat@0.028s, unsat@0.029s, unsat@0.028s, unsat@0.028s, unsat@0.028s, unsat@0.027s, unsat@0.027s, unsat@0.027s, unsat@0.027s, unsat@0.029s, unsat@0.027s, unsat@0.028s, unsat@0.029s, unsat@0.028s, unsat@0.028s, unsat@0.027s, unsat@0.029s, unsat@0.026s, unsat@0.028s, unsat@0.029s, unsat@0.026s, unsat@0.030s, unsat@0.028s, unsat@0.027s, unsat@0.027s, unsat@0.027s, unsat@0.028s, unsat@0.026s, unsat@0.028s] (1 mutant result(s) pending); reseed=[unknown@0.029s, unknown@0.028s, unknown@0.029s, unknown@0.028s] (56 mutant result(s) pending); possible final categories=[unstable] [0m
[92m[INFO] early decision: gen/sproj_single_287fba0511/vstd__resource__impls__seq.11.smt2 -> not_stable; skipping 51 queued tasks [0m
=== stable (0) ===
Starting Cazamariposas
[92m[INFO] [init] loaded cached artifacts: traces=2, cores=4, proofs=4 [0m
[92m[INFO] [init] cached-proofs-only: skipping trace, core, and proof construction [0m
[92m[INFO] [init] dbg root: dbg/287fba0511/ [0m
[92m[INFO] [init] 287fba0511 auto selected DbgMode.FAST_FAIL [0m
Found failure trace and proof object
[94m[DEBUG] [edit] proof path: dbg/287fba0511/proofs/rename.191134073603777486.proof [0m
[94m[DEBUG] [edit] trace path: dbg/287fba0511/traces/reseed.14133853472351839148 [0m
b7216afb73b375768425d9ba635d8771.pickle
[93m[WARN] [differ] qid constructor_accessor_axiom not found in dbg/287fba0511/orig.smt2 [0m
[92m[INFO] [edit] [inst] prelude_fuel_defaults 9 instances [0m
[92m[INFO] [edit] [erase] prelude_fuel_defaults [0m
[92m[INFO] [edit] written to data/projs/fast_fail_287fba0511/base.z3/8ab12f96.smt2 [0m
[92m[INFO] [edit] [inst] prelude_unbox_box_int 2 instances [0m
[92m[INFO] [edit] written to data/projs/fast_fail_287fba0511/base.z3/7e1bcc27.smt2 [0m
[92m[INFO] [edit] [inst] prelude_has_type_int 1 instances [0m
[92m[INFO] [edit] written to data/projs/fast_fail_287fba0511/base.z3/11c97c25.smt2 [0m
[94m[DEBUG] [skolem] k$!skolem_user_vstd__imap__IMap__submap_of_36!0 -> skv_ce2ebf6715ed6c07_1 [0m
[92m[INFO] [edit] [skolem] internal_vstd!imap_lib.impl&__0.submap_of.?_definition creates 1 skolem funs, 1 asserts [0m
(assert (=> (fuel_bool fuel%vstd!imap_lib.impl&%0.submap_of.) (forall ((K&. Dcr) (K& Type) (V&. Dcr) (V& Type) (self! Poly) (m2! Poly)) (! (= (vstd!imap_lib.impl&%0.submap_of.? K&. K& V&. V& self! m2!) (forall ((k$ Poly)) (! (=> (has_type k$ K&) (=> (vstd!iset.ISet.contains.? K&. K& (vstd!imap.impl&%0.dom.? K&. K& V&. V& self!) k$) (and (vstd!iset.ISet.contains.? K&. K& (vstd!imap.impl&%0.dom.? K&. K& V&. V& m2!) k$) (= (vstd!imap.impl&%0.index.? K&. K& V&. V& self! k$) (vstd!imap.impl&%0.index.? K&. K& V&. V& m2! k$))))) :pattern ((vstd!iset.ISet.contains.? K&. K& (vstd!imap.impl&%0.dom.? K&. K& V&. V& self!) k$) (vstd!iset.ISet.contains.? K&. K& (vstd!imap.impl&%0.dom.? K&. K& V&. V& m2!) k$)) :qid user_vstd__imap__IMap__submap_of_36 :skolemid skolem_user_vstd__imap__IMap__submap_of_36))) :pattern ((vstd!imap_lib.impl&%0.submap_of.? K&. K& V&. V& self! m2!)) :qid internal_vstd!imap_lib.impl&__0.submap_of.?_definition :skolemid skolem_internal_vstd!imap_lib.impl&__0.submap_of.?_definition))))
[92m[INFO] [edit] [banish] internal_vstd!imap_lib.impl&__0.submap_of.?_definition [0m
[93m[WARN] failed to banish internal_vstd!imap_lib.impl&__0.submap_of.?_definition [0m
[92m[INFO] [edit] written to data/projs/fast_fail_287fba0511/base.z3/81445164.smt2 [0m
[92m[INFO] [edit] [inst] prelude_mk_fun 2 instances [0m
[92m[INFO] [edit] [erase] prelude_mk_fun [0m
[92m[INFO] [edit] written to data/projs/fast_fail_287fba0511/base.z3/8b310645.smt2 [0m
[93m[WARN] [edit] qid mariposa_qid_5 has no feasible actions [0m
[94m[DEBUG] [edit] 53da6753 failed [0m
[92m[INFO] [edit] [inst] mariposa_qid_3 1 instances [0m
[92m[INFO] [edit] written to data/projs/fast_fail_287fba0511/base.z3/722ee008.smt2 [0m
[94m[DEBUG] [skolem] T%0!skolem_internal_crate__fun__1_constructor_inner_definition!1 -> skv_ce2ebf6715ed6c07_2 [0m
[92m[INFO] [edit] [skolem] internal_crate__fun__1_constructor_definition creates 1 skolem funs, 1 asserts [0m
(assert (forall ((T%0&. Dcr) (T%0& Type) (T%1&. Dcr) (T%1& Type) (x %%Function%%)) (! (=> (forall ((T%0 Poly)) (! (=> (has_type T%0 T%0&) (has_type (%%apply%%0 x T%0) T%1&)) :pattern ((has_type (%%apply%%0 x T%0) T%1&)) :qid internal_crate__fun__1_constructor_inner_definition :skolemid skolem_internal_crate__fun__1_constructor_inner_definition)) (has_type (Poly%fun%1. (mk_fun x)) (TYPE%fun%1. T%0&. T%0& T%1&. T%1&))) :pattern ((has_type (Poly%fun%1. (mk_fun x)) (TYPE%fun%1. T%0&. T%0& T%1&. T%1&))) :qid internal_crate__fun__1_constructor_definition :skolemid skolem_internal_crate__fun__1_constructor_definition)))
[92m[INFO] [edit] [banish] internal_crate__fun__1_constructor_definition [0m
[93m[WARN] failed to banish internal_crate__fun__1_constructor_definition [0m
[92m[INFO] [edit] written to data/projs/fast_fail_287fba0511/base.z3/8405e12e.smt2 [0m
[94m[DEBUG] [skolem] a$!skolem_user_vstd__iset__lemma_iset_ext_equal_3!2 -> skv_ce2ebf6715ed6c07_3 [0m
[92m[INFO] [edit] [skolem] user_vstd__iset__lemma_iset_ext_equal_4 creates 1 skolem funs, 1 asserts [0m
(assert (=> (fuel_bool fuel%vstd!iset.lemma_iset_ext_equal.) (forall ((A&. Dcr) (A& Type) (s1! Poly) (s2! Poly)) (! (=> (and (has_type s1! (TYPE%vstd!iset.ISet. A&. A&)) (has_type s2! (TYPE%vstd!iset.ISet. A&. A&))) (=> (sized A&.) (= (ext_eq false (TYPE%vstd!iset.ISet. A&. A&) s1! s2!) (forall ((a$ Poly)) (! (=> (has_type a$ A&) (= (vstd!iset.ISet.contains.? A&. A& s1! a$) (vstd!iset.ISet.contains.? A&. A& s2! a$))) :pattern ((vstd!iset.ISet.contains.? A&. A& s1! a$)) :pattern ((vstd!iset.ISet.contains.? A&. A& s2! a$)) :qid user_vstd__iset__lemma_iset_ext_equal_3 :skolemid skolem_user_vstd__iset__lemma_iset_ext_equal_3))))) :pattern ((ext_eq false (TYPE%vstd!iset.ISet. A&. A&) s1! s2!)) :qid user_vstd__iset__lemma_iset_ext_equal_4 :skolemid skolem_user_vstd__iset__lemma_iset_ext_equal_4))))
[92m[INFO] [edit] [banish] user_vstd__iset__lemma_iset_ext_equal_4 [0m
[93m[WARN] failed to banish user_vstd__iset__lemma_iset_ext_equal_4 [0m
[92m[INFO] [edit] written to data/projs/fast_fail_287fba0511/base.z3/1dc60a68.smt2 [0m
[92m[INFO] [edit] [inst] internal_crate__fun__1_box_axiom_definition 2 instances [0m
[92m[INFO] [edit] [erase] internal_crate__fun__1_box_axiom_definition [0m
[92m[INFO] [edit] written to data/projs/fast_fail_287fba0511/base.z3/4c612f9b.smt2 [0m
[92m[INFO] [edit] [inst] prelude_add 2 instances [0m
[92m[INFO] [edit] [erase] prelude_add [0m
[92m[INFO] [edit] written to data/projs/fast_fail_287fba0511/base.z3/f6e0cf32.smt2 [0m
Produced candidate smt2 files
[94m[DEBUG] created table fast_fail_287fba0511_base_z3_z3_4_16_0_exp [0m
[92m[INFO] running 10 original queries [0m
[94m[DEBUG] running ALL of fast_fail_287fba0511.base.z3 [0m
[94m[DEBUG] adding 10 tasks [0m
[92m[INFO] running 10 tasks [0m
[92m[INFO] there is 4 processors [0m
[94m[DEBUG] worker 2 finished in 0.07 seconds [0m
[94m[DEBUG] worker 3 finished in 0.08 seconds [0m
[94m[DEBUG] worker 0 finished in 0.09 seconds [0m
[94m[DEBUG] worker 1 finished in 0.1 seconds [0m
[92m[INFO] workers finished [0m
[92m[INFO] done post processing exp data [0m
verify candidate 8405e12e: 0.025s; rank=7; p=4; t=0.025
verify candidate 11c97c25: 0.026s; rank=3; p=5; t=0.026
verify candidate 722ee008: 0.026s; rank=6; p=4; t=0.026
verify candidate 4c612f9b: 0.026s; rank=9; p=3; t=0.026
verify candidate 8ab12f96: 0.027s; rank=1; p=8; t=0.027
verify candidate 81445164: 0.028s; rank=4; p=4; t=0.028
verify candidate 8b310645: 0.028s; rank=5; p=4; t=0.028
verify candidate 1dc60a68: 0.028s; rank=8; p=3; t=0.028
selected 8 verified candidates to data/projs/fast_fail_287fba0511.filtered/base.z3 with 0.214s vanilla verification budget
[92m[INFO] running 8 original queries [0m
[92m[INFO] running 80 tasks [0m
[92m[INFO] there is 7 processors [0m
[94m[DEBUG] created table fast_fail_287fba0511_filtered_base_z3_z3_4_16_0_exp [0m
[94m[DEBUG] running ALL of fast_fail_287fba0511.filtered.base.z3 [0m
[94m[DEBUG] adding 80 tasks [0m
[94m[DEBUG] worker 1 finished in 0.63 seconds [0m
[94m[DEBUG] worker 3 finished in 0.64 seconds [0m
[94m[DEBUG] worker 0 finished in 0.65 seconds [0m
[94m[DEBUG] worker 2 finished in 0.66 seconds [0m
[94m[DEBUG] worker 4 finished in 0.66 seconds [0m
[94m[DEBUG] worker 5 finished in 0.67 seconds [0m
[94m[DEBUG] worker 6 finished in 0.68 seconds [0m
[92m[INFO] workers finished [0m
[92m[INFO] done post processing exp data [0m
=== Overall Report ===

project dir:	data/projs/fast_fail_287fba0511.filtered/base.z3
exper config:	filter
solver path:	bin/z3-4.16.0
analyzer:	default

| category   |   count | percentage   |
|------------|---------|--------------|
| stable     |       5 | 62.5%        |
| unstable   |       3 | 37.5%        |
| total      |       8 | 100.00 %     |

=== Report End ===
Ran mariposa on filtered queries
[92m[INFO] carving out query 1dc60a68 [0m
Passed Mutants (9):
gen/fast_fail_287fba0511.filtered/base.z3/filter/1dc60a68.8295424396664740654.reseed.smt2 - unsat - 0.03
gen/fast_fail_287fba0511.filtered/base.z3/filter/1dc60a68.4291016602805324329.shuffle.smt2 - unsat - 0.03
gen/fast_fail_287fba0511.filtered/base.z3/filter/1dc60a68.13166697318214125050.rename.smt2 - unsat - 0.03
gen/fast_fail_287fba0511.filtered/base.z3/filter/1dc60a68.15025068613879417521.shuffle.smt2 - unsat - 0.03
gen/fast_fail_287fba0511.filtered/base.z3/filter/1dc60a68.6679797880993708179.shuffle.smt2 - unsat - 0.03
gen/fast_fail_287fba0511.filtered/base.z3/filter/1dc60a68.3340253770711082158.reseed.smt2 - unsat - 0.03
data/projs/fast_fail_287fba0511.filtered/base.z3/1dc60a68.smt2 - unsat - 0.03
gen/fast_fail_287fba0511.filtered/base.z3/filter/1dc60a68.12852837208803934569.rename.smt2 - unsat - 0.03
gen/fast_fail_287fba0511.filtered/base.z3/filter/1dc60a68.8032876014383056539.rename.smt2 - unsat - 0.03

Failed Mutants (1):
gen/fast_fail_287fba0511.filtered/base.z3/filter/1dc60a68.10092800369031912660.reseed.smt2 - unknown - 0.03
[92m[INFO] carving out query 81445164 [0m
Passed Mutants (9):
gen/fast_fail_287fba0511.filtered/base.z3/filter/81445164.7744920906915128281.reseed.smt2 - unsat - 0.03
gen/fast_fail_287fba0511.filtered/base.z3/filter/81445164.15548785490907963866.shuffle.smt2 - unsat - 0.03
gen/fast_fail_287fba0511.filtered/base.z3/filter/81445164.5136460750857843689.rename.smt2 - unsat - 0.03
gen/fast_fail_287fba0511.filtered/base.z3/filter/81445164.6601871855108717301.rename.smt2 - unsat - 0.03
data/projs/fast_fail_287fba0511.filtered/base.z3/81445164.smt2 - unsat - 0.03
gen/fast_fail_287fba0511.filtered/base.z3/filter/81445164.5613187426052221728.reseed.smt2 - unsat - 0.03
gen/fast_fail_287fba0511.filtered/base.z3/filter/81445164.10567828997190268115.rename.smt2 - unsat - 0.03
gen/fast_fail_287fba0511.filtered/base.z3/filter/81445164.15468382172401498380.shuffle.smt2 - unsat - 0.03
gen/fast_fail_287fba0511.filtered/base.z3/filter/81445164.1162425306157483745.shuffle.smt2 - unsat - 0.03

Failed Mutants (1):
gen/fast_fail_287fba0511.filtered/base.z3/filter/81445164.11455421202736351326.reseed.smt2 - unknown - 0.03
[92m[INFO] carving out query 8405e12e [0m
Passed Mutants (8):
gen/fast_fail_287fba0511.filtered/base.z3/filter/8405e12e.11267427724520610826.rename.smt2 - unsat - 0.03
gen/fast_fail_287fba0511.filtered/base.z3/filter/8405e12e.12215523590417761792.rename.smt2 - unsat - 0.03
gen/fast_fail_287fba0511.filtered/base.z3/filter/8405e12e.6171218780581902206.reseed.smt2 - unsat - 0.03
gen/fast_fail_287fba0511.filtered/base.z3/filter/8405e12e.12775777541346287674.shuffle.smt2 - unsat - 0.03
data/projs/fast_fail_287fba0511.filtered/base.z3/8405e12e.smt2 - unsat - 0.03
gen/fast_fail_287fba0511.filtered/base.z3/filter/8405e12e.11564811542438044837.rename.smt2 - unsat - 0.03
gen/fast_fail_287fba0511.filtered/base.z3/filter/8405e12e.5714267361633011684.shuffle.smt2 - unsat - 0.03
gen/fast_fail_287fba0511.filtered/base.z3/filter/8405e12e.1830426240584517701.shuffle.smt2 - unsat - 0.03

Failed Mutants (2):
gen/fast_fail_287fba0511.filtered/base.z3/filter/8405e12e.17354760352411282410.reseed.smt2 - unknown - 0.03
gen/fast_fail_287fba0511.filtered/base.z3/filter/8405e12e.7574559680921239039.reseed.smt2 - unknown - 0.03
[92m[INFO] removed 3 queries, 5 remaining [0m
Carved out unstable queries
Ran early-stop stability checks until a stable fix was found
Checking candidates by increasing vanilla verification time
Checking candidate 1/5 for stability: data/projs/fast_fail_287fba0511.filtered/base.z3/11c97c25.smt2
[92m[INFO] removing gen/sproj_single_20cfa7982e [0m
[92m[INFO] using 60s solver timeout (capped by analyzer 60sec) [0m
[94m[DEBUG] created table single_20cfa7982e_base_z3_z3_4_16_0_exp [0m
[92m[INFO] running 1 original queries [0m
[94m[DEBUG] running ALL of single_20cfa7982e.base.z3 [0m
[94m[DEBUG] adding 181 tasks [0m
=== stable (1) ===
query path: gen/sproj_single_20cfa7982e/11c97c25.smt2
Found a stable fix; stopping further stability checks
Got list of fixes
Found 1 fix(es):
    11c97c25: inst_keep prelude_has_type_int -> data/projs/fast_fail_287fba0511/base.z3/11c97c25.smt2

=== Caza external-call time (wall clock) ===
    1.20s  initial stability check
    0.07s  build debugger trace and proof
    0.30s  finding fixes
    0.14s  verify candidates
    0.01s  filter broken candidates
    1.35s  filter candidates experiment
    0.88s  carve unstable candidates
    1.61s  early stability check 11c97c25.smt2
    5.56s  total

================================================================================
[73/73] Caza query finished 2026-08-25T17:56:47
exit status: 0
================================================================================

================================================================================
Caza batch finished 2026-08-25T17:56:47
completed: 73
failed: 2
failures:
  [1/73] exit status 1
    query: /home/youjia/mariposa/data/verita_bad/anvil__vdeployment_controller__proof__helper_invariants__proof.1.smt2
    command: /usr/bin/python3 -u /home/youjia/mariposa/src/caza_wizard.py --set-seed 0x87654321 --early --fast-proof --sort time /home/youjia/mariposa/data/verita_bad/anvil__vdeployment_controller__proof__helper_invariants__proof.1.smt2
  [42/73] exit status 1
    query: /home/youjia/mariposa/data/verita_bad/page-table__spec_t__os_invariant__next_step_preserves_inv_basic.smt2
    command: /usr/bin/python3 -u /home/youjia/mariposa/src/caza_wizard.py --set-seed 0x87654321 --early --fast-proof --sort time /home/youjia/mariposa/data/verita_bad/page-table__spec_t__os_invariant__next_step_preserves_inv_basic.smt2
================================================================================
